// Copyright (c) Royal Apps. All rights reserved.
// Licensed under the MIT license. See LICENSE file in the project root for details.
// <auto-generated />
// Unicode 18.0.0, Ghostty pinned uucode-0.2.0-ZZjBPuuFVgC8YZ8eld4fOKsZANLIhTFMzULQxhkLi1C7
// UCD © 2026 Unicode, Inc.; https://www.unicode.org/license.txt
// Input SHA-256: 282f1f6864553225e52530d49f6c475bee589d3e83424f3f92a6dd9833f27dca
namespace RoyalTerminal.Unicode;

internal static class Unicode18Data
{
    internal static ushort Get(uint codepoint) => codepoint <= 0x10FFFF
        ? Values[(Blocks[(int)(codepoint >> 8)] << 8) | (int)(codepoint & 255)] : (ushort)0;

    internal static bool IsEmojiPresentation(uint codepoint)
    {
        int low = 0, high = EmojiPresentationRanges.Length / 2 - 1;
        while (low <= high)
        {
            int mid = low + ((high - low) >> 1);
            if (codepoint < EmojiPresentationRanges[mid * 2]) high = mid - 1;
            else if (codepoint > EmojiPresentationRanges[mid * 2 + 1]) low = mid + 1;
            else return true;
        }
        return false;
    }

    private static readonly uint[] EmojiPresentationRanges =
    [
        0x231A, 0x231B, 0x23E9, 0x23EC, 0x23F0, 0x23F0, 0x23F3, 0x23F3, 0x25FD, 0x25FE, 0x2614, 0x2615, 0x2648, 0x2653, 0x267F, 0x267F,
        0x2693, 0x2693, 0x26A1, 0x26A1, 0x26AA, 0x26AB, 0x26BD, 0x26BE, 0x26C4, 0x26C5, 0x26CE, 0x26CE, 0x26D4, 0x26D4, 0x26EA, 0x26EA,
        0x26F2, 0x26F3, 0x26F5, 0x26F5, 0x26FA, 0x26FA, 0x26FD, 0x26FD, 0x2705, 0x2705, 0x270A, 0x270B, 0x2728, 0x2728, 0x274C, 0x274C,
        0x274E, 0x274E, 0x2753, 0x2755, 0x2757, 0x2757, 0x2795, 0x2797, 0x27B0, 0x27B0, 0x27BF, 0x27BF, 0x2B1B, 0x2B1C, 0x2B50, 0x2B50,
        0x2B55, 0x2B55, 0x1F004, 0x1F004, 0x1F0CF, 0x1F0CF, 0x1F18E, 0x1F18E, 0x1F191, 0x1F19A, 0x1F1E6, 0x1F1FF, 0x1F201, 0x1F201, 0x1F21A, 0x1F21A,
        0x1F22F, 0x1F22F, 0x1F232, 0x1F236, 0x1F238, 0x1F23A, 0x1F250, 0x1F251, 0x1F300, 0x1F320, 0x1F32D, 0x1F335, 0x1F337, 0x1F37C, 0x1F37E, 0x1F393,
        0x1F3A0, 0x1F3CA, 0x1F3CF, 0x1F3D3, 0x1F3E0, 0x1F3F0, 0x1F3F4, 0x1F3F4, 0x1F3F8, 0x1F43E, 0x1F440, 0x1F440, 0x1F442, 0x1F4FC, 0x1F4FF, 0x1F53D,
        0x1F54B, 0x1F54E, 0x1F550, 0x1F567, 0x1F57A, 0x1F57A, 0x1F595, 0x1F596, 0x1F5A4, 0x1F5A4, 0x1F5FB, 0x1F64F, 0x1F680, 0x1F6C5, 0x1F6CC, 0x1F6CC,
        0x1F6D0, 0x1F6D2, 0x1F6D5, 0x1F6D9, 0x1F6DC, 0x1F6DF, 0x1F6EB, 0x1F6EC, 0x1F6F4, 0x1F6FC, 0x1F7E0, 0x1F7EB, 0x1F7F0, 0x1F7F0, 0x1F90C, 0x1F93A,
        0x1F93C, 0x1F945, 0x1F947, 0x1F9FF, 0x1FA70, 0x1FA7C, 0x1FA80, 0x1FAC6, 0x1FAC8, 0x1FAC8, 0x1FACC, 0x1FADD, 0x1FADF, 0x1FAEB, 0x1FAEF, 0x1FAFA,
    ];

    private static readonly ushort[] Blocks =
    [
        0x0000, 0x0001, 0x0002, 0x0003, 0x0004, 0x0005, 0x0006, 0x0007, 0x0008, 0x0009, 0x000A, 0x000B, 0x000C, 0x000D, 0x000E, 0x000F,
        0x0010, 0x0011, 0x0012, 0x0013, 0x0012, 0x0012, 0x0012, 0x0014, 0x0015, 0x0016, 0x0017, 0x0018, 0x0019, 0x001A, 0x0012, 0x0012,
        0x001B, 0x001C, 0x001D, 0x001E, 0x001F, 0x0020, 0x0021, 0x0022, 0x0012, 0x0023, 0x0012, 0x0024, 0x0025, 0x0026, 0x0027, 0x0028,
        0x0029, 0x002A, 0x002B, 0x002C, 0x002C, 0x002C, 0x002C, 0x002C, 0x002C, 0x002C, 0x002C, 0x002C, 0x002C, 0x002C, 0x002C, 0x002C,
        0x002C, 0x002C, 0x002C, 0x002C, 0x002C, 0x002C, 0x002C, 0x002C, 0x002C, 0x002C, 0x002C, 0x002C, 0x002C, 0x002C, 0x002C, 0x002C,
        0x002C, 0x002C, 0x002C, 0x002C, 0x002C, 0x002C, 0x002C, 0x002C, 0x002C, 0x002C, 0x002C, 0x002C, 0x002C, 0x002C, 0x002C, 0x002C,
        0x002C, 0x002C, 0x002C, 0x002C, 0x002C, 0x002C, 0x002C, 0x002C, 0x002C, 0x002C, 0x002C, 0x002C, 0x002C, 0x002C, 0x002C, 0x002C,
        0x002C, 0x002C, 0x002C, 0x002C, 0x002C, 0x002C, 0x002C, 0x002C, 0x002C, 0x002C, 0x002C, 0x002C, 0x002C, 0x002C, 0x002C, 0x002C,
        0x002C, 0x002C, 0x002C, 0x002C, 0x002C, 0x002C, 0x002C, 0x002C, 0x002C, 0x002C, 0x002C, 0x002C, 0x002C, 0x002C, 0x002C, 0x002C,
        0x002C, 0x002C, 0x002C, 0x002C, 0x002C, 0x002C, 0x002C, 0x002C, 0x002C, 0x002C, 0x002C, 0x002C, 0x002C, 0x002C, 0x002C, 0x002C,
        0x002C, 0x002C, 0x002C, 0x002C, 0x002D, 0x0012, 0x002E, 0x0012, 0x002F, 0x0030, 0x0031, 0x0032, 0x0033, 0x0034, 0x0035, 0x0036,
        0x0037, 0x0038, 0x0039, 0x0033, 0x0034, 0x0035, 0x0036, 0x0037, 0x0038, 0x0039, 0x0033, 0x0034, 0x0035, 0x0036, 0x0037, 0x0038,
        0x0039, 0x0033, 0x0034, 0x0035, 0x0036, 0x0037, 0x0038, 0x0039, 0x0033, 0x0034, 0x0035, 0x0036, 0x0037, 0x0038, 0x0039, 0x0033,
        0x0034, 0x0035, 0x0036, 0x0037, 0x0038, 0x0039, 0x0033, 0x003A, 0x003B, 0x003B, 0x003B, 0x003B, 0x003B, 0x003B, 0x003B, 0x003B,
        0x003C, 0x003C, 0x003C, 0x003C, 0x003C, 0x003C, 0x003C, 0x003C, 0x003C, 0x003C, 0x003C, 0x003C, 0x003C, 0x003C, 0x003C, 0x003C,
        0x003C, 0x003C, 0x003C, 0x003C, 0x003C, 0x003C, 0x003C, 0x003C, 0x003C, 0x002C, 0x002C, 0x003D, 0x0012, 0x0012, 0x003E, 0x003F,
        0x0012, 0x0040, 0x0041, 0x0042, 0x0012, 0x0012, 0x0012, 0x0012, 0x0012, 0x0012, 0x0043, 0x0012, 0x0012, 0x0044, 0x0045, 0x0046,
        0x0047, 0x0048, 0x0049, 0x004A, 0x004B, 0x004C, 0x004D, 0x004E, 0x004F, 0x0050, 0x0051, 0x0052, 0x0053, 0x0054, 0x0055, 0x0056,
        0x0012, 0x0012, 0x0012, 0x0012, 0x0012, 0x0012, 0x0012, 0x0012, 0x0012, 0x0012, 0x0012, 0x0012, 0x0012, 0x0012, 0x0012, 0x0012,
        0x0012, 0x0012, 0x0012, 0x0012, 0x0057, 0x0012, 0x0012, 0x0012, 0x0012, 0x0012, 0x0012, 0x0012, 0x0012, 0x0012, 0x0012, 0x0012,
        0x0012, 0x0012, 0x0012, 0x0012, 0x0012, 0x0012, 0x0012, 0x0012, 0x0012, 0x0012, 0x0012, 0x0012, 0x0012, 0x0012, 0x0012, 0x0012,
        0x0012, 0x0012, 0x0012, 0x0012, 0x0012, 0x0012, 0x0012, 0x0012, 0x0012, 0x0012, 0x0012, 0x0012, 0x0012, 0x0012, 0x0012, 0x0012,
        0x0012, 0x0058, 0x0012, 0x0012, 0x0012, 0x0012, 0x0012, 0x0012, 0x0012, 0x0012, 0x0059, 0x005A, 0x0012, 0x005B, 0x0012, 0x005C,
        0x002C, 0x002C, 0x002C, 0x002C, 0x002C, 0x002C, 0x002C, 0x002C, 0x002C, 0x002C, 0x002C, 0x002C, 0x002C, 0x002C, 0x002C, 0x002C,
        0x002C, 0x002C, 0x002C, 0x002C, 0x002C, 0x002C, 0x002C, 0x002C, 0x002C, 0x002C, 0x002C, 0x002C, 0x005D, 0x005E, 0x002C, 0x002C,
        0x002C, 0x005F, 0x0012, 0x0012, 0x0012, 0x0012, 0x0012, 0x0012, 0x0012, 0x0012, 0x0012, 0x0012, 0x0012, 0x0012, 0x0012, 0x0012,
        0x0012, 0x0012, 0x0012, 0x0012, 0x0012, 0x0012, 0x0012, 0x0012, 0x0012, 0x0012, 0x0012, 0x0012, 0x0012, 0x0012, 0x0012, 0x0060,
        0x002C, 0x0061, 0x0062, 0x0012, 0x0012, 0x0012, 0x0012, 0x0012, 0x0012, 0x0012, 0x0012, 0x0012, 0x0063, 0x0012, 0x0012, 0x0012,
        0x0012, 0x0012, 0x0012, 0x0012, 0x0012, 0x0012, 0x0012, 0x0012, 0x0012, 0x0012, 0x0012, 0x0012, 0x0012, 0x0012, 0x0012, 0x0064,
        0x0012, 0x0065, 0x0066, 0x0067, 0x0012, 0x0012, 0x0012, 0x0012, 0x0012, 0x0012, 0x0068, 0x0012, 0x0012, 0x0012, 0x0012, 0x0012,
        0x0069, 0x005A, 0x006A, 0x0012, 0x006B, 0x006C, 0x006D, 0x0012, 0x006E, 0x006F, 0x0012, 0x0012, 0x0012, 0x0012, 0x0012, 0x0012,
        0x0070, 0x0071, 0x0072, 0x0073, 0x0074, 0x0075, 0x0076, 0x0077, 0x0078, 0x0079, 0x007A, 0x0012, 0x007B, 0x007B, 0x007B, 0x007C,
        0x002C, 0x002C, 0x002C, 0x002C, 0x002C, 0x002C, 0x002C, 0x002C, 0x002C, 0x002C, 0x002C, 0x002C, 0x002C, 0x002C, 0x002C, 0x002C,
        0x002C, 0x002C, 0x002C, 0x002C, 0x002C, 0x002C, 0x002C, 0x002C, 0x002C, 0x002C, 0x002C, 0x002C, 0x002C, 0x002C, 0x002C, 0x002C,
        0x002C, 0x002C, 0x002C, 0x002C, 0x002C, 0x002C, 0x002C, 0x002C, 0x002C, 0x002C, 0x002C, 0x002C, 0x002C, 0x002C, 0x002C, 0x002C,
        0x002C, 0x002C, 0x002C, 0x002C, 0x002C, 0x002C, 0x002C, 0x002C, 0x002C, 0x002C, 0x002C, 0x002C, 0x002C, 0x002C, 0x002C, 0x002C,
        0x002C, 0x002C, 0x002C, 0x002C, 0x002C, 0x002C, 0x002C, 0x002C, 0x002C, 0x002C, 0x002C, 0x002C, 0x002C, 0x002C, 0x002C, 0x002C,
        0x002C, 0x002C, 0x002C, 0x002C, 0x002C, 0x002C, 0x002C, 0x002C, 0x002C, 0x002C, 0x002C, 0x002C, 0x002C, 0x002C, 0x002C, 0x002C,
        0x002C, 0x002C, 0x002C, 0x002C, 0x002C, 0x002C, 0x002C, 0x002C, 0x002C, 0x002C, 0x002C, 0x002C, 0x002C, 0x002C, 0x002C, 0x002C,
        0x002C, 0x002C, 0x002C, 0x002C, 0x002C, 0x002C, 0x002C, 0x002C, 0x002C, 0x002C, 0x002C, 0x002C, 0x002C, 0x002C, 0x002C, 0x002C,
        0x002C, 0x002C, 0x002C, 0x002C, 0x002C, 0x002C, 0x002C, 0x002C, 0x002C, 0x002C, 0x002C, 0x002C, 0x002C, 0x002C, 0x002C, 0x002C,
        0x002C, 0x002C, 0x002C, 0x002C, 0x002C, 0x002C, 0x002C, 0x002C, 0x002C, 0x002C, 0x002C, 0x002C, 0x002C, 0x002C, 0x002C, 0x002C,
        0x002C, 0x002C, 0x002C, 0x002C, 0x002C, 0x002C, 0x002C, 0x002C, 0x002C, 0x002C, 0x002C, 0x002C, 0x002C, 0x002C, 0x002C, 0x002C,
        0x002C, 0x002C, 0x002C, 0x002C, 0x002C, 0x002C, 0x002C, 0x002C, 0x002C, 0x002C, 0x002C, 0x002C, 0x002C, 0x002C, 0x002C, 0x002C,
        0x002C, 0x002C, 0x002C, 0x002C, 0x002C, 0x002C, 0x002C, 0x002C, 0x002C, 0x002C, 0x002C, 0x002C, 0x002C, 0x002C, 0x002C, 0x002C,
        0x002C, 0x002C, 0x002C, 0x002C, 0x002C, 0x002C, 0x002C, 0x002C, 0x002C, 0x002C, 0x002C, 0x002C, 0x002C, 0x002C, 0x002C, 0x002C,
        0x002C, 0x002C, 0x002C, 0x002C, 0x002C, 0x002C, 0x002C, 0x002C, 0x002C, 0x002C, 0x002C, 0x002C, 0x002C, 0x002C, 0x002C, 0x002C,
        0x002C, 0x002C, 0x002C, 0x002C, 0x002C, 0x002C, 0x002C, 0x002C, 0x002C, 0x002C, 0x002C, 0x002C, 0x002C, 0x002C, 0x002C, 0x007D,
        0x002C, 0x002C, 0x002C, 0x002C, 0x002C, 0x002C, 0x002C, 0x002C, 0x002C, 0x002C, 0x002C, 0x002C, 0x002C, 0x002C, 0x002C, 0x002C,
        0x002C, 0x002C, 0x002C, 0x002C, 0x002C, 0x002C, 0x002C, 0x002C, 0x002C, 0x002C, 0x002C, 0x002C, 0x002C, 0x002C, 0x002C, 0x002C,
        0x002C, 0x002C, 0x002C, 0x002C, 0x002C, 0x002C, 0x002C, 0x002C, 0x002C, 0x002C, 0x002C, 0x002C, 0x002C, 0x002C, 0x002C, 0x002C,
        0x002C, 0x002C, 0x002C, 0x002C, 0x002C, 0x002C, 0x002C, 0x002C, 0x002C, 0x002C, 0x002C, 0x002C, 0x002C, 0x002C, 0x002C, 0x002C,
        0x002C, 0x002C, 0x002C, 0x002C, 0x002C, 0x002C, 0x002C, 0x002C, 0x002C, 0x002C, 0x002C, 0x002C, 0x002C, 0x002C, 0x002C, 0x002C,
        0x002C, 0x002C, 0x002C, 0x002C, 0x002C, 0x002C, 0x002C, 0x002C, 0x002C, 0x002C, 0x002C, 0x002C, 0x002C, 0x002C, 0x002C, 0x002C,
        0x002C, 0x002C, 0x002C, 0x002C, 0x002C, 0x002C, 0x002C, 0x002C, 0x002C, 0x002C, 0x002C, 0x002C, 0x002C, 0x002C, 0x002C, 0x002C,
        0x002C, 0x002C, 0x002C, 0x002C, 0x002C, 0x002C, 0x002C, 0x002C, 0x002C, 0x002C, 0x002C, 0x002C, 0x002C, 0x002C, 0x002C, 0x002C,
        0x002C, 0x002C, 0x002C, 0x002C, 0x002C, 0x002C, 0x002C, 0x002C, 0x002C, 0x002C, 0x002C, 0x002C, 0x002C, 0x002C, 0x002C, 0x002C,
        0x002C, 0x002C, 0x002C, 0x002C, 0x002C, 0x002C, 0x002C, 0x002C, 0x002C, 0x002C, 0x002C, 0x002C, 0x002C, 0x002C, 0x002C, 0x002C,
        0x002C, 0x002C, 0x002C, 0x002C, 0x002C, 0x002C, 0x002C, 0x002C, 0x002C, 0x002C, 0x002C, 0x002C, 0x002C, 0x002C, 0x002C, 0x002C,
        0x002C, 0x002C, 0x002C, 0x002C, 0x002C, 0x002C, 0x002C, 0x002C, 0x002C, 0x002C, 0x002C, 0x002C, 0x002C, 0x002C, 0x002C, 0x002C,
        0x002C, 0x002C, 0x002C, 0x002C, 0x002C, 0x002C, 0x002C, 0x002C, 0x002C, 0x002C, 0x002C, 0x002C, 0x002C, 0x002C, 0x002C, 0x002C,
        0x002C, 0x002C, 0x002C, 0x002C, 0x002C, 0x002C, 0x002C, 0x002C, 0x002C, 0x002C, 0x002C, 0x002C, 0x002C, 0x002C, 0x002C, 0x002C,
        0x002C, 0x002C, 0x002C, 0x002C, 0x002C, 0x002C, 0x002C, 0x002C, 0x002C, 0x002C, 0x002C, 0x002C, 0x002C, 0x002C, 0x002C, 0x002C,
        0x002C, 0x002C, 0x002C, 0x002C, 0x002C, 0x002C, 0x002C, 0x002C, 0x002C, 0x002C, 0x002C, 0x002C, 0x002C, 0x002C, 0x002C, 0x007D,
        0x0012, 0x0012, 0x0012, 0x0012, 0x0012, 0x0012, 0x0012, 0x0012, 0x0012, 0x0012, 0x0012, 0x0012, 0x0012, 0x0012, 0x0012, 0x0012,
        0x0012, 0x0012, 0x0012, 0x0012, 0x0012, 0x0012, 0x0012, 0x0012, 0x0012, 0x0012, 0x0012, 0x0012, 0x0012, 0x0012, 0x0012, 0x0012,
        0x0012, 0x0012, 0x0012, 0x0012, 0x0012, 0x0012, 0x0012, 0x0012, 0x0012, 0x0012, 0x0012, 0x0012, 0x0012, 0x0012, 0x0012, 0x0012,
        0x0012, 0x0012, 0x0012, 0x0012, 0x0012, 0x0012, 0x0012, 0x0012, 0x0012, 0x0012, 0x0012, 0x0012, 0x0012, 0x0012, 0x0012, 0x0012,
        0x0012, 0x0012, 0x0012, 0x0012, 0x0012, 0x0012, 0x0012, 0x0012, 0x0012, 0x0012, 0x0012, 0x0012, 0x0012, 0x0012, 0x0012, 0x0012,
        0x0012, 0x0012, 0x0012, 0x0012, 0x0012, 0x0012, 0x0012, 0x0012, 0x0012, 0x0012, 0x0012, 0x0012, 0x0012, 0x0012, 0x0012, 0x0012,
        0x0012, 0x0012, 0x0012, 0x0012, 0x0012, 0x0012, 0x0012, 0x0012, 0x0012, 0x0012, 0x0012, 0x0012, 0x0012, 0x0012, 0x0012, 0x0012,
        0x0012, 0x0012, 0x0012, 0x0012, 0x0012, 0x0012, 0x0012, 0x0012, 0x0012, 0x0012, 0x0012, 0x0012, 0x0012, 0x0012, 0x0012, 0x0012,
        0x0012, 0x0012, 0x0012, 0x0012, 0x0012, 0x0012, 0x0012, 0x0012, 0x0012, 0x0012, 0x0012, 0x0012, 0x0012, 0x0012, 0x0012, 0x0012,
        0x0012, 0x0012, 0x0012, 0x0012, 0x0012, 0x0012, 0x0012, 0x0012, 0x0012, 0x0012, 0x0012, 0x0012, 0x0012, 0x0012, 0x0012, 0x0012,
        0x0012, 0x0012, 0x0012, 0x0012, 0x0012, 0x0012, 0x0012, 0x0012, 0x0012, 0x0012, 0x0012, 0x0012, 0x0012, 0x0012, 0x0012, 0x0012,
        0x0012, 0x0012, 0x0012, 0x0012, 0x0012, 0x0012, 0x0012, 0x0012, 0x0012, 0x0012, 0x0012, 0x0012, 0x0012, 0x0012, 0x0012, 0x0012,
        0x0012, 0x0012, 0x0012, 0x0012, 0x0012, 0x0012, 0x0012, 0x0012, 0x0012, 0x0012, 0x0012, 0x0012, 0x0012, 0x0012, 0x0012, 0x0012,
        0x0012, 0x0012, 0x0012, 0x0012, 0x0012, 0x0012, 0x0012, 0x0012, 0x0012, 0x0012, 0x0012, 0x0012, 0x0012, 0x0012, 0x0012, 0x0012,
        0x0012, 0x0012, 0x0012, 0x0012, 0x0012, 0x0012, 0x0012, 0x0012, 0x0012, 0x0012, 0x0012, 0x0012, 0x0012, 0x0012, 0x0012, 0x0012,
        0x0012, 0x0012, 0x0012, 0x0012, 0x0012, 0x0012, 0x0012, 0x0012, 0x0012, 0x0012, 0x0012, 0x0012, 0x0012, 0x0012, 0x0012, 0x0012,
        0x0012, 0x0012, 0x0012, 0x0012, 0x0012, 0x0012, 0x0012, 0x0012, 0x0012, 0x0012, 0x0012, 0x0012, 0x0012, 0x0012, 0x0012, 0x0012,
        0x0012, 0x0012, 0x0012, 0x0012, 0x0012, 0x0012, 0x0012, 0x0012, 0x0012, 0x0012, 0x0012, 0x0012, 0x0012, 0x0012, 0x0012, 0x0012,
        0x0012, 0x0012, 0x0012, 0x0012, 0x0012, 0x0012, 0x0012, 0x0012, 0x0012, 0x0012, 0x0012, 0x0012, 0x0012, 0x0012, 0x0012, 0x0012,
        0x0012, 0x0012, 0x0012, 0x0012, 0x0012, 0x0012, 0x0012, 0x0012, 0x0012, 0x0012, 0x0012, 0x0012, 0x0012, 0x0012, 0x0012, 0x0012,
        0x0012, 0x0012, 0x0012, 0x0012, 0x0012, 0x0012, 0x0012, 0x0012, 0x0012, 0x0012, 0x0012, 0x0012, 0x0012, 0x0012, 0x0012, 0x0012,
        0x0012, 0x0012, 0x0012, 0x0012, 0x0012, 0x0012, 0x0012, 0x0012, 0x0012, 0x0012, 0x0012, 0x0012, 0x0012, 0x0012, 0x0012, 0x0012,
        0x0012, 0x0012, 0x0012, 0x0012, 0x0012, 0x0012, 0x0012, 0x0012, 0x0012, 0x0012, 0x0012, 0x0012, 0x0012, 0x0012, 0x0012, 0x0012,
        0x0012, 0x0012, 0x0012, 0x0012, 0x0012, 0x0012, 0x0012, 0x0012, 0x0012, 0x0012, 0x0012, 0x0012, 0x0012, 0x0012, 0x0012, 0x0012,
        0x0012, 0x0012, 0x0012, 0x0012, 0x0012, 0x0012, 0x0012, 0x0012, 0x0012, 0x0012, 0x0012, 0x0012, 0x0012, 0x0012, 0x0012, 0x0012,
        0x0012, 0x0012, 0x0012, 0x0012, 0x0012, 0x0012, 0x0012, 0x0012, 0x0012, 0x0012, 0x0012, 0x0012, 0x0012, 0x0012, 0x0012, 0x0012,
        0x0012, 0x0012, 0x0012, 0x0012, 0x0012, 0x0012, 0x0012, 0x0012, 0x0012, 0x0012, 0x0012, 0x0012, 0x0012, 0x0012, 0x0012, 0x0012,
        0x0012, 0x0012, 0x0012, 0x0012, 0x0012, 0x0012, 0x0012, 0x0012, 0x0012, 0x0012, 0x0012, 0x0012, 0x0012, 0x0012, 0x0012, 0x0012,
        0x0012, 0x0012, 0x0012, 0x0012, 0x0012, 0x0012, 0x0012, 0x0012, 0x0012, 0x0012, 0x0012, 0x0012, 0x0012, 0x0012, 0x0012, 0x0012,
        0x0012, 0x0012, 0x0012, 0x0012, 0x0012, 0x0012, 0x0012, 0x0012, 0x0012, 0x0012, 0x0012, 0x0012, 0x0012, 0x0012, 0x0012, 0x0012,
        0x0012, 0x0012, 0x0012, 0x0012, 0x0012, 0x0012, 0x0012, 0x0012, 0x0012, 0x0012, 0x0012, 0x0012, 0x0012, 0x0012, 0x0012, 0x0012,
        0x0012, 0x0012, 0x0012, 0x0012, 0x0012, 0x0012, 0x0012, 0x0012, 0x0012, 0x0012, 0x0012, 0x0012, 0x0012, 0x0012, 0x0012, 0x0012,
        0x0012, 0x0012, 0x0012, 0x0012, 0x0012, 0x0012, 0x0012, 0x0012, 0x0012, 0x0012, 0x0012, 0x0012, 0x0012, 0x0012, 0x0012, 0x0012,
        0x0012, 0x0012, 0x0012, 0x0012, 0x0012, 0x0012, 0x0012, 0x0012, 0x0012, 0x0012, 0x0012, 0x0012, 0x0012, 0x0012, 0x0012, 0x0012,
        0x0012, 0x0012, 0x0012, 0x0012, 0x0012, 0x0012, 0x0012, 0x0012, 0x0012, 0x0012, 0x0012, 0x0012, 0x0012, 0x0012, 0x0012, 0x0012,
        0x0012, 0x0012, 0x0012, 0x0012, 0x0012, 0x0012, 0x0012, 0x0012, 0x0012, 0x0012, 0x0012, 0x0012, 0x0012, 0x0012, 0x0012, 0x0012,
        0x0012, 0x0012, 0x0012, 0x0012, 0x0012, 0x0012, 0x0012, 0x0012, 0x0012, 0x0012, 0x0012, 0x0012, 0x0012, 0x0012, 0x0012, 0x0012,
        0x0012, 0x0012, 0x0012, 0x0012, 0x0012, 0x0012, 0x0012, 0x0012, 0x0012, 0x0012, 0x0012, 0x0012, 0x0012, 0x0012, 0x0012, 0x0012,
        0x0012, 0x0012, 0x0012, 0x0012, 0x0012, 0x0012, 0x0012, 0x0012, 0x0012, 0x0012, 0x0012, 0x0012, 0x0012, 0x0012, 0x0012, 0x0012,
        0x0012, 0x0012, 0x0012, 0x0012, 0x0012, 0x0012, 0x0012, 0x0012, 0x0012, 0x0012, 0x0012, 0x0012, 0x0012, 0x0012, 0x0012, 0x0012,
        0x0012, 0x0012, 0x0012, 0x0012, 0x0012, 0x0012, 0x0012, 0x0012, 0x0012, 0x0012, 0x0012, 0x0012, 0x0012, 0x0012, 0x0012, 0x0012,
        0x0012, 0x0012, 0x0012, 0x0012, 0x0012, 0x0012, 0x0012, 0x0012, 0x0012, 0x0012, 0x0012, 0x0012, 0x0012, 0x0012, 0x0012, 0x0012,
        0x0012, 0x0012, 0x0012, 0x0012, 0x0012, 0x0012, 0x0012, 0x0012, 0x0012, 0x0012, 0x0012, 0x0012, 0x0012, 0x0012, 0x0012, 0x0012,
        0x0012, 0x0012, 0x0012, 0x0012, 0x0012, 0x0012, 0x0012, 0x0012, 0x0012, 0x0012, 0x0012, 0x0012, 0x0012, 0x0012, 0x0012, 0x0012,
        0x0012, 0x0012, 0x0012, 0x0012, 0x0012, 0x0012, 0x0012, 0x0012, 0x0012, 0x0012, 0x0012, 0x0012, 0x0012, 0x0012, 0x0012, 0x0012,
        0x0012, 0x0012, 0x0012, 0x0012, 0x0012, 0x0012, 0x0012, 0x0012, 0x0012, 0x0012, 0x0012, 0x0012, 0x0012, 0x0012, 0x0012, 0x0012,
        0x0012, 0x0012, 0x0012, 0x0012, 0x0012, 0x0012, 0x0012, 0x0012, 0x0012, 0x0012, 0x0012, 0x0012, 0x0012, 0x0012, 0x0012, 0x0012,
        0x0012, 0x0012, 0x0012, 0x0012, 0x0012, 0x0012, 0x0012, 0x0012, 0x0012, 0x0012, 0x0012, 0x0012, 0x0012, 0x0012, 0x0012, 0x0012,
        0x0012, 0x0012, 0x0012, 0x0012, 0x0012, 0x0012, 0x0012, 0x0012, 0x0012, 0x0012, 0x0012, 0x0012, 0x0012, 0x0012, 0x0012, 0x0012,
        0x0012, 0x0012, 0x0012, 0x0012, 0x0012, 0x0012, 0x0012, 0x0012, 0x0012, 0x0012, 0x0012, 0x0012, 0x0012, 0x0012, 0x0012, 0x0012,
        0x0012, 0x0012, 0x0012, 0x0012, 0x0012, 0x0012, 0x0012, 0x0012, 0x0012, 0x0012, 0x0012, 0x0012, 0x0012, 0x0012, 0x0012, 0x0012,
        0x0012, 0x0012, 0x0012, 0x0012, 0x0012, 0x0012, 0x0012, 0x0012, 0x0012, 0x0012, 0x0012, 0x0012, 0x0012, 0x0012, 0x0012, 0x0012,
        0x0012, 0x0012, 0x0012, 0x0012, 0x0012, 0x0012, 0x0012, 0x0012, 0x0012, 0x0012, 0x0012, 0x0012, 0x0012, 0x0012, 0x0012, 0x0012,
        0x0012, 0x0012, 0x0012, 0x0012, 0x0012, 0x0012, 0x0012, 0x0012, 0x0012, 0x0012, 0x0012, 0x0012, 0x0012, 0x0012, 0x0012, 0x0012,
        0x0012, 0x0012, 0x0012, 0x0012, 0x0012, 0x0012, 0x0012, 0x0012, 0x0012, 0x0012, 0x0012, 0x0012, 0x0012, 0x0012, 0x0012, 0x0012,
        0x0012, 0x0012, 0x0012, 0x0012, 0x0012, 0x0012, 0x0012, 0x0012, 0x0012, 0x0012, 0x0012, 0x0012, 0x0012, 0x0012, 0x0012, 0x0012,
        0x0012, 0x0012, 0x0012, 0x0012, 0x0012, 0x0012, 0x0012, 0x0012, 0x0012, 0x0012, 0x0012, 0x0012, 0x0012, 0x0012, 0x0012, 0x0012,
        0x0012, 0x0012, 0x0012, 0x0012, 0x0012, 0x0012, 0x0012, 0x0012, 0x0012, 0x0012, 0x0012, 0x0012, 0x0012, 0x0012, 0x0012, 0x0012,
        0x0012, 0x0012, 0x0012, 0x0012, 0x0012, 0x0012, 0x0012, 0x0012, 0x0012, 0x0012, 0x0012, 0x0012, 0x0012, 0x0012, 0x0012, 0x0012,
        0x0012, 0x0012, 0x0012, 0x0012, 0x0012, 0x0012, 0x0012, 0x0012, 0x0012, 0x0012, 0x0012, 0x0012, 0x0012, 0x0012, 0x0012, 0x0012,
        0x0012, 0x0012, 0x0012, 0x0012, 0x0012, 0x0012, 0x0012, 0x0012, 0x0012, 0x0012, 0x0012, 0x0012, 0x0012, 0x0012, 0x0012, 0x0012,
        0x0012, 0x0012, 0x0012, 0x0012, 0x0012, 0x0012, 0x0012, 0x0012, 0x0012, 0x0012, 0x0012, 0x0012, 0x0012, 0x0012, 0x0012, 0x0012,
        0x0012, 0x0012, 0x0012, 0x0012, 0x0012, 0x0012, 0x0012, 0x0012, 0x0012, 0x0012, 0x0012, 0x0012, 0x0012, 0x0012, 0x0012, 0x0012,
        0x0012, 0x0012, 0x0012, 0x0012, 0x0012, 0x0012, 0x0012, 0x0012, 0x0012, 0x0012, 0x0012, 0x0012, 0x0012, 0x0012, 0x0012, 0x0012,
        0x0012, 0x0012, 0x0012, 0x0012, 0x0012, 0x0012, 0x0012, 0x0012, 0x0012, 0x0012, 0x0012, 0x0012, 0x0012, 0x0012, 0x0012, 0x0012,
        0x0012, 0x0012, 0x0012, 0x0012, 0x0012, 0x0012, 0x0012, 0x0012, 0x0012, 0x0012, 0x0012, 0x0012, 0x0012, 0x0012, 0x0012, 0x0012,
        0x0012, 0x0012, 0x0012, 0x0012, 0x0012, 0x0012, 0x0012, 0x0012, 0x0012, 0x0012, 0x0012, 0x0012, 0x0012, 0x0012, 0x0012, 0x0012,
        0x0012, 0x0012, 0x0012, 0x0012, 0x0012, 0x0012, 0x0012, 0x0012, 0x0012, 0x0012, 0x0012, 0x0012, 0x0012, 0x0012, 0x0012, 0x0012,
        0x0012, 0x0012, 0x0012, 0x0012, 0x0012, 0x0012, 0x0012, 0x0012, 0x0012, 0x0012, 0x0012, 0x0012, 0x0012, 0x0012, 0x0012, 0x0012,
        0x0012, 0x0012, 0x0012, 0x0012, 0x0012, 0x0012, 0x0012, 0x0012, 0x0012, 0x0012, 0x0012, 0x0012, 0x0012, 0x0012, 0x0012, 0x0012,
        0x0012, 0x0012, 0x0012, 0x0012, 0x0012, 0x0012, 0x0012, 0x0012, 0x0012, 0x0012, 0x0012, 0x0012, 0x0012, 0x0012, 0x0012, 0x0012,
        0x0012, 0x0012, 0x0012, 0x0012, 0x0012, 0x0012, 0x0012, 0x0012, 0x0012, 0x0012, 0x0012, 0x0012, 0x0012, 0x0012, 0x0012, 0x0012,
        0x0012, 0x0012, 0x0012, 0x0012, 0x0012, 0x0012, 0x0012, 0x0012, 0x0012, 0x0012, 0x0012, 0x0012, 0x0012, 0x0012, 0x0012, 0x0012,
        0x0012, 0x0012, 0x0012, 0x0012, 0x0012, 0x0012, 0x0012, 0x0012, 0x0012, 0x0012, 0x0012, 0x0012, 0x0012, 0x0012, 0x0012, 0x0012,
        0x0012, 0x0012, 0x0012, 0x0012, 0x0012, 0x0012, 0x0012, 0x0012, 0x0012, 0x0012, 0x0012, 0x0012, 0x0012, 0x0012, 0x0012, 0x0012,
        0x0012, 0x0012, 0x0012, 0x0012, 0x0012, 0x0012, 0x0012, 0x0012, 0x0012, 0x0012, 0x0012, 0x0012, 0x0012, 0x0012, 0x0012, 0x0012,
        0x0012, 0x0012, 0x0012, 0x0012, 0x0012, 0x0012, 0x0012, 0x0012, 0x0012, 0x0012, 0x0012, 0x0012, 0x0012, 0x0012, 0x0012, 0x0012,
        0x0012, 0x0012, 0x0012, 0x0012, 0x0012, 0x0012, 0x0012, 0x0012, 0x0012, 0x0012, 0x0012, 0x0012, 0x0012, 0x0012, 0x0012, 0x0012,
        0x0012, 0x0012, 0x0012, 0x0012, 0x0012, 0x0012, 0x0012, 0x0012, 0x0012, 0x0012, 0x0012, 0x0012, 0x0012, 0x0012, 0x0012, 0x0012,
        0x0012, 0x0012, 0x0012, 0x0012, 0x0012, 0x0012, 0x0012, 0x0012, 0x0012, 0x0012, 0x0012, 0x0012, 0x0012, 0x0012, 0x0012, 0x0012,
        0x0012, 0x0012, 0x0012, 0x0012, 0x0012, 0x0012, 0x0012, 0x0012, 0x0012, 0x0012, 0x0012, 0x0012, 0x0012, 0x0012, 0x0012, 0x0012,
        0x0012, 0x0012, 0x0012, 0x0012, 0x0012, 0x0012, 0x0012, 0x0012, 0x0012, 0x0012, 0x0012, 0x0012, 0x0012, 0x0012, 0x0012, 0x0012,
        0x0012, 0x0012, 0x0012, 0x0012, 0x0012, 0x0012, 0x0012, 0x0012, 0x0012, 0x0012, 0x0012, 0x0012, 0x0012, 0x0012, 0x0012, 0x0012,
        0x0012, 0x0012, 0x0012, 0x0012, 0x0012, 0x0012, 0x0012, 0x0012, 0x0012, 0x0012, 0x0012, 0x0012, 0x0012, 0x0012, 0x0012, 0x0012,
        0x0012, 0x0012, 0x0012, 0x0012, 0x0012, 0x0012, 0x0012, 0x0012, 0x0012, 0x0012, 0x0012, 0x0012, 0x0012, 0x0012, 0x0012, 0x0012,
        0x0012, 0x0012, 0x0012, 0x0012, 0x0012, 0x0012, 0x0012, 0x0012, 0x0012, 0x0012, 0x0012, 0x0012, 0x0012, 0x0012, 0x0012, 0x0012,
        0x0012, 0x0012, 0x0012, 0x0012, 0x0012, 0x0012, 0x0012, 0x0012, 0x0012, 0x0012, 0x0012, 0x0012, 0x0012, 0x0012, 0x0012, 0x0012,
        0x0012, 0x0012, 0x0012, 0x0012, 0x0012, 0x0012, 0x0012, 0x0012, 0x0012, 0x0012, 0x0012, 0x0012, 0x0012, 0x0012, 0x0012, 0x0012,
        0x0012, 0x0012, 0x0012, 0x0012, 0x0012, 0x0012, 0x0012, 0x0012, 0x0012, 0x0012, 0x0012, 0x0012, 0x0012, 0x0012, 0x0012, 0x0012,
        0x0012, 0x0012, 0x0012, 0x0012, 0x0012, 0x0012, 0x0012, 0x0012, 0x0012, 0x0012, 0x0012, 0x0012, 0x0012, 0x0012, 0x0012, 0x0012,
        0x0012, 0x0012, 0x0012, 0x0012, 0x0012, 0x0012, 0x0012, 0x0012, 0x0012, 0x0012, 0x0012, 0x0012, 0x0012, 0x0012, 0x0012, 0x0012,
        0x0012, 0x0012, 0x0012, 0x0012, 0x0012, 0x0012, 0x0012, 0x0012, 0x0012, 0x0012, 0x0012, 0x0012, 0x0012, 0x0012, 0x0012, 0x0012,
        0x0012, 0x0012, 0x0012, 0x0012, 0x0012, 0x0012, 0x0012, 0x0012, 0x0012, 0x0012, 0x0012, 0x0012, 0x0012, 0x0012, 0x0012, 0x0012,
        0x0012, 0x0012, 0x0012, 0x0012, 0x0012, 0x0012, 0x0012, 0x0012, 0x0012, 0x0012, 0x0012, 0x0012, 0x0012, 0x0012, 0x0012, 0x0012,
        0x0012, 0x0012, 0x0012, 0x0012, 0x0012, 0x0012, 0x0012, 0x0012, 0x0012, 0x0012, 0x0012, 0x0012, 0x0012, 0x0012, 0x0012, 0x0012,
        0x0012, 0x0012, 0x0012, 0x0012, 0x0012, 0x0012, 0x0012, 0x0012, 0x0012, 0x0012, 0x0012, 0x0012, 0x0012, 0x0012, 0x0012, 0x0012,
        0x0012, 0x0012, 0x0012, 0x0012, 0x0012, 0x0012, 0x0012, 0x0012, 0x0012, 0x0012, 0x0012, 0x0012, 0x0012, 0x0012, 0x0012, 0x0012,
        0x0012, 0x0012, 0x0012, 0x0012, 0x0012, 0x0012, 0x0012, 0x0012, 0x0012, 0x0012, 0x0012, 0x0012, 0x0012, 0x0012, 0x0012, 0x0012,
        0x0012, 0x0012, 0x0012, 0x0012, 0x0012, 0x0012, 0x0012, 0x0012, 0x0012, 0x0012, 0x0012, 0x0012, 0x0012, 0x0012, 0x0012, 0x0012,
        0x0012, 0x0012, 0x0012, 0x0012, 0x0012, 0x0012, 0x0012, 0x0012, 0x0012, 0x0012, 0x0012, 0x0012, 0x0012, 0x0012, 0x0012, 0x0012,
        0x0012, 0x0012, 0x0012, 0x0012, 0x0012, 0x0012, 0x0012, 0x0012, 0x0012, 0x0012, 0x0012, 0x0012, 0x0012, 0x0012, 0x0012, 0x0012,
        0x0012, 0x0012, 0x0012, 0x0012, 0x0012, 0x0012, 0x0012, 0x0012, 0x0012, 0x0012, 0x0012, 0x0012, 0x0012, 0x0012, 0x0012, 0x0012,
        0x0012, 0x0012, 0x0012, 0x0012, 0x0012, 0x0012, 0x0012, 0x0012, 0x0012, 0x0012, 0x0012, 0x0012, 0x0012, 0x0012, 0x0012, 0x0012,
        0x0012, 0x0012, 0x0012, 0x0012, 0x0012, 0x0012, 0x0012, 0x0012, 0x0012, 0x0012, 0x0012, 0x0012, 0x0012, 0x0012, 0x0012, 0x0012,
        0x0012, 0x0012, 0x0012, 0x0012, 0x0012, 0x0012, 0x0012, 0x0012, 0x0012, 0x0012, 0x0012, 0x0012, 0x0012, 0x0012, 0x0012, 0x0012,
        0x0012, 0x0012, 0x0012, 0x0012, 0x0012, 0x0012, 0x0012, 0x0012, 0x0012, 0x0012, 0x0012, 0x0012, 0x0012, 0x0012, 0x0012, 0x0012,
        0x0012, 0x0012, 0x0012, 0x0012, 0x0012, 0x0012, 0x0012, 0x0012, 0x0012, 0x0012, 0x0012, 0x0012, 0x0012, 0x0012, 0x0012, 0x0012,
        0x0012, 0x0012, 0x0012, 0x0012, 0x0012, 0x0012, 0x0012, 0x0012, 0x0012, 0x0012, 0x0012, 0x0012, 0x0012, 0x0012, 0x0012, 0x0012,
        0x0012, 0x0012, 0x0012, 0x0012, 0x0012, 0x0012, 0x0012, 0x0012, 0x0012, 0x0012, 0x0012, 0x0012, 0x0012, 0x0012, 0x0012, 0x0012,
        0x0012, 0x0012, 0x0012, 0x0012, 0x0012, 0x0012, 0x0012, 0x0012, 0x0012, 0x0012, 0x0012, 0x0012, 0x0012, 0x0012, 0x0012, 0x0012,
        0x0012, 0x0012, 0x0012, 0x0012, 0x0012, 0x0012, 0x0012, 0x0012, 0x0012, 0x0012, 0x0012, 0x0012, 0x0012, 0x0012, 0x0012, 0x0012,
        0x0012, 0x0012, 0x0012, 0x0012, 0x0012, 0x0012, 0x0012, 0x0012, 0x0012, 0x0012, 0x0012, 0x0012, 0x0012, 0x0012, 0x0012, 0x0012,
        0x0012, 0x0012, 0x0012, 0x0012, 0x0012, 0x0012, 0x0012, 0x0012, 0x0012, 0x0012, 0x0012, 0x0012, 0x0012, 0x0012, 0x0012, 0x0012,
        0x0012, 0x0012, 0x0012, 0x0012, 0x0012, 0x0012, 0x0012, 0x0012, 0x0012, 0x0012, 0x0012, 0x0012, 0x0012, 0x0012, 0x0012, 0x0012,
        0x0012, 0x0012, 0x0012, 0x0012, 0x0012, 0x0012, 0x0012, 0x0012, 0x0012, 0x0012, 0x0012, 0x0012, 0x0012, 0x0012, 0x0012, 0x0012,
        0x0012, 0x0012, 0x0012, 0x0012, 0x0012, 0x0012, 0x0012, 0x0012, 0x0012, 0x0012, 0x0012, 0x0012, 0x0012, 0x0012, 0x0012, 0x0012,
        0x0012, 0x0012, 0x0012, 0x0012, 0x0012, 0x0012, 0x0012, 0x0012, 0x0012, 0x0012, 0x0012, 0x0012, 0x0012, 0x0012, 0x0012, 0x0012,
        0x0012, 0x0012, 0x0012, 0x0012, 0x0012, 0x0012, 0x0012, 0x0012, 0x0012, 0x0012, 0x0012, 0x0012, 0x0012, 0x0012, 0x0012, 0x0012,
        0x0012, 0x0012, 0x0012, 0x0012, 0x0012, 0x0012, 0x0012, 0x0012, 0x0012, 0x0012, 0x0012, 0x0012, 0x0012, 0x0012, 0x0012, 0x0012,
        0x0012, 0x0012, 0x0012, 0x0012, 0x0012, 0x0012, 0x0012, 0x0012, 0x0012, 0x0012, 0x0012, 0x0012, 0x0012, 0x0012, 0x0012, 0x0012,
        0x0012, 0x0012, 0x0012, 0x0012, 0x0012, 0x0012, 0x0012, 0x0012, 0x0012, 0x0012, 0x0012, 0x0012, 0x0012, 0x0012, 0x0012, 0x0012,
        0x0012, 0x0012, 0x0012, 0x0012, 0x0012, 0x0012, 0x0012, 0x0012, 0x0012, 0x0012, 0x0012, 0x0012, 0x0012, 0x0012, 0x0012, 0x0012,
        0x0012, 0x0012, 0x0012, 0x0012, 0x0012, 0x0012, 0x0012, 0x0012, 0x0012, 0x0012, 0x0012, 0x0012, 0x0012, 0x0012, 0x0012, 0x0012,
        0x0012, 0x0012, 0x0012, 0x0012, 0x0012, 0x0012, 0x0012, 0x0012, 0x0012, 0x0012, 0x0012, 0x0012, 0x0012, 0x0012, 0x0012, 0x0012,
        0x0012, 0x0012, 0x0012, 0x0012, 0x0012, 0x0012, 0x0012, 0x0012, 0x0012, 0x0012, 0x0012, 0x0012, 0x0012, 0x0012, 0x0012, 0x0012,
        0x0012, 0x0012, 0x0012, 0x0012, 0x0012, 0x0012, 0x0012, 0x0012, 0x0012, 0x0012, 0x0012, 0x0012, 0x0012, 0x0012, 0x0012, 0x0012,
        0x0012, 0x0012, 0x0012, 0x0012, 0x0012, 0x0012, 0x0012, 0x0012, 0x0012, 0x0012, 0x0012, 0x0012, 0x0012, 0x0012, 0x0012, 0x0012,
        0x0012, 0x0012, 0x0012, 0x0012, 0x0012, 0x0012, 0x0012, 0x0012, 0x0012, 0x0012, 0x0012, 0x0012, 0x0012, 0x0012, 0x0012, 0x0012,
        0x0012, 0x0012, 0x0012, 0x0012, 0x0012, 0x0012, 0x0012, 0x0012, 0x0012, 0x0012, 0x0012, 0x0012, 0x0012, 0x0012, 0x0012, 0x0012,
        0x0012, 0x0012, 0x0012, 0x0012, 0x0012, 0x0012, 0x0012, 0x0012, 0x0012, 0x0012, 0x0012, 0x0012, 0x0012, 0x0012, 0x0012, 0x0012,
        0x0012, 0x0012, 0x0012, 0x0012, 0x0012, 0x0012, 0x0012, 0x0012, 0x0012, 0x0012, 0x0012, 0x0012, 0x0012, 0x0012, 0x0012, 0x0012,
        0x0012, 0x0012, 0x0012, 0x0012, 0x0012, 0x0012, 0x0012, 0x0012, 0x0012, 0x0012, 0x0012, 0x0012, 0x0012, 0x0012, 0x0012, 0x0012,
        0x0012, 0x0012, 0x0012, 0x0012, 0x0012, 0x0012, 0x0012, 0x0012, 0x0012, 0x0012, 0x0012, 0x0012, 0x0012, 0x0012, 0x0012, 0x0012,
        0x0012, 0x0012, 0x0012, 0x0012, 0x0012, 0x0012, 0x0012, 0x0012, 0x0012, 0x0012, 0x0012, 0x0012, 0x0012, 0x0012, 0x0012, 0x0012,
        0x0012, 0x0012, 0x0012, 0x0012, 0x0012, 0x0012, 0x0012, 0x0012, 0x0012, 0x0012, 0x0012, 0x0012, 0x0012, 0x0012, 0x0012, 0x0012,
        0x0012, 0x0012, 0x0012, 0x0012, 0x0012, 0x0012, 0x0012, 0x0012, 0x0012, 0x0012, 0x0012, 0x0012, 0x0012, 0x0012, 0x0012, 0x0012,
        0x0012, 0x0012, 0x0012, 0x0012, 0x0012, 0x0012, 0x0012, 0x0012, 0x0012, 0x0012, 0x0012, 0x0012, 0x0012, 0x0012, 0x0012, 0x0012,
        0x0012, 0x0012, 0x0012, 0x0012, 0x0012, 0x0012, 0x0012, 0x0012, 0x0012, 0x0012, 0x0012, 0x0012, 0x0012, 0x0012, 0x0012, 0x0012,
        0x0012, 0x0012, 0x0012, 0x0012, 0x0012, 0x0012, 0x0012, 0x0012, 0x0012, 0x0012, 0x0012, 0x0012, 0x0012, 0x0012, 0x0012, 0x0012,
        0x0012, 0x0012, 0x0012, 0x0012, 0x0012, 0x0012, 0x0012, 0x0012, 0x0012, 0x0012, 0x0012, 0x0012, 0x0012, 0x0012, 0x0012, 0x0012,
        0x0012, 0x0012, 0x0012, 0x0012, 0x0012, 0x0012, 0x0012, 0x0012, 0x0012, 0x0012, 0x0012, 0x0012, 0x0012, 0x0012, 0x0012, 0x0012,
        0x0012, 0x0012, 0x0012, 0x0012, 0x0012, 0x0012, 0x0012, 0x0012, 0x0012, 0x0012, 0x0012, 0x0012, 0x0012, 0x0012, 0x0012, 0x0012,
        0x0012, 0x0012, 0x0012, 0x0012, 0x0012, 0x0012, 0x0012, 0x0012, 0x0012, 0x0012, 0x0012, 0x0012, 0x0012, 0x0012, 0x0012, 0x0012,
        0x0012, 0x0012, 0x0012, 0x0012, 0x0012, 0x0012, 0x0012, 0x0012, 0x0012, 0x0012, 0x0012, 0x0012, 0x0012, 0x0012, 0x0012, 0x0012,
        0x0012, 0x0012, 0x0012, 0x0012, 0x0012, 0x0012, 0x0012, 0x0012, 0x0012, 0x0012, 0x0012, 0x0012, 0x0012, 0x0012, 0x0012, 0x0012,
        0x0012, 0x0012, 0x0012, 0x0012, 0x0012, 0x0012, 0x0012, 0x0012, 0x0012, 0x0012, 0x0012, 0x0012, 0x0012, 0x0012, 0x0012, 0x0012,
        0x0012, 0x0012, 0x0012, 0x0012, 0x0012, 0x0012, 0x0012, 0x0012, 0x0012, 0x0012, 0x0012, 0x0012, 0x0012, 0x0012, 0x0012, 0x0012,
        0x0012, 0x0012, 0x0012, 0x0012, 0x0012, 0x0012, 0x0012, 0x0012, 0x0012, 0x0012, 0x0012, 0x0012, 0x0012, 0x0012, 0x0012, 0x0012,
        0x0012, 0x0012, 0x0012, 0x0012, 0x0012, 0x0012, 0x0012, 0x0012, 0x0012, 0x0012, 0x0012, 0x0012, 0x0012, 0x0012, 0x0012, 0x0012,
        0x0012, 0x0012, 0x0012, 0x0012, 0x0012, 0x0012, 0x0012, 0x0012, 0x0012, 0x0012, 0x0012, 0x0012, 0x0012, 0x0012, 0x0012, 0x0012,
        0x0012, 0x0012, 0x0012, 0x0012, 0x0012, 0x0012, 0x0012, 0x0012, 0x0012, 0x0012, 0x0012, 0x0012, 0x0012, 0x0012, 0x0012, 0x0012,
        0x0012, 0x0012, 0x0012, 0x0012, 0x0012, 0x0012, 0x0012, 0x0012, 0x0012, 0x0012, 0x0012, 0x0012, 0x0012, 0x0012, 0x0012, 0x0012,
        0x0012, 0x0012, 0x0012, 0x0012, 0x0012, 0x0012, 0x0012, 0x0012, 0x0012, 0x0012, 0x0012, 0x0012, 0x0012, 0x0012, 0x0012, 0x0012,
        0x0012, 0x0012, 0x0012, 0x0012, 0x0012, 0x0012, 0x0012, 0x0012, 0x0012, 0x0012, 0x0012, 0x0012, 0x0012, 0x0012, 0x0012, 0x0012,
        0x0012, 0x0012, 0x0012, 0x0012, 0x0012, 0x0012, 0x0012, 0x0012, 0x0012, 0x0012, 0x0012, 0x0012, 0x0012, 0x0012, 0x0012, 0x0012,
        0x0012, 0x0012, 0x0012, 0x0012, 0x0012, 0x0012, 0x0012, 0x0012, 0x0012, 0x0012, 0x0012, 0x0012, 0x0012, 0x0012, 0x0012, 0x0012,
        0x0012, 0x0012, 0x0012, 0x0012, 0x0012, 0x0012, 0x0012, 0x0012, 0x0012, 0x0012, 0x0012, 0x0012, 0x0012, 0x0012, 0x0012, 0x0012,
        0x0012, 0x0012, 0x0012, 0x0012, 0x0012, 0x0012, 0x0012, 0x0012, 0x0012, 0x0012, 0x0012, 0x0012, 0x0012, 0x0012, 0x0012, 0x0012,
        0x0012, 0x0012, 0x0012, 0x0012, 0x0012, 0x0012, 0x0012, 0x0012, 0x0012, 0x0012, 0x0012, 0x0012, 0x0012, 0x0012, 0x0012, 0x0012,
        0x0012, 0x0012, 0x0012, 0x0012, 0x0012, 0x0012, 0x0012, 0x0012, 0x0012, 0x0012, 0x0012, 0x0012, 0x0012, 0x0012, 0x0012, 0x0012,
        0x007E, 0x007F, 0x0080, 0x0080, 0x0080, 0x0080, 0x0080, 0x0080, 0x0080, 0x0080, 0x0080, 0x0080, 0x0080, 0x0080, 0x0080, 0x0080,
        0x0012, 0x0012, 0x0012, 0x0012, 0x0012, 0x0012, 0x0012, 0x0012, 0x0012, 0x0012, 0x0012, 0x0012, 0x0012, 0x0012, 0x0012, 0x0012,
        0x0012, 0x0012, 0x0012, 0x0012, 0x0012, 0x0012, 0x0012, 0x0012, 0x0012, 0x0012, 0x0012, 0x0012, 0x0012, 0x0012, 0x0012, 0x0012,
        0x0012, 0x0012, 0x0012, 0x0012, 0x0012, 0x0012, 0x0012, 0x0012, 0x0012, 0x0012, 0x0012, 0x0012, 0x0012, 0x0012, 0x0012, 0x0012,
        0x0012, 0x0012, 0x0012, 0x0012, 0x0012, 0x0012, 0x0012, 0x0012, 0x0012, 0x0012, 0x0012, 0x0012, 0x0012, 0x0012, 0x0012, 0x0012,
        0x0012, 0x0012, 0x0012, 0x0012, 0x0012, 0x0012, 0x0012, 0x0012, 0x0012, 0x0012, 0x0012, 0x0012, 0x0012, 0x0012, 0x0012, 0x0012,
        0x0012, 0x0012, 0x0012, 0x0012, 0x0012, 0x0012, 0x0012, 0x0012, 0x0012, 0x0012, 0x0012, 0x0012, 0x0012, 0x0012, 0x0012, 0x0012,
        0x0012, 0x0012, 0x0012, 0x0012, 0x0012, 0x0012, 0x0012, 0x0012, 0x0012, 0x0012, 0x0012, 0x0012, 0x0012, 0x0012, 0x0012, 0x0012,
        0x0012, 0x0012, 0x0012, 0x0012, 0x0012, 0x0012, 0x0012, 0x0012, 0x0012, 0x0012, 0x0012, 0x0012, 0x0012, 0x0012, 0x0012, 0x0012,
        0x0012, 0x0012, 0x0012, 0x0012, 0x0012, 0x0012, 0x0012, 0x0012, 0x0012, 0x0012, 0x0012, 0x0012, 0x0012, 0x0012, 0x0012, 0x0012,
        0x0012, 0x0012, 0x0012, 0x0012, 0x0012, 0x0012, 0x0012, 0x0012, 0x0012, 0x0012, 0x0012, 0x0012, 0x0012, 0x0012, 0x0012, 0x0012,
        0x0012, 0x0012, 0x0012, 0x0012, 0x0012, 0x0012, 0x0012, 0x0012, 0x0012, 0x0012, 0x0012, 0x0012, 0x0012, 0x0012, 0x0012, 0x0012,
        0x0012, 0x0012, 0x0012, 0x0012, 0x0012, 0x0012, 0x0012, 0x0012, 0x0012, 0x0012, 0x0012, 0x0012, 0x0012, 0x0012, 0x0012, 0x0012,
        0x0012, 0x0012, 0x0012, 0x0012, 0x0012, 0x0012, 0x0012, 0x0012, 0x0012, 0x0012, 0x0012, 0x0012, 0x0012, 0x0012, 0x0012, 0x0012,
        0x0012, 0x0012, 0x0012, 0x0012, 0x0012, 0x0012, 0x0012, 0x0012, 0x0012, 0x0012, 0x0012, 0x0012, 0x0012, 0x0012, 0x0012, 0x0012,
        0x0012, 0x0012, 0x0012, 0x0012, 0x0012, 0x0012, 0x0012, 0x0012, 0x0012, 0x0012, 0x0012, 0x0012, 0x0012, 0x0012, 0x0012, 0x0012,
        0x003C, 0x003C, 0x003C, 0x003C, 0x003C, 0x003C, 0x003C, 0x003C, 0x003C, 0x003C, 0x003C, 0x003C, 0x003C, 0x003C, 0x003C, 0x003C,
        0x003C, 0x003C, 0x003C, 0x003C, 0x003C, 0x003C, 0x003C, 0x003C, 0x003C, 0x003C, 0x003C, 0x003C, 0x003C, 0x003C, 0x003C, 0x003C,
        0x003C, 0x003C, 0x003C, 0x003C, 0x003C, 0x003C, 0x003C, 0x003C, 0x003C, 0x003C, 0x003C, 0x003C, 0x003C, 0x003C, 0x003C, 0x003C,
        0x003C, 0x003C, 0x003C, 0x003C, 0x003C, 0x003C, 0x003C, 0x003C, 0x003C, 0x003C, 0x003C, 0x003C, 0x003C, 0x003C, 0x003C, 0x003C,
        0x003C, 0x003C, 0x003C, 0x003C, 0x003C, 0x003C, 0x003C, 0x003C, 0x003C, 0x003C, 0x003C, 0x003C, 0x003C, 0x003C, 0x003C, 0x003C,
        0x003C, 0x003C, 0x003C, 0x003C, 0x003C, 0x003C, 0x003C, 0x003C, 0x003C, 0x003C, 0x003C, 0x003C, 0x003C, 0x003C, 0x003C, 0x003C,
        0x003C, 0x003C, 0x003C, 0x003C, 0x003C, 0x003C, 0x003C, 0x003C, 0x003C, 0x003C, 0x003C, 0x003C, 0x003C, 0x003C, 0x003C, 0x003C,
        0x003C, 0x003C, 0x003C, 0x003C, 0x003C, 0x003C, 0x003C, 0x003C, 0x003C, 0x003C, 0x003C, 0x003C, 0x003C, 0x003C, 0x003C, 0x003C,
        0x003C, 0x003C, 0x003C, 0x003C, 0x003C, 0x003C, 0x003C, 0x003C, 0x003C, 0x003C, 0x003C, 0x003C, 0x003C, 0x003C, 0x003C, 0x003C,
        0x003C, 0x003C, 0x003C, 0x003C, 0x003C, 0x003C, 0x003C, 0x003C, 0x003C, 0x003C, 0x003C, 0x003C, 0x003C, 0x003C, 0x003C, 0x003C,
        0x003C, 0x003C, 0x003C, 0x003C, 0x003C, 0x003C, 0x003C, 0x003C, 0x003C, 0x003C, 0x003C, 0x003C, 0x003C, 0x003C, 0x003C, 0x003C,
        0x003C, 0x003C, 0x003C, 0x003C, 0x003C, 0x003C, 0x003C, 0x003C, 0x003C, 0x003C, 0x003C, 0x003C, 0x003C, 0x003C, 0x003C, 0x003C,
        0x003C, 0x003C, 0x003C, 0x003C, 0x003C, 0x003C, 0x003C, 0x003C, 0x003C, 0x003C, 0x003C, 0x003C, 0x003C, 0x003C, 0x003C, 0x003C,
        0x003C, 0x003C, 0x003C, 0x003C, 0x003C, 0x003C, 0x003C, 0x003C, 0x003C, 0x003C, 0x003C, 0x003C, 0x003C, 0x003C, 0x003C, 0x003C,
        0x003C, 0x003C, 0x003C, 0x003C, 0x003C, 0x003C, 0x003C, 0x003C, 0x003C, 0x003C, 0x003C, 0x003C, 0x003C, 0x003C, 0x003C, 0x003C,
        0x003C, 0x003C, 0x003C, 0x003C, 0x003C, 0x003C, 0x003C, 0x003C, 0x003C, 0x003C, 0x003C, 0x003C, 0x003C, 0x003C, 0x003C, 0x0081,
        0x003C, 0x003C, 0x003C, 0x003C, 0x003C, 0x003C, 0x003C, 0x003C, 0x003C, 0x003C, 0x003C, 0x003C, 0x003C, 0x003C, 0x003C, 0x003C,
        0x003C, 0x003C, 0x003C, 0x003C, 0x003C, 0x003C, 0x003C, 0x003C, 0x003C, 0x003C, 0x003C, 0x003C, 0x003C, 0x003C, 0x003C, 0x003C,
        0x003C, 0x003C, 0x003C, 0x003C, 0x003C, 0x003C, 0x003C, 0x003C, 0x003C, 0x003C, 0x003C, 0x003C, 0x003C, 0x003C, 0x003C, 0x003C,
        0x003C, 0x003C, 0x003C, 0x003C, 0x003C, 0x003C, 0x003C, 0x003C, 0x003C, 0x003C, 0x003C, 0x003C, 0x003C, 0x003C, 0x003C, 0x003C,
        0x003C, 0x003C, 0x003C, 0x003C, 0x003C, 0x003C, 0x003C, 0x003C, 0x003C, 0x003C, 0x003C, 0x003C, 0x003C, 0x003C, 0x003C, 0x003C,
        0x003C, 0x003C, 0x003C, 0x003C, 0x003C, 0x003C, 0x003C, 0x003C, 0x003C, 0x003C, 0x003C, 0x003C, 0x003C, 0x003C, 0x003C, 0x003C,
        0x003C, 0x003C, 0x003C, 0x003C, 0x003C, 0x003C, 0x003C, 0x003C, 0x003C, 0x003C, 0x003C, 0x003C, 0x003C, 0x003C, 0x003C, 0x003C,
        0x003C, 0x003C, 0x003C, 0x003C, 0x003C, 0x003C, 0x003C, 0x003C, 0x003C, 0x003C, 0x003C, 0x003C, 0x003C, 0x003C, 0x003C, 0x003C,
        0x003C, 0x003C, 0x003C, 0x003C, 0x003C, 0x003C, 0x003C, 0x003C, 0x003C, 0x003C, 0x003C, 0x003C, 0x003C, 0x003C, 0x003C, 0x003C,
        0x003C, 0x003C, 0x003C, 0x003C, 0x003C, 0x003C, 0x003C, 0x003C, 0x003C, 0x003C, 0x003C, 0x003C, 0x003C, 0x003C, 0x003C, 0x003C,
        0x003C, 0x003C, 0x003C, 0x003C, 0x003C, 0x003C, 0x003C, 0x003C, 0x003C, 0x003C, 0x003C, 0x003C, 0x003C, 0x003C, 0x003C, 0x003C,
        0x003C, 0x003C, 0x003C, 0x003C, 0x003C, 0x003C, 0x003C, 0x003C, 0x003C, 0x003C, 0x003C, 0x003C, 0x003C, 0x003C, 0x003C, 0x003C,
        0x003C, 0x003C, 0x003C, 0x003C, 0x003C, 0x003C, 0x003C, 0x003C, 0x003C, 0x003C, 0x003C, 0x003C, 0x003C, 0x003C, 0x003C, 0x003C,
        0x003C, 0x003C, 0x003C, 0x003C, 0x003C, 0x003C, 0x003C, 0x003C, 0x003C, 0x003C, 0x003C, 0x003C, 0x003C, 0x003C, 0x003C, 0x003C,
        0x003C, 0x003C, 0x003C, 0x003C, 0x003C, 0x003C, 0x003C, 0x003C, 0x003C, 0x003C, 0x003C, 0x003C, 0x003C, 0x003C, 0x003C, 0x003C,
        0x003C, 0x003C, 0x003C, 0x003C, 0x003C, 0x003C, 0x003C, 0x003C, 0x003C, 0x003C, 0x003C, 0x003C, 0x003C, 0x003C, 0x003C, 0x0081,
    ];

    private static readonly ushort[] Values =
    [
        0x1061, 0x1061, 0x1061, 0x1061, 0x1061, 0x1061, 0x1061, 0x1061, 0x1061, 0x1061, 0x1069, 0x1061, 0x1061, 0x1062, 0x1061, 0x1061,
        0x1061, 0x1061, 0x1061, 0x1061, 0x1061, 0x1061, 0x1061, 0x1061, 0x1061, 0x1061, 0x1061, 0x1061, 0x1061, 0x1061, 0x1061, 0x1061,
        0x0480, 0x0480, 0x0480, 0x2480, 0x0480, 0x0480, 0x0480, 0x0480, 0x0480, 0x0480, 0x2480, 0x0480, 0x0480, 0x0480, 0x0480, 0x0480,
        0x2480, 0x2480, 0x2480, 0x2480, 0x2480, 0x2480, 0x2480, 0x2480, 0x2480, 0x2480, 0x0480, 0x0480, 0x0480, 0x0480, 0x0480, 0x0480,
        0x0480, 0x0480, 0x0480, 0x0480, 0x0480, 0x0480, 0x0480, 0x0480, 0x0480, 0x0480, 0x0480, 0x0480, 0x0480, 0x0480, 0x0480, 0x0480,
        0x0480, 0x0480, 0x0480, 0x0480, 0x0480, 0x0480, 0x0480, 0x0480, 0x0480, 0x0480, 0x0480, 0x0480, 0x0480, 0x0480, 0x0480, 0x0480,
        0x0480, 0x0480, 0x0480, 0x0480, 0x0480, 0x0480, 0x0480, 0x0480, 0x0480, 0x0480, 0x0480, 0x0480, 0x0480, 0x0480, 0x0480, 0x0480,
        0x0480, 0x0480, 0x0480, 0x0480, 0x0480, 0x0480, 0x0480, 0x0480, 0x0480, 0x0480, 0x0480, 0x0480, 0x0480, 0x0480, 0x0480, 0x1061,
        0x1061, 0x1061, 0x1061, 0x1061, 0x1061, 0x1061, 0x1061, 0x1061, 0x1061, 0x1061, 0x1061, 0x1061, 0x1061, 0x1061, 0x1061, 0x1061,
        0x1061, 0x1061, 0x1061, 0x1061, 0x1061, 0x1061, 0x1061, 0x1061, 0x1061, 0x1061, 0x1061, 0x1061, 0x1061, 0x1061, 0x1061, 0x1061,
        0x0460, 0x0400, 0x0480, 0x0480, 0x0400, 0x0480, 0x0480, 0x0400, 0x0400, 0x2472, 0x0400, 0x0460, 0x0480, 0x0401, 0x2412, 0x0480,
        0x0400, 0x0400, 0x0400, 0x0400, 0x0400, 0x0460, 0x0400, 0x0400, 0x0400, 0x0400, 0x0400, 0x0460, 0x0400, 0x0400, 0x0400, 0x0400,
        0x0460, 0x0460, 0x0460, 0x0460, 0x0460, 0x0460, 0x0400, 0x0460, 0x0460, 0x0460, 0x0460, 0x0460, 0x0460, 0x0460, 0x0460, 0x0460,
        0x0400, 0x0460, 0x0460, 0x0460, 0x0460, 0x0460, 0x0460, 0x0400, 0x0400, 0x0460, 0x0460, 0x0460, 0x0460, 0x0460, 0x0400, 0x0400,
        0x0400, 0x0400, 0x0460, 0x0460, 0x0460, 0x0460, 0x0400, 0x0460, 0x0400, 0x0400, 0x0400, 0x0460, 0x0400, 0x0400, 0x0460, 0x0460,
        0x0400, 0x0460, 0x0400, 0x0400, 0x0460, 0x0460, 0x0460, 0x0400, 0x0400, 0x0400, 0x0400, 0x0460, 0x0400, 0x0460, 0x0400, 0x0460,
        0x0460, 0x0400, 0x0460, 0x0460, 0x0460, 0x0460, 0x0460, 0x0460, 0x0460, 0x0460, 0x0460, 0x0460, 0x0460, 0x0460, 0x0460, 0x0460,
        0x0460, 0x0400, 0x0460, 0x0400, 0x0460, 0x0460, 0x0460, 0x0460, 0x0460, 0x0460, 0x0460, 0x0400, 0x0460, 0x0460, 0x0460, 0x0460,
        0x0460, 0x0460, 0x0460, 0x0460, 0x0460, 0x0460, 0x0400, 0x0400, 0x0460, 0x0460, 0x0460, 0x0400, 0x0460, 0x0460, 0x0460, 0x0460,
        0x0460, 0x0400, 0x0400, 0x0400, 0x0460, 0x0460, 0x0460, 0x0460, 0x0400, 0x0460, 0x0460, 0x0460, 0x0460, 0x0460, 0x0460, 0x0400,
        0x0400, 0x0400, 0x0400, 0x0460, 0x0400, 0x0460, 0x0460, 0x0460, 0x0400, 0x0400, 0x0400, 0x0400, 0x0460, 0x0400, 0x0460, 0x0460,
        0x0460, 0x0460, 0x0400, 0x0400, 0x0460, 0x0460, 0x0460, 0x0460, 0x0460, 0x0460, 0x0460, 0x0460, 0x0460, 0x0460, 0x0460, 0x0460,
        0x0460, 0x0460, 0x0460, 0x0460, 0x0460, 0x0460, 0x0400, 0x0400, 0x0460, 0x0460, 0x0460, 0x0400, 0x0460, 0x0460, 0x0460, 0x0460,
        0x0460, 0x0460, 0x0460, 0x0460, 0x0460, 0x0460, 0x0460, 0x0460, 0x0460, 0x0460, 0x0460, 0x0460, 0x0460, 0x0460, 0x0460, 0x0460,
        0x0460, 0x0460, 0x0460, 0x0460, 0x0460, 0x0460, 0x0460, 0x0460, 0x0460, 0x0460, 0x0460, 0x0460, 0x0460, 0x0460, 0x0460, 0x0460,
        0x0460, 0x0460, 0x0460, 0x0460, 0x0460, 0x0460, 0x0460, 0x0460, 0x0460, 0x0460, 0x0460, 0x0460, 0x0460, 0x0460, 0x0460, 0x0460,
        0x0460, 0x0460, 0x0460, 0x0460, 0x0460, 0x0460, 0x0460, 0x0460, 0x0460, 0x0460, 0x0460, 0x0460, 0x0460, 0x0460, 0x0460, 0x0460,
        0x0460, 0x0460, 0x0460, 0x0460, 0x0460, 0x0460, 0x0460, 0x0460, 0x0460, 0x0460, 0x0460, 0x0460, 0x0460, 0x0460, 0x0460, 0x0460,
        0x0460, 0x0460, 0x0460, 0x0460, 0x0460, 0x0460, 0x0460, 0x0460, 0x0460, 0x0460, 0x0460, 0x0460, 0x0460, 0x0460, 0x0400, 0x0460,
        0x0400, 0x0460, 0x0400, 0x0460, 0x0400, 0x0460, 0x0400, 0x0460, 0x0400, 0x0460, 0x0400, 0x0460, 0x0400, 0x0460, 0x0460, 0x0460,
        0x0460, 0x0460, 0x0460, 0x0460, 0x0460, 0x0460, 0x0460, 0x0460, 0x0460, 0x0460, 0x0460, 0x0460, 0x0460, 0x0460, 0x0460, 0x0460,
        0x0460, 0x0460, 0x0460, 0x0460, 0x0460, 0x0460, 0x0460, 0x0460, 0x0460, 0x0460, 0x0460, 0x0460, 0x0460, 0x0460, 0x0460, 0x0460,
        0x0460, 0x0460, 0x0460, 0x0460, 0x0460, 0x0460, 0x0460, 0x0460, 0x0460, 0x0460, 0x0460, 0x0460, 0x0460, 0x0460, 0x0460, 0x0460,
        0x0460, 0x0460, 0x0460, 0x0460, 0x0460, 0x0460, 0x0460, 0x0460, 0x0460, 0x0460, 0x0460, 0x0460, 0x0460, 0x0460, 0x0460, 0x0460,
        0x0460, 0x0460, 0x0460, 0x0460, 0x0460, 0x0460, 0x0460, 0x0460, 0x0460, 0x0460, 0x0460, 0x0460, 0x0460, 0x0460, 0x0460, 0x0460,
        0x0460, 0x0460, 0x0460, 0x0460, 0x0460, 0x0460, 0x0460, 0x0460, 0x0460, 0x0460, 0x0460, 0x0460, 0x0460, 0x0460, 0x0460, 0x0460,
        0x0460, 0x0460, 0x0460, 0x0460, 0x0460, 0x0460, 0x0460, 0x0460, 0x0460, 0x0460, 0x0460, 0x0460, 0x0460, 0x0460, 0x0460, 0x0460,
        0x0460, 0x0400, 0x0460, 0x0460, 0x0460, 0x0460, 0x0460, 0x0460, 0x0460, 0x0460, 0x0460, 0x0460, 0x0460, 0x0460, 0x0460, 0x0460,
        0x0460, 0x0400, 0x0460, 0x0460, 0x0460, 0x0460, 0x0460, 0x0460, 0x0460, 0x0460, 0x0460, 0x0460, 0x0460, 0x0460, 0x0460, 0x0460,
        0x0460, 0x0460, 0x0460, 0x0460, 0x0460, 0x0460, 0x0460, 0x0460, 0x0460, 0x0460, 0x0460, 0x0460, 0x0460, 0x0460, 0x0460, 0x0460,
        0x0460, 0x0460, 0x0460, 0x0460, 0x0460, 0x0460, 0x0460, 0x0460, 0x0460, 0x0460, 0x0460, 0x0460, 0x0460, 0x0460, 0x0460, 0x0460,
        0x0460, 0x0460, 0x0460, 0x0460, 0x0460, 0x0460, 0x0460, 0x0460, 0x0460, 0x0460, 0x0460, 0x0460, 0x0460, 0x0460, 0x0460, 0x0460,
        0x0460, 0x0460, 0x0460, 0x0460, 0x0460, 0x0460, 0x0460, 0x0460, 0x0460, 0x0460, 0x0460, 0x0460, 0x0460, 0x0460, 0x0460, 0x0460,
        0x0460, 0x0460, 0x0460, 0x0460, 0x0460, 0x0460, 0x0460, 0x0460, 0x0460, 0x0460, 0x0460, 0x0460, 0x0460, 0x0460, 0x0460, 0x0460,
        0x0460, 0x0460, 0x0460, 0x0460, 0x0400, 0x0460, 0x0460, 0x0400, 0x0460, 0x0400, 0x0400, 0x0400, 0x0460, 0x0400, 0x0460, 0x0460,
        0x0400, 0x0460, 0x0460, 0x0460, 0x0460, 0x0460, 0x0460, 0x0460, 0x0400, 0x0400, 0x0400, 0x0400, 0x0460, 0x0400, 0x0460, 0x0400,
        0x0460, 0x0460, 0x0460, 0x0460, 0x0460, 0x0460, 0x0460, 0x0460, 0x0460, 0x0460, 0x0460, 0x0460, 0x0460, 0x0460, 0x0460, 0x0460,
        0x0460, 0x0460, 0x0460, 0x0460, 0x0460, 0x0460, 0x0460, 0x0460, 0x0460, 0x0460, 0x0460, 0x0460, 0x0460, 0x0460, 0x0460, 0x0460,
        0x1306, 0x1306, 0x1306, 0x1306, 0x1306, 0x1306, 0x1306, 0x1306, 0x1306, 0x1306, 0x1306, 0x1306, 0x1306, 0x1306, 0x1306, 0x1306,
        0x1306, 0x1306, 0x1306, 0x1306, 0x1306, 0x1306, 0x1306, 0x1306, 0x1306, 0x1306, 0x1306, 0x1306, 0x1306, 0x1306, 0x1306, 0x1306,
        0x1306, 0x1306, 0x1306, 0x1306, 0x1306, 0x1306, 0x1306, 0x1306, 0x1306, 0x1306, 0x1306, 0x1306, 0x1306, 0x1306, 0x1306, 0x1306,
        0x1306, 0x1306, 0x1306, 0x1306, 0x1306, 0x1306, 0x1306, 0x1306, 0x1306, 0x1306, 0x1306, 0x1306, 0x1306, 0x1306, 0x1306, 0x1306,
        0x1306, 0x1306, 0x1306, 0x1306, 0x1306, 0x1306, 0x1306, 0x1306, 0x1306, 0x1306, 0x1306, 0x1306, 0x1306, 0x1306, 0x1306, 0x1306,
        0x1306, 0x1306, 0x1306, 0x1306, 0x1306, 0x1306, 0x1306, 0x1306, 0x1306, 0x1306, 0x1306, 0x1306, 0x1306, 0x1306, 0x1306, 0x1306,
        0x1306, 0x1306, 0x1306, 0x1306, 0x1306, 0x1306, 0x1306, 0x1306, 0x1306, 0x1306, 0x1306, 0x1306, 0x1306, 0x1306, 0x1306, 0x1306,
        0x0460, 0x0460, 0x0460, 0x0460, 0x0460, 0x0460, 0x0460, 0x0460, 0x0460, 0x0460, 0x0460, 0x0460, 0x0460, 0x0460, 0x0460, 0x0460,
        0x0460, 0x0460, 0x0460, 0x0460, 0x0460, 0x0460, 0x0460, 0x0460, 0x0460, 0x0460, 0x0460, 0x0460, 0x0460, 0x0460, 0x0460, 0x0460,
        0x0460, 0x0400, 0x0400, 0x0400, 0x0400, 0x0400, 0x0400, 0x0400, 0x0400, 0x0400, 0x0400, 0x0400, 0x0400, 0x0400, 0x0400, 0x0400,
        0x0400, 0x0400, 0x0460, 0x0400, 0x0400, 0x0400, 0x0400, 0x0400, 0x0400, 0x0400, 0x0460, 0x0460, 0x0460, 0x0460, 0x0460, 0x0460,
        0x0460, 0x0400, 0x0400, 0x0400, 0x0400, 0x0400, 0x0400, 0x0400, 0x0400, 0x0400, 0x0400, 0x0400, 0x0400, 0x0400, 0x0400, 0x0400,
        0x0400, 0x0400, 0x0460, 0x0400, 0x0400, 0x0400, 0x0400, 0x0400, 0x0400, 0x0400, 0x0460, 0x0460, 0x0460, 0x0460, 0x0460, 0x0460,
        0x0460, 0x0460, 0x0460, 0x0460, 0x0460, 0x0460, 0x0460, 0x0460, 0x0460, 0x0460, 0x0460, 0x0460, 0x0460, 0x0460, 0x0460, 0x0460,
        0x0460, 0x0460, 0x0460, 0x0460, 0x0460, 0x0460, 0x0460, 0x0460, 0x0460, 0x0460, 0x0460, 0x0460, 0x0460, 0x0460, 0x0460, 0x0460,
        0x0460, 0x0460, 0x0460, 0x0460, 0x0460, 0x0460, 0x0460, 0x0460, 0x0460, 0x0460, 0x0460, 0x0460, 0x0460, 0x0460, 0x0460, 0x0460,
        0x0460, 0x0400, 0x0460, 0x0460, 0x0460, 0x0460, 0x0460, 0x0460, 0x0460, 0x0460, 0x0460, 0x0460, 0x0460, 0x0460, 0x0460, 0x0460,
        0x0400, 0x0400, 0x0400, 0x0400, 0x0400, 0x0400, 0x0400, 0x0400, 0x0400, 0x0400, 0x0400, 0x0400, 0x0400, 0x0400, 0x0400, 0x0400,
        0x0400, 0x0400, 0x0400, 0x0400, 0x0400, 0x0400, 0x0400, 0x0400, 0x0400, 0x0400, 0x0400, 0x0400, 0x0400, 0x0400, 0x0400, 0x0400,
        0x0400, 0x0400, 0x0400, 0x0400, 0x0400, 0x0400, 0x0400, 0x0400, 0x0400, 0x0400, 0x0400, 0x0400, 0x0400, 0x0400, 0x0400, 0x0400,
        0x0400, 0x0400, 0x0400, 0x0400, 0x0400, 0x0400, 0x0400, 0x0400, 0x0400, 0x0400, 0x0400, 0x0400, 0x0400, 0x0400, 0x0400, 0x0400,
        0x0460, 0x0400, 0x0460, 0x0460, 0x0460, 0x0460, 0x0460, 0x0460, 0x0460, 0x0460, 0x0460, 0x0460, 0x0460, 0x0460, 0x0460, 0x0460,
        0x0460, 0x0460, 0x0460, 0x0460, 0x0460, 0x0460, 0x0460, 0x0460, 0x0460, 0x0460, 0x0460, 0x0460, 0x0460, 0x0460, 0x0460, 0x0460,
        0x0460, 0x0460, 0x0460, 0x0460, 0x0460, 0x0460, 0x0460, 0x0460, 0x0460, 0x0460, 0x0460, 0x0460, 0x0460, 0x0460, 0x0460, 0x0460,
        0x0460, 0x0460, 0x0460, 0x1366, 0x1366, 0x1366, 0x1366, 0x1366, 0x1366, 0x1366, 0x0460, 0x0460, 0x0460, 0x0460, 0x0460, 0x0460,
        0x0460, 0x0460, 0x0460, 0x0460, 0x0460, 0x0460, 0x0460, 0x0460, 0x0460, 0x0460, 0x0460, 0x0460, 0x0460, 0x0460, 0x0460, 0x0460,
        0x0460, 0x0460, 0x0460, 0x0460, 0x0460, 0x0460, 0x0460, 0x0460, 0x0460, 0x0460, 0x0460, 0x0460, 0x0460, 0x0460, 0x0460, 0x0460,
        0x0460, 0x0460, 0x0460, 0x0460, 0x0460, 0x0460, 0x0460, 0x0460, 0x0460, 0x0460, 0x0460, 0x0460, 0x0460, 0x0460, 0x0460, 0x0460,
        0x0460, 0x0460, 0x0460, 0x0460, 0x0460, 0x0460, 0x0460, 0x0460, 0x0460, 0x0460, 0x0460, 0x0460, 0x0460, 0x0460, 0x0460, 0x0460,
        0x0460, 0x0460, 0x0460, 0x0460, 0x0460, 0x0460, 0x0460, 0x0460, 0x0460, 0x0460, 0x0460, 0x0460, 0x0460, 0x0460, 0x0460, 0x0460,
        0x0460, 0x0460, 0x0460, 0x0460, 0x0460, 0x0460, 0x0460, 0x0460, 0x0460, 0x0460, 0x0460, 0x0460, 0x0460, 0x0460, 0x0460, 0x0460,
        0x0460, 0x0460, 0x0460, 0x0460, 0x0460, 0x0460, 0x0460, 0x0460, 0x0460, 0x0460, 0x0460, 0x0460, 0x0460, 0x0460, 0x0460, 0x0460,
        0x0460, 0x0460, 0x0460, 0x0460, 0x0460, 0x0460, 0x0460, 0x0460, 0x0460, 0x0460, 0x0460, 0x0460, 0x0460, 0x0460, 0x0460, 0x0460,
        0x0460, 0x0460, 0x0460, 0x0460, 0x0460, 0x0460, 0x0460, 0x0460, 0x0460, 0x0460, 0x0460, 0x0460, 0x0460, 0x0460, 0x0460, 0x0460,
        0x0460, 0x0460, 0x0460, 0x0460, 0x0460, 0x0460, 0x0460, 0x0460, 0x0460, 0x0460, 0x0460, 0x0460, 0x0460, 0x0460, 0x0460, 0x0460,
        0x0460, 0x0460, 0x0460, 0x0460, 0x0460, 0x0460, 0x0460, 0x0460, 0x0460, 0x0460, 0x0460, 0x0460, 0x0460, 0x0460, 0x0460, 0x0460,
        0x0460, 0x0460, 0x0460, 0x0460, 0x0460, 0x0460, 0x0460, 0x0460, 0x0460, 0x0460, 0x0460, 0x0460, 0x0460, 0x0460, 0x0460, 0x0460,
        0x0460, 0x0460, 0x0460, 0x0460, 0x0460, 0x0460, 0x0460, 0x0460, 0x0460, 0x0460, 0x0460, 0x0460, 0x0460, 0x0460, 0x0460, 0x0460,
        0x0460, 0x0460, 0x0460, 0x0460, 0x0460, 0x0460, 0x0460, 0x0460, 0x0460, 0x0460, 0x0460, 0x0460, 0x0460, 0x0460, 0x0460, 0x0460,
        0x0460, 0x0460, 0x0460, 0x0460, 0x0460, 0x0460, 0x0460, 0x0460, 0x0460, 0x0460, 0x0460, 0x0460, 0x0460, 0x0460, 0x0460, 0x0460,
        0x0460, 0x0460, 0x0460, 0x0460, 0x0460, 0x0460, 0x0460, 0x0460, 0x0460, 0x0460, 0x0460, 0x0460, 0x0460, 0x0460, 0x0460, 0x0460,
        0x0460, 0x1366, 0x1366, 0x1366, 0x1366, 0x1366, 0x1366, 0x1366, 0x1366, 0x1366, 0x1366, 0x1366, 0x1366, 0x1366, 0x1366, 0x1366,
        0x1366, 0x1366, 0x1366, 0x1366, 0x1366, 0x1366, 0x1366, 0x1366, 0x1366, 0x1366, 0x1366, 0x1366, 0x1366, 0x1366, 0x1366, 0x1366,
        0x1366, 0x1366, 0x1366, 0x1366, 0x1366, 0x1366, 0x1366, 0x1366, 0x1366, 0x1366, 0x1366, 0x1366, 0x1366, 0x1366, 0x0460, 0x1366,
        0x0460, 0x1366, 0x1366, 0x0460, 0x1366, 0x1366, 0x0460, 0x1366, 0x1366, 0x1366, 0x0460, 0x0460, 0x0460, 0x0460, 0x0460, 0x0460,
        0x0460, 0x0460, 0x0460, 0x0460, 0x0460, 0x0460, 0x0460, 0x0460, 0x0460, 0x0460, 0x0460, 0x0460, 0x0460, 0x0460, 0x0460, 0x0460,
        0x0460, 0x0460, 0x0460, 0x0460, 0x0460, 0x0460, 0x0460, 0x0460, 0x0460, 0x0460, 0x0460, 0x0460, 0x0460, 0x0460, 0x0460, 0x0460,
        0x0460, 0x0460, 0x0460, 0x0460, 0x0460, 0x0460, 0x0460, 0x0460, 0x0460, 0x0460, 0x0460, 0x0460, 0x0460, 0x0460, 0x0460, 0x0460,
        0x146C, 0x146C, 0x146C, 0x146C, 0x146C, 0x146C, 0x0460, 0x0460, 0x0460, 0x0460, 0x0460, 0x0460, 0x0460, 0x0460, 0x0460, 0x0460,
        0x1366, 0x1366, 0x1366, 0x1366, 0x1366, 0x1366, 0x1366, 0x1366, 0x1366, 0x1366, 0x1366, 0x0460, 0x1061, 0x0460, 0x0460, 0x0460,
        0x0460, 0x0460, 0x0460, 0x0460, 0x0460, 0x0460, 0x0460, 0x0460, 0x0460, 0x0460, 0x0460, 0x0460, 0x0460, 0x0460, 0x0460, 0x0460,
        0x0460, 0x0460, 0x0460, 0x0460, 0x0460, 0x0460, 0x0460, 0x0460, 0x0460, 0x0460, 0x0460, 0x0460, 0x0460, 0x0460, 0x0460, 0x0460,
        0x0460, 0x0460, 0x0460, 0x0460, 0x0460, 0x0460, 0x0460, 0x0460, 0x0460, 0x0460, 0x0460, 0x1366, 0x1366, 0x1366, 0x1366, 0x1366,
        0x1366, 0x1366, 0x1366, 0x1366, 0x1366, 0x1366, 0x1366, 0x1366, 0x1366, 0x1366, 0x1366, 0x1366, 0x1366, 0x1366, 0x1366, 0x1366,
        0x0460, 0x0460, 0x0460, 0x0460, 0x0460, 0x0460, 0x0460, 0x0460, 0x0460, 0x0460, 0x0460, 0x0460, 0x0460, 0x0460, 0x0460, 0x0460,
        0x1366, 0x0460, 0x0460, 0x0460, 0x0460, 0x0460, 0x0460, 0x0460, 0x0460, 0x0460, 0x0460, 0x0460, 0x0460, 0x0460, 0x0460, 0x0460,
        0x0460, 0x0460, 0x0460, 0x0460, 0x0460, 0x0460, 0x0460, 0x0460, 0x0460, 0x0460, 0x0460, 0x0460, 0x0460, 0x0460, 0x0460, 0x0460,
        0x0460, 0x0460, 0x0460, 0x0460, 0x0460, 0x0460, 0x0460, 0x0460, 0x0460, 0x0460, 0x0460, 0x0460, 0x0460, 0x0460, 0x0460, 0x0460,
        0x0460, 0x0460, 0x0460, 0x0460, 0x0460, 0x0460, 0x0460, 0x0460, 0x0460, 0x0460, 0x0460, 0x0460, 0x0460, 0x0460, 0x0460, 0x0460,
        0x0460, 0x0460, 0x0460, 0x0460, 0x0460, 0x0460, 0x0460, 0x0460, 0x0460, 0x0460, 0x0460, 0x0460, 0x0460, 0x0460, 0x0460, 0x0460,
        0x0460, 0x0460, 0x0460, 0x0460, 0x0460, 0x0460, 0x0460, 0x0460, 0x0460, 0x0460, 0x0460, 0x0460, 0x0460, 0x0460, 0x0460, 0x0460,
        0x0460, 0x0460, 0x0460, 0x0460, 0x0460, 0x0460, 0x1366, 0x1366, 0x1366, 0x1366, 0x1366, 0x1366, 0x1366, 0x146C, 0x0460, 0x1366,
        0x1366, 0x1366, 0x1366, 0x1366, 0x1366, 0x0460, 0x0460, 0x1366, 0x1366, 0x0460, 0x1366, 0x1366, 0x1366, 0x1366, 0x0460, 0x0460,
        0x0460, 0x0460, 0x0460, 0x0460, 0x0460, 0x0460, 0x0460, 0x0460, 0x0460, 0x0460, 0x0460, 0x0460, 0x0460, 0x0460, 0x0460, 0x0460,
        0x0460, 0x0460, 0x0460, 0x0460, 0x0460, 0x0460, 0x0460, 0x0460, 0x0460, 0x0460, 0x0460, 0x0460, 0x0460, 0x0460, 0x0460, 0x146C,
        0x0460, 0x1366, 0x0460, 0x0460, 0x0460, 0x0460, 0x0460, 0x0460, 0x0460, 0x0460, 0x0460, 0x0460, 0x0460, 0x0460, 0x0460, 0x0460,
        0x0460, 0x0460, 0x0460, 0x0460, 0x0460, 0x0460, 0x0460, 0x0460, 0x0460, 0x0460, 0x0460, 0x0460, 0x0460, 0x0460, 0x0460, 0x0460,
        0x1366, 0x1366, 0x1366, 0x1366, 0x1366, 0x1366, 0x1366, 0x1366, 0x1366, 0x1366, 0x1366, 0x1366, 0x1366, 0x1366, 0x1366, 0x1366,
        0x1366, 0x1366, 0x1366, 0x1366, 0x1366, 0x1366, 0x1366, 0x1366, 0x1366, 0x1366, 0x1366, 0x0460, 0x0460, 0x0460, 0x0460, 0x0460,
        0x0460, 0x0460, 0x0460, 0x0460, 0x0460, 0x0460, 0x0460, 0x0460, 0x0460, 0x0460, 0x0460, 0x0460, 0x0460, 0x0460, 0x0460, 0x0460,
        0x0460, 0x0460, 0x0460, 0x0460, 0x0460, 0x0460, 0x0460, 0x0460, 0x0460, 0x0460, 0x0460, 0x0460, 0x0460, 0x0460, 0x0460, 0x0460,
        0x0460, 0x0460, 0x0460, 0x0460, 0x0460, 0x0460, 0x0460, 0x0460, 0x0460, 0x0460, 0x0460, 0x0460, 0x0460, 0x0460, 0x0460, 0x0460,
        0x0460, 0x0460, 0x0460, 0x0460, 0x0460, 0x0460, 0x0460, 0x0460, 0x0460, 0x0460, 0x0460, 0x0460, 0x0460, 0x0460, 0x0460, 0x0460,
        0x0460, 0x0460, 0x0460, 0x0460, 0x0460, 0x0460, 0x0460, 0x0460, 0x0460, 0x0460, 0x0460, 0x0460, 0x0460, 0x0460, 0x0460, 0x0460,
        0x0460, 0x0460, 0x0460, 0x0460, 0x0460, 0x0460, 0x1366, 0x1366, 0x1366, 0x1366, 0x1366, 0x1366, 0x1366, 0x1366, 0x1366, 0x1366,
        0x1366, 0x0460, 0x0460, 0x0460, 0x0460, 0x0460, 0x0460, 0x0460, 0x0460, 0x0460, 0x0460, 0x0460, 0x0460, 0x0460, 0x0460, 0x0460,
        0x0460, 0x0460, 0x0460, 0x0460, 0x0460, 0x0460, 0x0460, 0x0460, 0x0460, 0x0460, 0x0460, 0x0460, 0x0460, 0x0460, 0x0460, 0x0460,
        0x0460, 0x0460, 0x0460, 0x0460, 0x0460, 0x0460, 0x0460, 0x0460, 0x0460, 0x0460, 0x0460, 0x0460, 0x0460, 0x0460, 0x0460, 0x0460,
        0x0460, 0x0460, 0x0460, 0x0460, 0x0460, 0x0460, 0x0460, 0x0460, 0x0460, 0x0460, 0x0460, 0x1366, 0x1366, 0x1366, 0x1366, 0x1366,
        0x1366, 0x1366, 0x1366, 0x1366, 0x0460, 0x0460, 0x0460, 0x0460, 0x0460, 0x0460, 0x0460, 0x0460, 0x0460, 0x1366, 0x0460, 0x0460,
        0x0460, 0x0460, 0x0460, 0x0460, 0x0460, 0x0460, 0x0460, 0x0460, 0x0460, 0x0460, 0x0460, 0x0460, 0x0460, 0x0460, 0x0460, 0x0460,
        0x0460, 0x0460, 0x0460, 0x0460, 0x0460, 0x0460, 0x1366, 0x1366, 0x1366, 0x1366, 0x0460, 0x1366, 0x1366, 0x1366, 0x1366, 0x1366,
        0x1366, 0x1366, 0x1366, 0x1366, 0x0460, 0x1366, 0x1366, 0x1366, 0x0460, 0x1366, 0x1366, 0x1366, 0x1366, 0x1366, 0x0460, 0x0460,
        0x0460, 0x0460, 0x0460, 0x0460, 0x0460, 0x0460, 0x0460, 0x0460, 0x0460, 0x0460, 0x0460, 0x0460, 0x0460, 0x0460, 0x0460, 0x0460,
        0x0460, 0x0460, 0x0460, 0x0460, 0x0460, 0x0460, 0x0460, 0x0460, 0x0460, 0x0460, 0x0460, 0x0460, 0x0460, 0x0460, 0x0460, 0x0460,
        0x0460, 0x0460, 0x0460, 0x0460, 0x0460, 0x0460, 0x0460, 0x0460, 0x0460, 0x1366, 0x1366, 0x1366, 0x0460, 0x0460, 0x0460, 0x0460,
        0x0460, 0x0460, 0x0460, 0x0460, 0x0460, 0x0460, 0x0460, 0x0460, 0x0460, 0x0460, 0x0460, 0x0460, 0x0460, 0x0460, 0x0460, 0x0460,
        0x0460, 0x0460, 0x0460, 0x0460, 0x0460, 0x0460, 0x0460, 0x0460, 0x0460, 0x0460, 0x0460, 0x0460, 0x0460, 0x0460, 0x0460, 0x0460,
        0x0460, 0x0460, 0x0460, 0x0460, 0x0460, 0x0460, 0x0460, 0x0460, 0x0460, 0x0460, 0x0460, 0x0460, 0x0460, 0x0460, 0x0460, 0x0460,
        0x146C, 0x146C, 0x0460, 0x0460, 0x0460, 0x0460, 0x0460, 0x1366, 0x1366, 0x1366, 0x1366, 0x1366, 0x1366, 0x1366, 0x1366, 0x1366,
        0x0460, 0x0460, 0x0460, 0x0460, 0x0460, 0x0460, 0x0460, 0x0460, 0x0460, 0x0460, 0x0460, 0x0460, 0x0460, 0x0460, 0x0460, 0x0460,
        0x0460, 0x0460, 0x0460, 0x0460, 0x0460, 0x0460, 0x0460, 0x0460, 0x0460, 0x0460, 0x0460, 0x0460, 0x0460, 0x0460, 0x0460, 0x0460,
        0x0460, 0x0460, 0x0460, 0x0460, 0x0460, 0x0460, 0x0460, 0x0460, 0x0460, 0x0460, 0x1366, 0x1366, 0x1366, 0x1366, 0x1366, 0x1366,
        0x1366, 0x1366, 0x1366, 0x1366, 0x1366, 0x1366, 0x1366, 0x1366, 0x1366, 0x1366, 0x1366, 0x1366, 0x1366, 0x1366, 0x1366, 0x1366,
        0x1366, 0x1366, 0x146C, 0x1366, 0x1366, 0x1366, 0x1366, 0x1366, 0x1366, 0x1366, 0x1366, 0x1366, 0x1366, 0x1366, 0x1366, 0x1366,
        0x1366, 0x1366, 0x1366, 0x1366, 0x1366, 0x1366, 0x1366, 0x1366, 0x1366, 0x1366, 0x1366, 0x1366, 0x1366, 0x1366, 0x1366, 0x1366,
        0x1366, 0x1366, 0x1366, 0x046E, 0x0460, 0x0460, 0x0460, 0x0460, 0x0460, 0x0460, 0x0460, 0x0460, 0x0460, 0x0460, 0x0460, 0x0460,
        0x0460, 0x0460, 0x0460, 0x0460, 0x0460, 0x0660, 0x0660, 0x0660, 0x0660, 0x0660, 0x0660, 0x0660, 0x0660, 0x0660, 0x0660, 0x0660,
        0x0660, 0x0660, 0x0660, 0x0660, 0x0660, 0x0660, 0x0660, 0x0660, 0x0660, 0x0660, 0x0660, 0x0660, 0x0660, 0x0660, 0x0660, 0x0660,
        0x0660, 0x0660, 0x0660, 0x0660, 0x0660, 0x0660, 0x0660, 0x0660, 0x0660, 0x0660, 0x1366, 0x046E, 0x1366, 0x0460, 0x046E, 0x046E,
        0x046E, 0x1366, 0x1366, 0x1366, 0x1366, 0x1366, 0x1366, 0x1366, 0x1366, 0x046E, 0x046E, 0x046E, 0x046E, 0x1166, 0x046E, 0x046E,
        0x0460, 0x1366, 0x1366, 0x1366, 0x1366, 0x1366, 0x1366, 0x1366, 0x0660, 0x0660, 0x0660, 0x0660, 0x0660, 0x0660, 0x0660, 0x0660,
        0x0460, 0x0460, 0x1366, 0x1366, 0x0460, 0x0460, 0x0460, 0x0460, 0x0460, 0x0460, 0x0460, 0x0460, 0x0460, 0x0460, 0x0460, 0x0460,
        0x0460, 0x0460, 0x0460, 0x0460, 0x0460, 0x0460, 0x0460, 0x0460, 0x0660, 0x0660, 0x0660, 0x0660, 0x0660, 0x0660, 0x0660, 0x0660,
        0x0460, 0x1366, 0x046E, 0x046E, 0x0460, 0x0460, 0x0460, 0x0460, 0x0460, 0x0460, 0x0460, 0x0460, 0x0460, 0x0460, 0x0460, 0x0460,
        0x0460, 0x0460, 0x0460, 0x0460, 0x0460, 0x0660, 0x0660, 0x0660, 0x0660, 0x0660, 0x0660, 0x0660, 0x0660, 0x0660, 0x0660, 0x0660,
        0x0660, 0x0660, 0x0660, 0x0660, 0x0660, 0x0660, 0x0660, 0x0660, 0x0660, 0x0460, 0x0660, 0x0660, 0x0660, 0x0660, 0x0660, 0x0660,
        0x0660, 0x0460, 0x0660, 0x0460, 0x0460, 0x0460, 0x0660, 0x0660, 0x0660, 0x0660, 0x0460, 0x0460, 0x1366, 0x0460, 0x0766, 0x046E,
        0x046E, 0x1366, 0x1366, 0x1366, 0x1366, 0x0460, 0x0460, 0x046E, 0x046E, 0x0460, 0x0460, 0x046E, 0x046E, 0x1166, 0x0460, 0x0460,
        0x0460, 0x0460, 0x0460, 0x0460, 0x0460, 0x0460, 0x0460, 0x0766, 0x0460, 0x0460, 0x0460, 0x0460, 0x0660, 0x0660, 0x0460, 0x0660,
        0x0460, 0x0460, 0x1366, 0x1366, 0x0460, 0x0460, 0x0460, 0x0460, 0x0460, 0x0460, 0x0460, 0x0460, 0x0460, 0x0460, 0x0460, 0x0460,
        0x0660, 0x0660, 0x0460, 0x0460, 0x0460, 0x0460, 0x0460, 0x0460, 0x0460, 0x0460, 0x0460, 0x0460, 0x0460, 0x0460, 0x1366, 0x0460,
        0x0460, 0x1366, 0x1366, 0x046E, 0x0460, 0x0460, 0x0460, 0x0460, 0x0460, 0x0460, 0x0460, 0x0460, 0x0460, 0x0460, 0x0460, 0x0460,
        0x0460, 0x0460, 0x0460, 0x0460, 0x0460, 0x0460, 0x0460, 0x0460, 0x0460, 0x0460, 0x0460, 0x0460, 0x0460, 0x0460, 0x0460, 0x0460,
        0x0460, 0x0460, 0x0460, 0x0460, 0x0460, 0x0460, 0x0460, 0x0460, 0x0460, 0x0460, 0x0460, 0x0460, 0x0460, 0x0460, 0x0460, 0x0460,
        0x0460, 0x0460, 0x0460, 0x0460, 0x0460, 0x0460, 0x0460, 0x0460, 0x0460, 0x0460, 0x0460, 0x0460, 0x1366, 0x0460, 0x046E, 0x046E,
        0x046E, 0x1366, 0x1366, 0x0460, 0x0460, 0x0460, 0x0460, 0x1366, 0x1366, 0x0460, 0x0460, 0x1366, 0x1366, 0x1366, 0x0460, 0x0460,
        0x0460, 0x1366, 0x0460, 0x0460, 0x0460, 0x0460, 0x0460, 0x0460, 0x0460, 0x0460, 0x0460, 0x0460, 0x0460, 0x0460, 0x0460, 0x0460,
        0x0460, 0x0460, 0x0460, 0x0460, 0x0460, 0x0460, 0x0460, 0x0460, 0x0460, 0x0460, 0x0460, 0x0460, 0x0460, 0x0460, 0x0460, 0x0460,
        0x1366, 0x1366, 0x0460, 0x0460, 0x0460, 0x1366, 0x0460, 0x0460, 0x0460, 0x0460, 0x0460, 0x0460, 0x0460, 0x0460, 0x0460, 0x0460,
        0x0460, 0x1366, 0x1366, 0x046E, 0x0460, 0x0460, 0x0460, 0x0460, 0x0460, 0x0460, 0x0460, 0x0460, 0x0460, 0x0460, 0x0460, 0x0460,
        0x0460, 0x0460, 0x0460, 0x0460, 0x0460, 0x0660, 0x0660, 0x0660, 0x0660, 0x0660, 0x0660, 0x0660, 0x0660, 0x0660, 0x0660, 0x0660,
        0x0660, 0x0660, 0x0660, 0x0660, 0x0660, 0x0660, 0x0660, 0x0660, 0x0660, 0x0460, 0x0660, 0x0660, 0x0660, 0x0660, 0x0660, 0x0660,
        0x0660, 0x0460, 0x0660, 0x0660, 0x0460, 0x0660, 0x0660, 0x0660, 0x0660, 0x0660, 0x0460, 0x0460, 0x1366, 0x0460, 0x046E, 0x046E,
        0x046E, 0x1366, 0x1366, 0x1366, 0x1366, 0x1366, 0x0460, 0x1366, 0x1366, 0x046E, 0x0460, 0x046E, 0x046E, 0x1166, 0x0460, 0x0460,
        0x0460, 0x0460, 0x0460, 0x0460, 0x0460, 0x0460, 0x0460, 0x0460, 0x0460, 0x0460, 0x0460, 0x0460, 0x0460, 0x0460, 0x0460, 0x0460,
        0x0460, 0x0460, 0x1366, 0x1366, 0x0460, 0x0460, 0x0460, 0x0460, 0x0460, 0x0460, 0x0460, 0x0460, 0x0460, 0x0460, 0x0460, 0x0460,
        0x0460, 0x0460, 0x0460, 0x0460, 0x0460, 0x0460, 0x0460, 0x0460, 0x0460, 0x0660, 0x1366, 0x1366, 0x1366, 0x1366, 0x1366, 0x1366,
        0x0460, 0x1366, 0x046E, 0x046E, 0x0460, 0x0460, 0x0460, 0x0460, 0x0460, 0x0460, 0x0460, 0x0460, 0x0460, 0x0460, 0x0460, 0x0460,
        0x0460, 0x0460, 0x0460, 0x0460, 0x0460, 0x0660, 0x0660, 0x0660, 0x0660, 0x0660, 0x0660, 0x0660, 0x0660, 0x0660, 0x0660, 0x0660,
        0x0660, 0x0660, 0x0660, 0x0660, 0x0660, 0x0660, 0x0660, 0x0660, 0x0660, 0x0460, 0x0660, 0x0660, 0x0660, 0x0660, 0x0660, 0x0660,
        0x0660, 0x0460, 0x0660, 0x0660, 0x0460, 0x0660, 0x0660, 0x0660, 0x0660, 0x0660, 0x0460, 0x0460, 0x1366, 0x0460, 0x0766, 0x1366,
        0x046E, 0x1366, 0x1366, 0x1366, 0x1366, 0x0460, 0x0460, 0x046E, 0x046E, 0x0460, 0x0460, 0x046E, 0x046E, 0x1166, 0x0460, 0x0460,
        0x0460, 0x0460, 0x0460, 0x1366, 0x1366, 0x1366, 0x1366, 0x0766, 0x0460, 0x0460, 0x0460, 0x0460, 0x0660, 0x0660, 0x0460, 0x0660,
        0x0460, 0x0460, 0x1366, 0x1366, 0x0460, 0x0460, 0x0460, 0x0460, 0x0460, 0x0460, 0x0460, 0x0460, 0x0460, 0x0460, 0x0460, 0x0460,
        0x0460, 0x0660, 0x0460, 0x0460, 0x0460, 0x0460, 0x0460, 0x0460, 0x0460, 0x0460, 0x0460, 0x0460, 0x0460, 0x0460, 0x0460, 0x0460,
        0x0460, 0x0460, 0x1366, 0x0460, 0x0460, 0x0460, 0x0460, 0x0460, 0x0460, 0x0460, 0x0460, 0x0460, 0x0460, 0x0460, 0x0460, 0x0460,
        0x0460, 0x0460, 0x0460, 0x0460, 0x0460, 0x0460, 0x0460, 0x0460, 0x0460, 0x0460, 0x0460, 0x0460, 0x0460, 0x0460, 0x0460, 0x0460,
        0x0460, 0x0460, 0x0460, 0x0460, 0x0460, 0x0460, 0x0460, 0x0460, 0x0460, 0x0460, 0x0460, 0x0460, 0x0460, 0x0460, 0x0460, 0x0460,
        0x0460, 0x0460, 0x0460, 0x0460, 0x0460, 0x0460, 0x0460, 0x0460, 0x0460, 0x0460, 0x0460, 0x0460, 0x0460, 0x0460, 0x0766, 0x046E,
        0x1366, 0x046E, 0x046E, 0x0460, 0x0460, 0x0460, 0x046E, 0x046E, 0x046E, 0x0460, 0x046E, 0x046E, 0x046E, 0x1366, 0x0460, 0x0460,
        0x0460, 0x0460, 0x0460, 0x0460, 0x0460, 0x0460, 0x0460, 0x0766, 0x0460, 0x0460, 0x0460, 0x0460, 0x0460, 0x0460, 0x0460, 0x0460,
        0x0460, 0x0460, 0x0460, 0x0460, 0x0460, 0x0460, 0x0460, 0x0460, 0x0460, 0x0460, 0x0460, 0x0460, 0x0460, 0x0460, 0x0460, 0x0460,
        0x0460, 0x0460, 0x0460, 0x0460, 0x0460, 0x0460, 0x0460, 0x0460, 0x0460, 0x0460, 0x0460, 0x0460, 0x0460, 0x0460, 0x0460, 0x0460,
        0x1366, 0x046E, 0x046E, 0x046E, 0x1366, 0x0460, 0x0460, 0x0460, 0x0460, 0x0460, 0x0460, 0x0460, 0x0460, 0x0460, 0x0460, 0x0460,
        0x0460, 0x0460, 0x0460, 0x0460, 0x0460, 0x0660, 0x0660, 0x0660, 0x0660, 0x0660, 0x0660, 0x0660, 0x0660, 0x0660, 0x0660, 0x0660,
        0x0660, 0x0660, 0x0660, 0x0660, 0x0660, 0x0660, 0x0660, 0x0660, 0x0660, 0x0460, 0x0660, 0x0660, 0x0660, 0x0660, 0x0660, 0x0660,
        0x0660, 0x0660, 0x0660, 0x0660, 0x0660, 0x0660, 0x0660, 0x0660, 0x0660, 0x0660, 0x0460, 0x0460, 0x1366, 0x0460, 0x1366, 0x1366,
        0x1366, 0x046E, 0x046E, 0x046E, 0x046E, 0x0460, 0x1366, 0x1366, 0x1366, 0x0460, 0x1366, 0x1366, 0x1366, 0x1166, 0x0460, 0x0460,
        0x0460, 0x0460, 0x0460, 0x0460, 0x0460, 0x1366, 0x1366, 0x0460, 0x0660, 0x0660, 0x0660, 0x0460, 0x0460, 0x0460, 0x0460, 0x0460,
        0x0460, 0x0460, 0x1366, 0x1366, 0x0460, 0x0460, 0x0460, 0x0460, 0x0460, 0x0460, 0x0460, 0x0460, 0x0460, 0x0460, 0x0460, 0x0460,
        0x0460, 0x0460, 0x0460, 0x0460, 0x0460, 0x0460, 0x0460, 0x0460, 0x0460, 0x0460, 0x0460, 0x0460, 0x0460, 0x0460, 0x0460, 0x0460,
        0x0460, 0x1366, 0x046E, 0x046E, 0x0460, 0x0460, 0x0460, 0x0460, 0x0460, 0x0460, 0x0460, 0x0460, 0x0460, 0x0460, 0x0460, 0x0460,
        0x0460, 0x0460, 0x0460, 0x0460, 0x0460, 0x0460, 0x0460, 0x0460, 0x0460, 0x0460, 0x0460, 0x0460, 0x0460, 0x0460, 0x0460, 0x0460,
        0x0460, 0x0460, 0x0460, 0x0460, 0x0460, 0x0460, 0x0460, 0x0460, 0x0460, 0x0460, 0x0460, 0x0460, 0x0460, 0x0460, 0x0460, 0x0460,
        0x0460, 0x0460, 0x0460, 0x0460, 0x0460, 0x0460, 0x0460, 0x0460, 0x0460, 0x0460, 0x0460, 0x0460, 0x1366, 0x0460, 0x046E, 0x1366,
        0x0766, 0x046E, 0x0766, 0x046E, 0x046E, 0x0460, 0x1366, 0x0766, 0x0766, 0x0460, 0x0766, 0x0766, 0x1366, 0x1366, 0x0460, 0x0460,
        0x0460, 0x0460, 0x0460, 0x0460, 0x0460, 0x0766, 0x0766, 0x0460, 0x0460, 0x0460, 0x0460, 0x0460, 0x0460, 0x0460, 0x0460, 0x0460,
        0x0460, 0x0460, 0x1366, 0x1366, 0x0460, 0x0460, 0x0460, 0x0460, 0x0460, 0x0460, 0x0460, 0x0460, 0x0460, 0x0460, 0x0460, 0x0460,
        0x0460, 0x0460, 0x0460, 0x046E, 0x0460, 0x0460, 0x0460, 0x0460, 0x0460, 0x0460, 0x0460, 0x0460, 0x0460, 0x0460, 0x0460, 0x0460,
        0x1366, 0x1366, 0x046E, 0x046E, 0x0460, 0x0460, 0x0460, 0x0460, 0x0460, 0x0460, 0x0460, 0x0460, 0x0460, 0x0460, 0x0460, 0x0460,
        0x0460, 0x0460, 0x0460, 0x0460, 0x0460, 0x0660, 0x0660, 0x0660, 0x0660, 0x0660, 0x0660, 0x0660, 0x0660, 0x0660, 0x0660, 0x0660,
        0x0660, 0x0660, 0x0660, 0x0660, 0x0660, 0x0660, 0x0660, 0x0660, 0x0660, 0x0660, 0x0660, 0x0660, 0x0660, 0x0660, 0x0660, 0x0660,
        0x0660, 0x0660, 0x0660, 0x0660, 0x0660, 0x0660, 0x0660, 0x0660, 0x0660, 0x0660, 0x0660, 0x1366, 0x1366, 0x0460, 0x0766, 0x046E,
        0x046E, 0x1366, 0x1366, 0x1366, 0x1366, 0x0460, 0x046E, 0x046E, 0x046E, 0x0460, 0x046E, 0x046E, 0x046E, 0x1166, 0x146C, 0x0460,
        0x0460, 0x0460, 0x0460, 0x0460, 0x0460, 0x0460, 0x0460, 0x0766, 0x0460, 0x0460, 0x0460, 0x0460, 0x0460, 0x0460, 0x0460, 0x0460,
        0x0460, 0x0460, 0x1366, 0x1366, 0x0460, 0x0460, 0x0460, 0x0460, 0x0460, 0x0460, 0x0460, 0x0460, 0x0460, 0x0460, 0x0460, 0x0460,
        0x0460, 0x0460, 0x0460, 0x0460, 0x0460, 0x0460, 0x0460, 0x0460, 0x0460, 0x0460, 0x0460, 0x0460, 0x0460, 0x0460, 0x0460, 0x0460,
        0x0460, 0x1366, 0x046E, 0x046E, 0x0460, 0x0460, 0x0460, 0x0460, 0x0460, 0x0460, 0x0460, 0x0460, 0x0460, 0x0460, 0x0460, 0x0460,
        0x0460, 0x0460, 0x0460, 0x0460, 0x0460, 0x0460, 0x0460, 0x0460, 0x0460, 0x0460, 0x0460, 0x0460, 0x0460, 0x0460, 0x0460, 0x0460,
        0x0460, 0x0460, 0x0460, 0x0460, 0x0460, 0x0460, 0x0460, 0x0460, 0x0460, 0x0460, 0x0460, 0x0460, 0x0460, 0x0460, 0x0460, 0x0460,
        0x0460, 0x0460, 0x0460, 0x0460, 0x0460, 0x0460, 0x0460, 0x0460, 0x0460, 0x0460, 0x0460, 0x0460, 0x0460, 0x0460, 0x0460, 0x0460,
        0x0460, 0x0460, 0x0460, 0x0460, 0x0460, 0x0460, 0x0460, 0x0460, 0x0460, 0x0460, 0x1366, 0x0460, 0x0460, 0x0460, 0x0460, 0x0766,
        0x046E, 0x046E, 0x1366, 0x1366, 0x1366, 0x0460, 0x1366, 0x0460, 0x046E, 0x046E, 0x046E, 0x046E, 0x046E, 0x046E, 0x046E, 0x0766,
        0x0460, 0x0460, 0x0460, 0x0460, 0x0460, 0x0460, 0x0460, 0x0460, 0x0460, 0x0460, 0x0460, 0x0460, 0x0460, 0x0460, 0x0460, 0x0460,
        0x0460, 0x0460, 0x046E, 0x046E, 0x0460, 0x0460, 0x0460, 0x0460, 0x0460, 0x0460, 0x0460, 0x0460, 0x0460, 0x0460, 0x0460, 0x0460,
        0x0460, 0x0460, 0x0460, 0x0460, 0x0460, 0x0460, 0x0460, 0x0460, 0x0460, 0x0460, 0x0460, 0x0460, 0x0460, 0x0460, 0x0460, 0x0460,
        0x0460, 0x0460, 0x0460, 0x0460, 0x0460, 0x0460, 0x0460, 0x0460, 0x0460, 0x0460, 0x0460, 0x0460, 0x0460, 0x0460, 0x0460, 0x0460,
        0x0460, 0x0460, 0x0460, 0x0460, 0x0460, 0x0460, 0x0460, 0x0460, 0x0460, 0x0460, 0x0460, 0x0460, 0x0460, 0x0460, 0x0460, 0x0460,
        0x0460, 0x1366, 0x0460, 0x046E, 0x1366, 0x1366, 0x1366, 0x1366, 0x1366, 0x1366, 0x1366, 0x0460, 0x0460, 0x0460, 0x0460, 0x0460,
        0x0460, 0x0460, 0x0460, 0x0460, 0x0460, 0x0460, 0x0460, 0x1366, 0x1366, 0x1366, 0x1366, 0x1366, 0x1366, 0x1366, 0x1366, 0x0460,
        0x0460, 0x0460, 0x0460, 0x0460, 0x0460, 0x0460, 0x0460, 0x0460, 0x0460, 0x0460, 0x0460, 0x0460, 0x0460, 0x0460, 0x0460, 0x0460,
        0x0460, 0x0460, 0x0460, 0x0460, 0x0460, 0x0460, 0x0460, 0x0460, 0x0460, 0x0460, 0x0460, 0x0460, 0x0460, 0x0460, 0x0460, 0x0460,
        0x0460, 0x0460, 0x0460, 0x0460, 0x0460, 0x0460, 0x0460, 0x0460, 0x0460, 0x0460, 0x0460, 0x0460, 0x0460, 0x0460, 0x0460, 0x0460,
        0x0460, 0x0460, 0x0460, 0x0460, 0x0460, 0x0460, 0x0460, 0x0460, 0x0460, 0x0460, 0x0460, 0x0460, 0x0460, 0x0460, 0x0460, 0x0460,
        0x0460, 0x0460, 0x0460, 0x0460, 0x0460, 0x0460, 0x0460, 0x0460, 0x0460, 0x0460, 0x0460, 0x0460, 0x0460, 0x0460, 0x0460, 0x0460,
        0x0460, 0x0460, 0x0460, 0x0460, 0x0460, 0x0460, 0x0460, 0x0460, 0x0460, 0x0460, 0x0460, 0x0460, 0x0460, 0x0460, 0x0460, 0x0460,
        0x0460, 0x1366, 0x0460, 0x046E, 0x1366, 0x1366, 0x1366, 0x1366, 0x1366, 0x1366, 0x1366, 0x1366, 0x1366, 0x0460, 0x0460, 0x0460,
        0x0460, 0x0460, 0x0460, 0x0460, 0x0460, 0x0460, 0x0460, 0x0460, 0x1366, 0x1366, 0x1366, 0x1366, 0x1366, 0x1366, 0x1366, 0x0460,
        0x0460, 0x0460, 0x0460, 0x0460, 0x0460, 0x0460, 0x0460, 0x0460, 0x0460, 0x0460, 0x0460, 0x0460, 0x0460, 0x0460, 0x0460, 0x0460,
        0x0460, 0x0460, 0x0460, 0x0460, 0x0460, 0x0460, 0x0460, 0x0460, 0x0460, 0x0460, 0x0460, 0x0460, 0x0460, 0x0460, 0x0460, 0x0460,
        0x0460, 0x0460, 0x0460, 0x0460, 0x0460, 0x0460, 0x0460, 0x0460, 0x0460, 0x0460, 0x0460, 0x0460, 0x0460, 0x0460, 0x0460, 0x0460,
        0x0460, 0x0460, 0x0460, 0x0460, 0x0460, 0x0460, 0x0460, 0x0460, 0x0460, 0x0460, 0x0460, 0x0460, 0x0460, 0x0460, 0x0460, 0x0460,
        0x0460, 0x0460, 0x0460, 0x0460, 0x0460, 0x0460, 0x0460, 0x0460, 0x1366, 0x1366, 0x0460, 0x0460, 0x0460, 0x0460, 0x0460, 0x0460,
        0x0460, 0x0460, 0x0460, 0x0460, 0x0460, 0x0460, 0x0460, 0x0460, 0x0460, 0x0460, 0x0460, 0x0460, 0x0460, 0x0460, 0x0460, 0x0460,
        0x0460, 0x0460, 0x0460, 0x0460, 0x0460, 0x1366, 0x0460, 0x1366, 0x0460, 0x1366, 0x0460, 0x0460, 0x0460, 0x0460, 0x046E, 0x046E,
        0x0460, 0x0460, 0x0460, 0x0460, 0x0460, 0x0460, 0x0460, 0x0460, 0x0460, 0x0460, 0x0460, 0x0460, 0x0460, 0x0460, 0x0460, 0x0460,
        0x0460, 0x0460, 0x0460, 0x0460, 0x0460, 0x0460, 0x0460, 0x0460, 0x0460, 0x0460, 0x0460, 0x0460, 0x0460, 0x0460, 0x0460, 0x0460,
        0x0460, 0x0460, 0x0460, 0x0460, 0x0460, 0x0460, 0x0460, 0x0460, 0x0460, 0x0460, 0x0460, 0x0460, 0x0460, 0x0460, 0x0460, 0x0460,
        0x0460, 0x1366, 0x1366, 0x1366, 0x1366, 0x1366, 0x1366, 0x1366, 0x1366, 0x1366, 0x1366, 0x1366, 0x1366, 0x1366, 0x1366, 0x046E,
        0x1366, 0x1366, 0x1366, 0x1366, 0x1366, 0x0460, 0x1366, 0x1366, 0x0460, 0x0460, 0x0460, 0x0460, 0x0460, 0x1366, 0x1366, 0x1366,
        0x1366, 0x1366, 0x1366, 0x1366, 0x1366, 0x1366, 0x1366, 0x1366, 0x0460, 0x1366, 0x1366, 0x1366, 0x1366, 0x1366, 0x1366, 0x1366,
        0x1366, 0x1366, 0x1366, 0x1366, 0x1366, 0x1366, 0x1366, 0x1366, 0x1366, 0x1366, 0x1366, 0x1366, 0x1366, 0x1366, 0x1366, 0x1366,
        0x1366, 0x1366, 0x1366, 0x1366, 0x1366, 0x1366, 0x1366, 0x1366, 0x1366, 0x1366, 0x1366, 0x1366, 0x1366, 0x0460, 0x0460, 0x0460,
        0x0460, 0x0460, 0x0460, 0x0460, 0x0460, 0x0460, 0x1366, 0x0460, 0x0460, 0x0460, 0x0460, 0x0460, 0x0460, 0x0460, 0x0460, 0x0460,
        0x0460, 0x0460, 0x0460, 0x0460, 0x0460, 0x0460, 0x0460, 0x0460, 0x0460, 0x0460, 0x0460, 0x0460, 0x0460, 0x0460, 0x0460, 0x0460,
        0x0460, 0x0460, 0x0460, 0x0460, 0x0460, 0x0460, 0x0460, 0x0460, 0x0460, 0x0460, 0x0460, 0x0460, 0x0460, 0x0460, 0x0460, 0x0460,
        0x0460, 0x0460, 0x0460, 0x0460, 0x0460, 0x0460, 0x0460, 0x0460, 0x0460, 0x0460, 0x0460, 0x0460, 0x0460, 0x0460, 0x0460, 0x0460,
        0x0660, 0x0660, 0x0660, 0x0660, 0x0660, 0x0660, 0x0660, 0x0660, 0x0660, 0x0660, 0x0660, 0x0660, 0x0660, 0x0660, 0x0660, 0x0660,
        0x0660, 0x0660, 0x0660, 0x0660, 0x0660, 0x0660, 0x0660, 0x0660, 0x0660, 0x0660, 0x0660, 0x0660, 0x0660, 0x0660, 0x0660, 0x0660,
        0x0660, 0x0660, 0x0660, 0x0660, 0x0660, 0x0660, 0x0660, 0x0660, 0x0660, 0x0660, 0x0660, 0x0460, 0x0460, 0x1366, 0x1366, 0x1366,
        0x1366, 0x046E, 0x1366, 0x1366, 0x1366, 0x1366, 0x1366, 0x1366, 0x0460, 0x1166, 0x1366, 0x046E, 0x046E, 0x1366, 0x1366, 0x0660,
        0x0460, 0x0460, 0x0460, 0x0460, 0x0460, 0x0460, 0x0460, 0x0460, 0x0460, 0x0460, 0x0460, 0x0460, 0x0460, 0x0460, 0x0460, 0x0460,
        0x0660, 0x0660, 0x0660, 0x0660, 0x0660, 0x0660, 0x046E, 0x046E, 0x1366, 0x1366, 0x0660, 0x0660, 0x0660, 0x0660, 0x1366, 0x1366,
        0x1366, 0x0660, 0x0460, 0x0460, 0x0460, 0x0660, 0x0660, 0x0460, 0x0460, 0x0460, 0x0460, 0x0460, 0x0460, 0x0460, 0x0660, 0x0660,
        0x0660, 0x1366, 0x1366, 0x1366, 0x1366, 0x0660, 0x0660, 0x0660, 0x0660, 0x0660, 0x0660, 0x0660, 0x0660, 0x0660, 0x0660, 0x0660,
        0x0660, 0x0660, 0x1366, 0x0460, 0x046E, 0x1366, 0x1366, 0x0460, 0x0460, 0x0460, 0x0460, 0x0460, 0x0460, 0x1366, 0x0660, 0x0460,
        0x0460, 0x0460, 0x0460, 0x0460, 0x0460, 0x0460, 0x0460, 0x0460, 0x0460, 0x0460, 0x0460, 0x0460, 0x0460, 0x1366, 0x0460, 0x0460,
        0x0460, 0x0460, 0x0460, 0x0460, 0x0460, 0x0460, 0x0460, 0x0460, 0x0460, 0x0460, 0x0460, 0x0460, 0x0460, 0x0460, 0x0460, 0x0460,
        0x0460, 0x0460, 0x0460, 0x0460, 0x0460, 0x0460, 0x0460, 0x0460, 0x0460, 0x0460, 0x0460, 0x0460, 0x0460, 0x0460, 0x0460, 0x0460,
        0x0460, 0x0460, 0x0460, 0x0460, 0x0460, 0x0460, 0x0460, 0x0460, 0x0460, 0x0460, 0x0460, 0x0460, 0x0460, 0x0460, 0x0460, 0x0460,
        0x0460, 0x0460, 0x0460, 0x0460, 0x0460, 0x0460, 0x0460, 0x0460, 0x0460, 0x0460, 0x0460, 0x0460, 0x0460, 0x0460, 0x0460, 0x0460,
        0x0460, 0x0460, 0x0460, 0x0460, 0x0460, 0x0460, 0x0460, 0x0460, 0x0460, 0x0460, 0x0460, 0x0460, 0x0460, 0x0460, 0x0460, 0x0460,
        0x0460, 0x0460, 0x0460, 0x0460, 0x0460, 0x0460, 0x0460, 0x0460, 0x0460, 0x0460, 0x0460, 0x0460, 0x0460, 0x0460, 0x0460, 0x0460,
        0x08A8, 0x08A8, 0x08A8, 0x08A8, 0x08A8, 0x08A8, 0x08A8, 0x08A8, 0x08A8, 0x08A8, 0x08A8, 0x08A8, 0x08A8, 0x08A8, 0x08A8, 0x08A8,
        0x08A8, 0x08A8, 0x08A8, 0x08A8, 0x08A8, 0x08A8, 0x08A8, 0x08A8, 0x08A8, 0x08A8, 0x08A8, 0x08A8, 0x08A8, 0x08A8, 0x08A8, 0x08A8,
        0x08A8, 0x08A8, 0x08A8, 0x08A8, 0x08A8, 0x08A8, 0x08A8, 0x08A8, 0x08A8, 0x08A8, 0x08A8, 0x08A8, 0x08A8, 0x08A8, 0x08A8, 0x08A8,
        0x08A8, 0x08A8, 0x08A8, 0x08A8, 0x08A8, 0x08A8, 0x08A8, 0x08A8, 0x08A8, 0x08A8, 0x08A8, 0x08A8, 0x08A8, 0x08A8, 0x08A8, 0x08A8,
        0x08A8, 0x08A8, 0x08A8, 0x08A8, 0x08A8, 0x08A8, 0x08A8, 0x08A8, 0x08A8, 0x08A8, 0x08A8, 0x08A8, 0x08A8, 0x08A8, 0x08A8, 0x08A8,
        0x08A8, 0x08A8, 0x08A8, 0x08A8, 0x08A8, 0x08A8, 0x08A8, 0x08A8, 0x08A8, 0x08A8, 0x08A8, 0x08A8, 0x08A8, 0x08A8, 0x08A8, 0x10A8,
        0x1070, 0x1070, 0x1070, 0x1070, 0x1070, 0x1070, 0x1070, 0x1070, 0x1070, 0x1070, 0x1070, 0x1070, 0x1070, 0x1070, 0x1070, 0x1070,
        0x1070, 0x1070, 0x1070, 0x1070, 0x1070, 0x1070, 0x1070, 0x1070, 0x1070, 0x1070, 0x1070, 0x1070, 0x1070, 0x1070, 0x1070, 0x1070,
        0x1070, 0x1070, 0x1070, 0x1070, 0x1070, 0x1070, 0x1070, 0x1070, 0x1070, 0x1070, 0x1070, 0x1070, 0x1070, 0x1070, 0x1070, 0x1070,
        0x1070, 0x1070, 0x1070, 0x1070, 0x1070, 0x1070, 0x1070, 0x1070, 0x1070, 0x1070, 0x1070, 0x1070, 0x1070, 0x1070, 0x1070, 0x1070,
        0x1070, 0x1070, 0x1070, 0x1070, 0x1070, 0x1070, 0x1070, 0x1070, 0x106F, 0x106F, 0x106F, 0x106F, 0x106F, 0x106F, 0x106F, 0x106F,
        0x106F, 0x106F, 0x106F, 0x106F, 0x106F, 0x106F, 0x106F, 0x106F, 0x106F, 0x106F, 0x106F, 0x106F, 0x106F, 0x106F, 0x106F, 0x106F,
        0x106F, 0x106F, 0x106F, 0x106F, 0x106F, 0x106F, 0x106F, 0x106F, 0x106F, 0x106F, 0x106F, 0x106F, 0x106F, 0x106F, 0x106F, 0x106F,
        0x106F, 0x106F, 0x106F, 0x106F, 0x106F, 0x106F, 0x106F, 0x106F, 0x106F, 0x106F, 0x106F, 0x106F, 0x106F, 0x106F, 0x106F, 0x106F,
        0x106F, 0x106F, 0x106F, 0x106F, 0x106F, 0x106F, 0x106F, 0x106F, 0x106F, 0x106F, 0x106F, 0x106F, 0x106F, 0x106F, 0x106F, 0x106F,
        0x106F, 0x106F, 0x106F, 0x106F, 0x106F, 0x106F, 0x106F, 0x106F, 0x106F, 0x106F, 0x106F, 0x106F, 0x106F, 0x106F, 0x106F, 0x106F,
        0x0460, 0x0460, 0x0460, 0x0460, 0x0460, 0x0460, 0x0460, 0x0460, 0x0460, 0x0460, 0x0460, 0x0460, 0x0460, 0x0460, 0x0460, 0x0460,
        0x0460, 0x0460, 0x0460, 0x0460, 0x0460, 0x0460, 0x0460, 0x0460, 0x0460, 0x0460, 0x0460, 0x0460, 0x0460, 0x0460, 0x0460, 0x0460,
        0x0460, 0x0460, 0x0460, 0x0460, 0x0460, 0x0460, 0x0460, 0x0460, 0x0460, 0x0460, 0x0460, 0x0460, 0x0460, 0x0460, 0x0460, 0x0460,
        0x0460, 0x0460, 0x0460, 0x0460, 0x0460, 0x0460, 0x0460, 0x0460, 0x0460, 0x0460, 0x0460, 0x0460, 0x0460, 0x0460, 0x0460, 0x0460,
        0x0460, 0x0460, 0x0460, 0x0460, 0x0460, 0x0460, 0x0460, 0x0460, 0x0460, 0x0460, 0x0460, 0x0460, 0x0460, 0x0460, 0x0460, 0x0460,
        0x0460, 0x0460, 0x0460, 0x0460, 0x0460, 0x0460, 0x0460, 0x0460, 0x0460, 0x0460, 0x0460, 0x0460, 0x0460, 0x0460, 0x0460, 0x0460,
        0x0460, 0x0460, 0x0460, 0x0460, 0x0460, 0x0460, 0x0460, 0x0460, 0x0460, 0x0460, 0x0460, 0x0460, 0x0460, 0x0460, 0x0460, 0x0460,
        0x0460, 0x0460, 0x0460, 0x0460, 0x0460, 0x0460, 0x0460, 0x0460, 0x0460, 0x0460, 0x0460, 0x0460, 0x0460, 0x0460, 0x0460, 0x0460,
        0x0460, 0x0460, 0x0460, 0x0460, 0x0460, 0x0460, 0x0460, 0x0460, 0x0460, 0x0460, 0x0460, 0x0460, 0x0460, 0x0460, 0x0460, 0x0460,
        0x0460, 0x0460, 0x0460, 0x0460, 0x0460, 0x0460, 0x0460, 0x0460, 0x0460, 0x0460, 0x0460, 0x0460, 0x0460, 0x0460, 0x0460, 0x0460,
        0x0460, 0x0460, 0x0460, 0x0460, 0x0460, 0x0460, 0x0460, 0x0460, 0x0460, 0x0460, 0x0460, 0x0460, 0x0460, 0x0460, 0x0460, 0x0460,
        0x0460, 0x0460, 0x0460, 0x0460, 0x0460, 0x0460, 0x0460, 0x0460, 0x0460, 0x0460, 0x0460, 0x0460, 0x0460, 0x0460, 0x0460, 0x0460,
        0x0460, 0x0460, 0x0460, 0x0460, 0x0460, 0x0460, 0x0460, 0x0460, 0x0460, 0x0460, 0x0460, 0x0460, 0x0460, 0x0460, 0x0460, 0x0460,
        0x0460, 0x0460, 0x0460, 0x0460, 0x0460, 0x0460, 0x0460, 0x0460, 0x0460, 0x0460, 0x0460, 0x0460, 0x0460, 0x0460, 0x0460, 0x0460,
        0x0460, 0x0460, 0x0460, 0x0460, 0x0460, 0x0460, 0x0460, 0x0460, 0x0460, 0x0460, 0x0460, 0x0460, 0x0460, 0x0460, 0x0460, 0x0460,
        0x0460, 0x0460, 0x0460, 0x0460, 0x0460, 0x0460, 0x0460, 0x0460, 0x0460, 0x0460, 0x0460, 0x0460, 0x0460, 0x0460, 0x0460, 0x0460,
        0x0460, 0x0460, 0x0460, 0x0460, 0x0460, 0x0460, 0x0460, 0x0460, 0x0460, 0x0460, 0x0460, 0x0460, 0x0460, 0x0460, 0x0460, 0x0460,
        0x0460, 0x0460, 0x0460, 0x0460, 0x0460, 0x0460, 0x0460, 0x0460, 0x0460, 0x0460, 0x0460, 0x0460, 0x0460, 0x0460, 0x0460, 0x0460,
        0x0460, 0x0460, 0x0460, 0x0460, 0x0460, 0x0460, 0x0460, 0x0460, 0x0460, 0x0460, 0x0460, 0x0460, 0x0460, 0x0460, 0x0460, 0x0460,
        0x0460, 0x0460, 0x0460, 0x0460, 0x0460, 0x0460, 0x0460, 0x0460, 0x0460, 0x0460, 0x0460, 0x0460, 0x0460, 0x0460, 0x0460, 0x0460,
        0x0460, 0x0460, 0x0460, 0x0460, 0x0460, 0x0460, 0x0460, 0x0460, 0x0460, 0x0460, 0x0460, 0x0460, 0x0460, 0x0460, 0x0460, 0x0460,
        0x0460, 0x0460, 0x0460, 0x0460, 0x0460, 0x0460, 0x0460, 0x0460, 0x0460, 0x0460, 0x0460, 0x0460, 0x0460, 0x1366, 0x1366, 0x1366,
        0x0460, 0x0460, 0x0460, 0x0460, 0x0460, 0x0460, 0x0460, 0x0460, 0x0460, 0x0460, 0x0460, 0x0460, 0x0460, 0x0460, 0x0460, 0x0460,
        0x0460, 0x0460, 0x0460, 0x0460, 0x0460, 0x0460, 0x0460, 0x0460, 0x0460, 0x0460, 0x0460, 0x0460, 0x0460, 0x0460, 0x0460, 0x0460,
        0x0460, 0x0460, 0x0460, 0x0460, 0x0460, 0x0460, 0x0460, 0x0460, 0x0460, 0x0460, 0x0460, 0x0460, 0x0460, 0x0460, 0x0460, 0x0460,
        0x0460, 0x0460, 0x0460, 0x0460, 0x0460, 0x0460, 0x0460, 0x0460, 0x0460, 0x0460, 0x0460, 0x0460, 0x0460, 0x0460, 0x0460, 0x0460,
        0x0460, 0x0460, 0x0460, 0x0460, 0x0460, 0x0460, 0x0460, 0x0460, 0x0460, 0x0460, 0x0460, 0x0460, 0x0460, 0x0460, 0x0460, 0x0460,
        0x0460, 0x0460, 0x0460, 0x0460, 0x0460, 0x0460, 0x0460, 0x0460, 0x0460, 0x0460, 0x0460, 0x0460, 0x0460, 0x0460, 0x0460, 0x0460,
        0x0460, 0x0460, 0x0460, 0x0460, 0x0460, 0x0460, 0x0460, 0x0460, 0x0460, 0x0460, 0x0460, 0x0460, 0x0460, 0x0460, 0x0460, 0x0460,
        0x0460, 0x0460, 0x0460, 0x0460, 0x0460, 0x0460, 0x0460, 0x0460, 0x0460, 0x0460, 0x0460, 0x0460, 0x0460, 0x0460, 0x0460, 0x0460,
        0x0460, 0x0460, 0x0460, 0x0460, 0x0460, 0x0460, 0x0460, 0x0460, 0x0460, 0x0460, 0x0460, 0x0460, 0x0460, 0x0460, 0x0460, 0x0460,
        0x0460, 0x0460, 0x0460, 0x0460, 0x0460, 0x0460, 0x0460, 0x0460, 0x0460, 0x0460, 0x0460, 0x0460, 0x0460, 0x0460, 0x0460, 0x0460,
        0x0460, 0x0460, 0x0460, 0x0460, 0x0460, 0x0460, 0x0460, 0x0460, 0x0460, 0x0460, 0x0460, 0x0460, 0x0460, 0x0460, 0x0460, 0x0460,
        0x0460, 0x0460, 0x1366, 0x1366, 0x1366, 0x0766, 0x0460, 0x0460, 0x0460, 0x0460, 0x0460, 0x0460, 0x0460, 0x0460, 0x0460, 0x0460,
        0x0460, 0x0460, 0x0460, 0x0460, 0x0460, 0x0460, 0x0460, 0x0460, 0x0460, 0x0460, 0x0460, 0x0460, 0x0460, 0x0460, 0x0460, 0x0460,
        0x0460, 0x0460, 0x1366, 0x1366, 0x0766, 0x0460, 0x0460, 0x0460, 0x0460, 0x0460, 0x0460, 0x0460, 0x0460, 0x0460, 0x0460, 0x0460,
        0x0460, 0x0460, 0x0460, 0x0460, 0x0460, 0x0460, 0x0460, 0x0460, 0x0460, 0x0460, 0x0460, 0x0460, 0x0460, 0x0460, 0x0460, 0x0460,
        0x0460, 0x0460, 0x1366, 0x1366, 0x0460, 0x0460, 0x0460, 0x0460, 0x0460, 0x0460, 0x0460, 0x0460, 0x0460, 0x0460, 0x0460, 0x0460,
        0x0460, 0x0460, 0x0460, 0x0460, 0x0460, 0x0460, 0x0460, 0x0460, 0x0460, 0x0460, 0x0460, 0x0460, 0x0460, 0x0460, 0x0460, 0x0460,
        0x0460, 0x0460, 0x1366, 0x1366, 0x0460, 0x0460, 0x0460, 0x0460, 0x0460, 0x0460, 0x0460, 0x0460, 0x0460, 0x0460, 0x0460, 0x0460,
        0x0660, 0x0660, 0x0660, 0x0660, 0x0660, 0x0660, 0x0660, 0x0660, 0x0660, 0x0660, 0x0660, 0x0660, 0x0660, 0x0660, 0x0660, 0x0660,
        0x0660, 0x0660, 0x0660, 0x0660, 0x0660, 0x0660, 0x0660, 0x0660, 0x0660, 0x0660, 0x0660, 0x0660, 0x0660, 0x0660, 0x0660, 0x0660,
        0x0660, 0x0660, 0x0660, 0x0660, 0x0660, 0x0660, 0x0660, 0x0660, 0x0660, 0x0660, 0x0660, 0x0660, 0x0660, 0x0660, 0x0660, 0x0660,
        0x0660, 0x0660, 0x0660, 0x0660, 0x1366, 0x1366, 0x046E, 0x1366, 0x1366, 0x1366, 0x1366, 0x1366, 0x1366, 0x1366, 0x046E, 0x046E,
        0x046E, 0x046E, 0x046E, 0x046E, 0x046E, 0x046E, 0x1366, 0x046E, 0x046E, 0x1366, 0x1366, 0x1366, 0x1366, 0x1366, 0x1366, 0x1366,
        0x1366, 0x1366, 0x1166, 0x1366, 0x0460, 0x0460, 0x0460, 0x0460, 0x0460, 0x0460, 0x0460, 0x0460, 0x0460, 0x1366, 0x0460, 0x0460,
        0x0460, 0x0460, 0x0460, 0x0460, 0x0460, 0x0460, 0x0460, 0x0460, 0x0460, 0x0460, 0x0460, 0x0460, 0x0460, 0x0460, 0x0460, 0x0460,
        0x0460, 0x0460, 0x0460, 0x0460, 0x0460, 0x0460, 0x0460, 0x0460, 0x0460, 0x0460, 0x0460, 0x0460, 0x0460, 0x0460, 0x0460, 0x0460,
        0x0460, 0x0460, 0x0460, 0x0460, 0x0460, 0x0460, 0x0460, 0x0460, 0x0460, 0x0460, 0x0460, 0x1366, 0x1366, 0x1366, 0x1061, 0x1366,
        0x0460, 0x0460, 0x0460, 0x0460, 0x0460, 0x0460, 0x0460, 0x0460, 0x0460, 0x0460, 0x0460, 0x0460, 0x0460, 0x0460, 0x0460, 0x0460,
        0x0460, 0x0460, 0x0460, 0x0460, 0x0460, 0x0460, 0x0460, 0x0460, 0x0460, 0x0460, 0x0460, 0x0460, 0x0460, 0x0460, 0x0460, 0x0460,
        0x0460, 0x0460, 0x0460, 0x0460, 0x0460, 0x0460, 0x0460, 0x0460, 0x0460, 0x0460, 0x0460, 0x0460, 0x0460, 0x0460, 0x0460, 0x0460,
        0x0460, 0x0460, 0x0460, 0x0460, 0x0460, 0x0460, 0x0460, 0x0460, 0x0460, 0x0460, 0x0460, 0x0460, 0x0460, 0x0460, 0x0460, 0x0460,
        0x0460, 0x0460, 0x0460, 0x0460, 0x0460, 0x0460, 0x0460, 0x0460, 0x0460, 0x0460, 0x0460, 0x0460, 0x0460, 0x0460, 0x0460, 0x0460,
        0x0460, 0x0460, 0x0460, 0x0460, 0x0460, 0x0460, 0x0460, 0x0460, 0x0460, 0x0460, 0x0460, 0x0460, 0x0460, 0x0460, 0x0460, 0x0460,
        0x0460, 0x0460, 0x0460, 0x0460, 0x0460, 0x0460, 0x0460, 0x0460, 0x0460, 0x0460, 0x0460, 0x0460, 0x0460, 0x0460, 0x0460, 0x0460,
        0x0460, 0x0460, 0x0460, 0x0460, 0x0460, 0x1366, 0x1366, 0x0460, 0x0460, 0x0460, 0x0460, 0x0460, 0x0460, 0x0460, 0x0460, 0x0460,
        0x0460, 0x0460, 0x0460, 0x0460, 0x0460, 0x0460, 0x0460, 0x0460, 0x0460, 0x0460, 0x0460, 0x0460, 0x0460, 0x0460, 0x0460, 0x0460,
        0x0460, 0x0460, 0x0460, 0x0460, 0x0460, 0x0460, 0x0460, 0x0460, 0x0460, 0x1366, 0x0460, 0x0460, 0x0460, 0x0460, 0x0460, 0x0460,
        0x0460, 0x0460, 0x0460, 0x0460, 0x0460, 0x0460, 0x0460, 0x0460, 0x0460, 0x0460, 0x0460, 0x0460, 0x0460, 0x0460, 0x0460, 0x0460,
        0x0460, 0x0460, 0x0460, 0x0460, 0x0460, 0x0460, 0x0460, 0x0460, 0x0460, 0x0460, 0x0460, 0x0460, 0x0460, 0x0460, 0x0460, 0x0460,
        0x0460, 0x0460, 0x0460, 0x0460, 0x0460, 0x0460, 0x0460, 0x0460, 0x0460, 0x0460, 0x0460, 0x0460, 0x0460, 0x0460, 0x0460, 0x0460,
        0x0460, 0x0460, 0x0460, 0x0460, 0x0460, 0x0460, 0x0460, 0x0460, 0x0460, 0x0460, 0x0460, 0x0460, 0x0460, 0x0460, 0x0460, 0x0460,
        0x0460, 0x0460, 0x0460, 0x0460, 0x0460, 0x0460, 0x0460, 0x0460, 0x0460, 0x0460, 0x0460, 0x0460, 0x0460, 0x0460, 0x0460, 0x0460,
        0x0460, 0x0460, 0x0460, 0x0460, 0x0460, 0x0460, 0x0460, 0x0460, 0x0460, 0x0460, 0x0460, 0x0460, 0x0460, 0x0460, 0x0460, 0x0460,
        0x0460, 0x0460, 0x0460, 0x0460, 0x0460, 0x0460, 0x0460, 0x0460, 0x0460, 0x0460, 0x0460, 0x0460, 0x0460, 0x0460, 0x0460, 0x0460,
        0x1366, 0x1366, 0x1366, 0x046E, 0x046E, 0x046E, 0x046E, 0x1366, 0x1366, 0x046E, 0x046E, 0x046E, 0x0460, 0x0460, 0x0460, 0x0460,
        0x046E, 0x046E, 0x1366, 0x046E, 0x046E, 0x046E, 0x046E, 0x046E, 0x046E, 0x1366, 0x1366, 0x1366, 0x0460, 0x0460, 0x0460, 0x0460,
        0x0460, 0x0460, 0x0460, 0x0460, 0x0460, 0x0460, 0x0460, 0x0460, 0x0460, 0x0460, 0x0460, 0x0460, 0x0460, 0x0460, 0x0460, 0x0460,
        0x0460, 0x0460, 0x0460, 0x0460, 0x0460, 0x0460, 0x0460, 0x0460, 0x0460, 0x0460, 0x0460, 0x0460, 0x0460, 0x0460, 0x0460, 0x0460,
        0x0460, 0x0460, 0x0460, 0x0460, 0x0460, 0x0460, 0x0460, 0x0460, 0x0460, 0x0460, 0x0460, 0x0460, 0x0460, 0x0460, 0x0460, 0x0460,
        0x0460, 0x0460, 0x0460, 0x0460, 0x0460, 0x0460, 0x0460, 0x0460, 0x0460, 0x0460, 0x0460, 0x0460, 0x0460, 0x0460, 0x0460, 0x0460,
        0x0460, 0x0460, 0x0460, 0x0460, 0x0460, 0x0460, 0x0460, 0x0460, 0x0460, 0x0460, 0x0460, 0x0460, 0x0460, 0x0460, 0x0460, 0x0460,
        0x0460, 0x0460, 0x0460, 0x0460, 0x0460, 0x0460, 0x0460, 0x0460, 0x0460, 0x0460, 0x0460, 0x0460, 0x0460, 0x0460, 0x0460, 0x0460,
        0x0460, 0x0460, 0x0460, 0x0460, 0x0460, 0x0460, 0x0460, 0x0460, 0x0460, 0x0460, 0x0460, 0x0460, 0x0460, 0x0460, 0x0460, 0x0460,
        0x0460, 0x0460, 0x0460, 0x0460, 0x0460, 0x0460, 0x0460, 0x0460, 0x0460, 0x0460, 0x0460, 0x0460, 0x0460, 0x0460, 0x0460, 0x0460,
        0x0460, 0x0460, 0x0460, 0x0460, 0x0460, 0x0460, 0x0460, 0x0460, 0x0460, 0x0460, 0x0460, 0x0460, 0x0460, 0x0460, 0x0460, 0x0460,
        0x0460, 0x0460, 0x0460, 0x0460, 0x0460, 0x0460, 0x0460, 0x0460, 0x0460, 0x0460, 0x0460, 0x0460, 0x0460, 0x0460, 0x0460, 0x0460,
        0x0460, 0x0460, 0x0460, 0x0460, 0x0460, 0x0460, 0x0460, 0x0460, 0x0460, 0x0460, 0x0460, 0x0460, 0x0460, 0x0460, 0x0460, 0x0460,
        0x0460, 0x0460, 0x0460, 0x0460, 0x0460, 0x0460, 0x0460, 0x0460, 0x0460, 0x0460, 0x0460, 0x0460, 0x0460, 0x0460, 0x0460, 0x0460,
        0x0460, 0x0460, 0x0460, 0x0460, 0x0460, 0x0460, 0x0460, 0x0460, 0x0460, 0x0460, 0x0460, 0x0460, 0x0460, 0x0460, 0x0460, 0x0460,
        0x0460, 0x0460, 0x0460, 0x0460, 0x0460, 0x0460, 0x0460, 0x1366, 0x1366, 0x046E, 0x046E, 0x1366, 0x0460, 0x0460, 0x0460, 0x0460,
        0x0660, 0x0660, 0x0660, 0x0660, 0x0660, 0x0660, 0x0660, 0x0660, 0x0660, 0x0660, 0x0660, 0x0660, 0x0660, 0x0660, 0x0660, 0x0660,
        0x0660, 0x0660, 0x0660, 0x0660, 0x0660, 0x0660, 0x0660, 0x0660, 0x0660, 0x0660, 0x0660, 0x0660, 0x0660, 0x0660, 0x0660, 0x0660,
        0x0660, 0x0660, 0x0660, 0x0660, 0x0660, 0x0660, 0x0660, 0x0660, 0x0660, 0x0660, 0x0660, 0x0660, 0x0660, 0x0660, 0x0660, 0x0660,
        0x0660, 0x0660, 0x0660, 0x0660, 0x0660, 0x046E, 0x1366, 0x046E, 0x1366, 0x1366, 0x1366, 0x1366, 0x1366, 0x1366, 0x1366, 0x0460,
        0x1166, 0x0460, 0x1366, 0x0460, 0x0460, 0x1366, 0x1366, 0x1366, 0x1366, 0x1366, 0x1366, 0x1366, 0x1366, 0x046E, 0x046E, 0x046E,
        0x046E, 0x046E, 0x046E, 0x1366, 0x1366, 0x1366, 0x1366, 0x1366, 0x1366, 0x1366, 0x1366, 0x1366, 0x1366, 0x0460, 0x0460, 0x1366,
        0x0460, 0x0460, 0x0460, 0x0460, 0x0460, 0x0460, 0x0460, 0x0460, 0x0460, 0x0460, 0x0460, 0x0460, 0x0460, 0x0460, 0x0460, 0x0460,
        0x0460, 0x0460, 0x0460, 0x0460, 0x0460, 0x0460, 0x0460, 0x0460, 0x0460, 0x0460, 0x0460, 0x0460, 0x0460, 0x0460, 0x0460, 0x0460,
        0x0460, 0x0460, 0x0460, 0x0460, 0x0460, 0x0460, 0x0460, 0x0460, 0x0460, 0x0460, 0x0460, 0x0460, 0x0460, 0x0460, 0x0460, 0x0460,
        0x1366, 0x1366, 0x1366, 0x1366, 0x1366, 0x1366, 0x1366, 0x1366, 0x1366, 0x1366, 0x1366, 0x1366, 0x1366, 0x1366, 0x1366, 0x1366,
        0x1366, 0x1366, 0x1366, 0x1366, 0x1366, 0x1366, 0x1366, 0x1366, 0x1366, 0x1366, 0x1366, 0x1366, 0x1366, 0x1366, 0x1366, 0x1366,
        0x1366, 0x1366, 0x1366, 0x1366, 0x1366, 0x1366, 0x1366, 0x1366, 0x1366, 0x1366, 0x1366, 0x1366, 0x1366, 0x1366, 0x1366, 0x1366,
        0x1366, 0x1366, 0x1366, 0x1366, 0x1366, 0x1366, 0x1366, 0x1366, 0x1366, 0x1366, 0x1366, 0x1366, 0x1366, 0x1366, 0x1366, 0x1366,
        0x1366, 0x0460, 0x0460, 0x0460, 0x0460, 0x0460, 0x0460, 0x0460, 0x0460, 0x0460, 0x0460, 0x0460, 0x0460, 0x0460, 0x0460, 0x0460,
        0x1366, 0x1366, 0x1366, 0x1366, 0x046E, 0x0460, 0x0460, 0x0460, 0x0460, 0x0460, 0x0460, 0x0660, 0x0660, 0x0460, 0x0460, 0x0460,
        0x0460, 0x0460, 0x0460, 0x0660, 0x0660, 0x0660, 0x0660, 0x0660, 0x0660, 0x0660, 0x0660, 0x0660, 0x0660, 0x0660, 0x0660, 0x0660,
        0x0660, 0x0660, 0x0660, 0x0660, 0x0660, 0x0660, 0x0660, 0x0660, 0x0660, 0x0660, 0x0660, 0x0660, 0x0660, 0x0660, 0x0660, 0x0660,
        0x0660, 0x0660, 0x0660, 0x0660, 0x1366, 0x0766, 0x1366, 0x1366, 0x1366, 0x1366, 0x1366, 0x0766, 0x1366, 0x0766, 0x046E, 0x046E,
        0x046E, 0x046E, 0x1366, 0x0766, 0x0566, 0x0660, 0x0660, 0x0660, 0x0660, 0x0660, 0x0660, 0x0660, 0x0660, 0x0460, 0x0460, 0x0460,
        0x0460, 0x0460, 0x0460, 0x0460, 0x0460, 0x0460, 0x0460, 0x0460, 0x0460, 0x0460, 0x0460, 0x0460, 0x0460, 0x0460, 0x0460, 0x0460,
        0x0460, 0x0460, 0x0460, 0x0460, 0x0460, 0x0460, 0x0460, 0x0460, 0x0460, 0x0460, 0x0460, 0x1366, 0x1366, 0x1366, 0x1366, 0x1366,
        0x1366, 0x1366, 0x1366, 0x1366, 0x0460, 0x0460, 0x0460, 0x0460, 0x0460, 0x0460, 0x0460, 0x0460, 0x0460, 0x0460, 0x0460, 0x0460,
        0x1366, 0x1366, 0x046E, 0x0660, 0x0660, 0x0660, 0x0660, 0x0660, 0x0660, 0x0660, 0x0660, 0x0660, 0x0660, 0x0660, 0x0660, 0x0660,
        0x0660, 0x0660, 0x0660, 0x0660, 0x0660, 0x0660, 0x0660, 0x0660, 0x0660, 0x0660, 0x0660, 0x0660, 0x0660, 0x0660, 0x0660, 0x0660,
        0x0660, 0x046E, 0x1366, 0x1366, 0x1366, 0x1366, 0x046E, 0x046E, 0x1366, 0x1366, 0x0766, 0x1166, 0x1366, 0x1366, 0x0660, 0x0660,
        0x0460, 0x0460, 0x0460, 0x0460, 0x0460, 0x0460, 0x0460, 0x0460, 0x0460, 0x0460, 0x0460, 0x0660, 0x0660, 0x0660, 0x0460, 0x0460,
        0x0460, 0x0460, 0x0460, 0x0460, 0x0460, 0x0460, 0x0460, 0x0460, 0x0460, 0x0460, 0x0460, 0x0460, 0x0460, 0x0460, 0x0460, 0x0460,
        0x0460, 0x0460, 0x0460, 0x0460, 0x0460, 0x0460, 0x0460, 0x0460, 0x0460, 0x0460, 0x0460, 0x0460, 0x0460, 0x0460, 0x0460, 0x0460,
        0x0460, 0x0460, 0x0460, 0x0460, 0x0460, 0x0460, 0x1366, 0x046E, 0x1366, 0x1366, 0x046E, 0x046E, 0x046E, 0x1366, 0x046E, 0x1366,
        0x1366, 0x1366, 0x0766, 0x0766, 0x0460, 0x0460, 0x0460, 0x0460, 0x0460, 0x0460, 0x0460, 0x0460, 0x0460, 0x0460, 0x0460, 0x0460,
        0x0460, 0x0460, 0x0460, 0x0460, 0x0460, 0x0460, 0x0460, 0x0460, 0x0460, 0x0460, 0x0460, 0x0460, 0x0460, 0x0460, 0x0460, 0x0460,
        0x0460, 0x0460, 0x0460, 0x0460, 0x0460, 0x0460, 0x0460, 0x0460, 0x0460, 0x0460, 0x0460, 0x0460, 0x0460, 0x0460, 0x0460, 0x0460,
        0x0460, 0x0460, 0x0460, 0x0460, 0x046E, 0x046E, 0x046E, 0x046E, 0x046E, 0x046E, 0x046E, 0x046E, 0x1366, 0x1366, 0x1366, 0x1366,
        0x1366, 0x1366, 0x1366, 0x1366, 0x046E, 0x046E, 0x1366, 0x1366, 0x0460, 0x0460, 0x0460, 0x0460, 0x0460, 0x0460, 0x0460, 0x0460,
        0x0460, 0x0460, 0x0460, 0x0460, 0x0460, 0x0460, 0x0460, 0x0460, 0x0460, 0x0460, 0x0460, 0x0460, 0x0460, 0x0460, 0x0460, 0x0460,
        0x0460, 0x0460, 0x0460, 0x0460, 0x0460, 0x0460, 0x0460, 0x0460, 0x0460, 0x0460, 0x0460, 0x0460, 0x0460, 0x0460, 0x0460, 0x0460,
        0x0460, 0x0460, 0x0460, 0x0460, 0x0460, 0x0460, 0x0460, 0x0460, 0x0460, 0x0460, 0x0460, 0x0460, 0x0460, 0x0460, 0x0460, 0x0460,
        0x0460, 0x0460, 0x0460, 0x0460, 0x0460, 0x0460, 0x0460, 0x0460, 0x0460, 0x0460, 0x0460, 0x0460, 0x0460, 0x0460, 0x0460, 0x0460,
        0x0460, 0x0460, 0x0460, 0x0460, 0x0460, 0x0460, 0x0460, 0x0460, 0x0460, 0x0460, 0x0460, 0x0460, 0x0460, 0x0460, 0x0460, 0x0460,
        0x0460, 0x0460, 0x0460, 0x0460, 0x0460, 0x0460, 0x0460, 0x0460, 0x0460, 0x0460, 0x0460, 0x0460, 0x0460, 0x0460, 0x0460, 0x0460,
        0x0460, 0x0460, 0x0460, 0x0460, 0x0460, 0x0460, 0x0460, 0x0460, 0x0460, 0x0460, 0x0460, 0x0460, 0x0460, 0x0460, 0x0460, 0x0460,
        0x0460, 0x0460, 0x0460, 0x0460, 0x0460, 0x0460, 0x0460, 0x0460, 0x0460, 0x0460, 0x0460, 0x0460, 0x0460, 0x0460, 0x0460, 0x0460,
        0x0460, 0x0460, 0x0460, 0x0460, 0x0460, 0x0460, 0x0460, 0x0460, 0x0460, 0x0460, 0x0460, 0x0460, 0x0460, 0x0460, 0x0460, 0x0460,
        0x1366, 0x1366, 0x1366, 0x0460, 0x1366, 0x1366, 0x1366, 0x1366, 0x1366, 0x1366, 0x1366, 0x1366, 0x1366, 0x1366, 0x1366, 0x1366,
        0x1366, 0x046E, 0x1366, 0x1366, 0x1366, 0x1366, 0x1366, 0x1366, 0x1366, 0x0460, 0x0460, 0x0460, 0x0460, 0x1366, 0x0460, 0x0460,
        0x0460, 0x0460, 0x0460, 0x0460, 0x1366, 0x0560, 0x0560, 0x046E, 0x1366, 0x1366, 0x0460, 0x0460, 0x0460, 0x0460, 0x0460, 0x0460,
        0x0460, 0x0460, 0x0460, 0x0460, 0x0460, 0x0460, 0x0460, 0x0460, 0x0460, 0x0460, 0x0460, 0x0460, 0x0460, 0x0460, 0x0460, 0x0460,
        0x0460, 0x0460, 0x0460, 0x0460, 0x0460, 0x0460, 0x0460, 0x0460, 0x0460, 0x0460, 0x0460, 0x0460, 0x0460, 0x0460, 0x0460, 0x0460,
        0x0460, 0x0460, 0x0460, 0x0460, 0x0460, 0x0460, 0x0460, 0x0460, 0x0460, 0x0460, 0x0460, 0x0460, 0x0460, 0x0460, 0x0460, 0x0460,
        0x0460, 0x0460, 0x0460, 0x0460, 0x0460, 0x0460, 0x0460, 0x0460, 0x0460, 0x0460, 0x0460, 0x0460, 0x0460, 0x0460, 0x0460, 0x0460,
        0x0460, 0x0460, 0x0460, 0x0460, 0x0460, 0x0460, 0x0460, 0x0460, 0x0460, 0x0460, 0x0460, 0x0460, 0x0460, 0x0460, 0x0460, 0x0460,
        0x0460, 0x0460, 0x0460, 0x0460, 0x0460, 0x0460, 0x0460, 0x0460, 0x0460, 0x0460, 0x0460, 0x0460, 0x0460, 0x0460, 0x0460, 0x0460,
        0x0460, 0x0460, 0x0460, 0x0460, 0x0460, 0x0460, 0x0460, 0x0460, 0x0460, 0x0460, 0x0460, 0x0460, 0x0460, 0x0460, 0x0460, 0x0460,
        0x0460, 0x0460, 0x0460, 0x0460, 0x0460, 0x0460, 0x0460, 0x0460, 0x0460, 0x0460, 0x0460, 0x0460, 0x0460, 0x0460, 0x0460, 0x0460,
        0x0460, 0x0460, 0x0460, 0x0460, 0x0460, 0x0460, 0x0460, 0x0460, 0x0460, 0x0460, 0x0460, 0x0460, 0x0460, 0x0460, 0x0460, 0x0460,
        0x0460, 0x0460, 0x0460, 0x0460, 0x0460, 0x0460, 0x0460, 0x0460, 0x0460, 0x0460, 0x0460, 0x0460, 0x0460, 0x0460, 0x0460, 0x0460,
        0x0460, 0x0460, 0x0460, 0x0460, 0x0460, 0x0460, 0x0460, 0x0460, 0x0460, 0x0460, 0x0460, 0x0460, 0x0460, 0x0460, 0x0460, 0x0460,
        0x0460, 0x0460, 0x0460, 0x0460, 0x0460, 0x0460, 0x0460, 0x0460, 0x0460, 0x0460, 0x0460, 0x0460, 0x0460, 0x0460, 0x0460, 0x0460,
        0x1366, 0x1366, 0x1366, 0x1366, 0x1366, 0x1366, 0x1366, 0x1366, 0x1366, 0x1366, 0x1366, 0x1366, 0x1366, 0x1366, 0x1366, 0x1366,
        0x1366, 0x1366, 0x1366, 0x1366, 0x1366, 0x1366, 0x1366, 0x1366, 0x1366, 0x1366, 0x1366, 0x1366, 0x1366, 0x1366, 0x1366, 0x1366,
        0x1366, 0x1366, 0x1366, 0x1366, 0x1366, 0x1366, 0x1366, 0x1366, 0x1366, 0x1366, 0x1366, 0x1366, 0x1366, 0x1366, 0x1366, 0x1366,
        0x1366, 0x1366, 0x1366, 0x1366, 0x1366, 0x1366, 0x1366, 0x1366, 0x1366, 0x1366, 0x1366, 0x1366, 0x1366, 0x1366, 0x1366, 0x1366,
        0x0460, 0x0460, 0x0460, 0x0460, 0x0460, 0x0460, 0x0460, 0x0460, 0x0460, 0x0460, 0x0460, 0x1061, 0x1066, 0x1371, 0x1061, 0x1061,
        0x0400, 0x0460, 0x0460, 0x0400, 0x0400, 0x0400, 0x0400, 0x0460, 0x0400, 0x0400, 0x0460, 0x0460, 0x0400, 0x0400, 0x0460, 0x0460,
        0x0400, 0x0400, 0x0400, 0x0460, 0x0400, 0x0400, 0x0400, 0x0400, 0x1061, 0x1061, 0x1061, 0x1061, 0x1061, 0x1061, 0x1061, 0x0460,
        0x0400, 0x0460, 0x0400, 0x0400, 0x0460, 0x0400, 0x0460, 0x0460, 0x0460, 0x0460, 0x0460, 0x0400, 0x2472, 0x0460, 0x0400, 0x0460,
        0x0460, 0x0460, 0x0460, 0x0460, 0x0460, 0x0460, 0x0460, 0x0460, 0x0460, 0x2472, 0x0460, 0x0460, 0x0460, 0x0460, 0x0460, 0x0460,
        0x0460, 0x0460, 0x0460, 0x0460, 0x0460, 0x0460, 0x0460, 0x0460, 0x0460, 0x0460, 0x0460, 0x0460, 0x0460, 0x0460, 0x0460, 0x0460,
        0x1061, 0x1061, 0x1061, 0x1061, 0x1061, 0x1061, 0x1061, 0x1061, 0x1061, 0x1061, 0x1061, 0x1061, 0x1061, 0x1061, 0x1061, 0x1061,
        0x0460, 0x0460, 0x0460, 0x0460, 0x0400, 0x0460, 0x0460, 0x0460, 0x0460, 0x0460, 0x0460, 0x0460, 0x0460, 0x0460, 0x0460, 0x0400,
        0x0460, 0x0400, 0x0400, 0x0400, 0x0400, 0x0460, 0x0460, 0x0460, 0x0460, 0x0460, 0x0460, 0x0460, 0x0460, 0x0460, 0x0460, 0x0460,
        0x0460, 0x0460, 0x0460, 0x0460, 0x0460, 0x0460, 0x0460, 0x0460, 0x0460, 0x0460, 0x0460, 0x0460, 0x0460, 0x0460, 0x0460, 0x0460,
        0x0460, 0x0460, 0x0460, 0x0460, 0x0460, 0x0460, 0x0460, 0x0460, 0x0460, 0x0440, 0x0460, 0x0460, 0x0400, 0x0460, 0x0460, 0x0460,
        0x0460, 0x0460, 0x0460, 0x0460, 0x0460, 0x0460, 0x0460, 0x0460, 0x0460, 0x0460, 0x0460, 0x0460, 0x0460, 0x0460, 0x0460, 0x0460,
        0x0460, 0x0460, 0x0460, 0x0460, 0x0460, 0x0460, 0x0460, 0x0460, 0x0460, 0x0460, 0x0460, 0x0460, 0x0460, 0x0460, 0x0460, 0x0460,
        0x1366, 0x1366, 0x1366, 0x1366, 0x1366, 0x1366, 0x1366, 0x1366, 0x1366, 0x1366, 0x1366, 0x1366, 0x1366, 0x1366, 0x1366, 0x1366,
        0x1366, 0x1366, 0x1366, 0x1366, 0x1366, 0x1366, 0x1366, 0x1366, 0x1366, 0x1366, 0x1366, 0x1366, 0x1366, 0x1366, 0x1366, 0x1366,
        0x1366, 0x0460, 0x0460, 0x0460, 0x0460, 0x0460, 0x0460, 0x0460, 0x0460, 0x0460, 0x0460, 0x0460, 0x0460, 0x0460, 0x0460, 0x0460,
        0x0460, 0x0460, 0x0460, 0x0400, 0x0460, 0x0400, 0x0460, 0x0460, 0x0460, 0x0400, 0x0460, 0x0460, 0x0460, 0x0460, 0x0460, 0x0460,
        0x0460, 0x0460, 0x0460, 0x0400, 0x0460, 0x0460, 0x0400, 0x0460, 0x0460, 0x0460, 0x0460, 0x0460, 0x0460, 0x0460, 0x0460, 0x0460,
        0x0460, 0x0400, 0x2412, 0x0460, 0x0460, 0x0460, 0x0400, 0x0460, 0x0460, 0x0460, 0x0460, 0x0400, 0x0460, 0x0460, 0x0460, 0x0460,
        0x0460, 0x0460, 0x0460, 0x0460, 0x0460, 0x0460, 0x0460, 0x0460, 0x0460, 0x2472, 0x0460, 0x0460, 0x0460, 0x0460, 0x0460, 0x0460,
        0x0460, 0x0460, 0x0460, 0x0460, 0x0460, 0x0460, 0x0460, 0x0460, 0x0460, 0x0460, 0x0460, 0x0460, 0x0460, 0x0460, 0x0460, 0x0460,
        0x0460, 0x0460, 0x0460, 0x0400, 0x0400, 0x0460, 0x0460, 0x0460, 0x0460, 0x0460, 0x0460, 0x0400, 0x0400, 0x0400, 0x0400, 0x0460,
        0x0400, 0x0400, 0x0400, 0x0400, 0x0400, 0x0400, 0x0400, 0x0400, 0x0400, 0x0400, 0x0400, 0x0400, 0x0460, 0x0460, 0x0460, 0x0460,
        0x0400, 0x0400, 0x0400, 0x0400, 0x0400, 0x0400, 0x0400, 0x0400, 0x0400, 0x0400, 0x0460, 0x0460, 0x0460, 0x0460, 0x0460, 0x0460,
        0x0460, 0x0460, 0x0460, 0x0460, 0x0460, 0x0460, 0x0460, 0x0460, 0x0460, 0x0400, 0x0460, 0x0460, 0x0460, 0x0460, 0x0460, 0x0460,
        0x0400, 0x0400, 0x0400, 0x0400, 0x2412, 0x2412, 0x2412, 0x2412, 0x2412, 0x2412, 0x0460, 0x0460, 0x0460, 0x0460, 0x0460, 0x0460,
        0x0460, 0x0460, 0x0460, 0x0460, 0x0460, 0x0460, 0x0460, 0x0460, 0x0460, 0x2472, 0x2472, 0x0460, 0x0460, 0x0460, 0x0460, 0x0460,
        0x0460, 0x0460, 0x0460, 0x0460, 0x0460, 0x0460, 0x0460, 0x0460, 0x0400, 0x0400, 0x0460, 0x0460, 0x0460, 0x0460, 0x0460, 0x0460,
        0x0460, 0x0460, 0x0460, 0x0460, 0x0460, 0x0460, 0x0460, 0x0460, 0x0460, 0x0460, 0x0460, 0x0460, 0x0460, 0x0460, 0x0460, 0x0460,
        0x0460, 0x0460, 0x0400, 0x0460, 0x0400, 0x0460, 0x0460, 0x0460, 0x0460, 0x0460, 0x0460, 0x0460, 0x0460, 0x0460, 0x0460, 0x0460,
        0x0460, 0x0460, 0x0460, 0x0460, 0x0460, 0x0460, 0x0460, 0x0400, 0x0460, 0x0460, 0x0460, 0x0460, 0x0460, 0x0460, 0x0460, 0x0460,
        0x0460, 0x0460, 0x0460, 0x0460, 0x0460, 0x0460, 0x0460, 0x0460, 0x0460, 0x0460, 0x0460, 0x0460, 0x0460, 0x0460, 0x0460, 0x0460,
        0x0400, 0x0460, 0x0400, 0x0400, 0x0460, 0x0460, 0x0460, 0x0400, 0x0400, 0x0460, 0x0460, 0x0400, 0x0460, 0x0460, 0x0460, 0x0400,
        0x0460, 0x0400, 0x0460, 0x0460, 0x0460, 0x0400, 0x0460, 0x0460, 0x0460, 0x0460, 0x0400, 0x0460, 0x0460, 0x0400, 0x0400, 0x0400,
        0x0400, 0x0460, 0x0460, 0x0400, 0x0460, 0x0400, 0x0460, 0x0400, 0x0400, 0x0400, 0x0400, 0x0400, 0x0400, 0x0460, 0x0400, 0x0460,
        0x0460, 0x0460, 0x0460, 0x0460, 0x0400, 0x0400, 0x0400, 0x0400, 0x0460, 0x0460, 0x0460, 0x0460, 0x0400, 0x0400, 0x0460, 0x0460,
        0x0460, 0x0460, 0x0460, 0x0460, 0x0460, 0x0460, 0x0460, 0x0460, 0x0400, 0x0460, 0x0460, 0x0460, 0x0400, 0x0460, 0x0460, 0x0460,
        0x0460, 0x0460, 0x0400, 0x0460, 0x0460, 0x0460, 0x0460, 0x0460, 0x0460, 0x0460, 0x0460, 0x0460, 0x0460, 0x0460, 0x0460, 0x0460,
        0x0400, 0x0400, 0x0460, 0x0460, 0x0400, 0x0400, 0x0400, 0x0400, 0x0460, 0x0460, 0x0400, 0x0400, 0x0460, 0x0460, 0x0400, 0x0400,
        0x0460, 0x0460, 0x0460, 0x0460, 0x0460, 0x0460, 0x0460, 0x0460, 0x0460, 0x0460, 0x0460, 0x0460, 0x0460, 0x0460, 0x0460, 0x0460,
        0x0460, 0x0460, 0x0400, 0x0400, 0x0460, 0x0460, 0x0400, 0x0400, 0x0460, 0x0460, 0x0460, 0x0460, 0x0460, 0x0460, 0x0460, 0x0460,
        0x0460, 0x0460, 0x0460, 0x0460, 0x0460, 0x0400, 0x0460, 0x0460, 0x0460, 0x0400, 0x0460, 0x0460, 0x0460, 0x0460, 0x0460, 0x0460,
        0x0460, 0x0460, 0x0460, 0x0460, 0x0460, 0x0400, 0x0460, 0x0460, 0x0460, 0x0460, 0x0460, 0x0460, 0x0460, 0x0460, 0x0460, 0x0460,
        0x0460, 0x0460, 0x0460, 0x0460, 0x0460, 0x0460, 0x0460, 0x0460, 0x0460, 0x0460, 0x0460, 0x0460, 0x0460, 0x0460, 0x0460, 0x0400,
        0x0460, 0x0460, 0x0460, 0x0460, 0x0460, 0x0460, 0x0460, 0x0460, 0x0460, 0x0460, 0x0460, 0x0460, 0x0460, 0x0460, 0x0460, 0x0460,
        0x0460, 0x0460, 0x0460, 0x0460, 0x0460, 0x0460, 0x0460, 0x0460, 0x0460, 0x0460, 0x0460, 0x0460, 0x0460, 0x0460, 0x0460, 0x0460,
        0x0460, 0x0460, 0x0460, 0x0460, 0x0460, 0x0460, 0x0460, 0x0460, 0x0460, 0x0460, 0x0460, 0x0460, 0x0460, 0x0460, 0x0460, 0x0460,
        0x0460, 0x0460, 0x0460, 0x0460, 0x0460, 0x0460, 0x0460, 0x0460, 0x0460, 0x0460, 0x0460, 0x0460, 0x0460, 0x0460, 0x0460, 0x0460,
        0x0460, 0x0460, 0x0460, 0x0460, 0x0460, 0x0460, 0x0460, 0x0460, 0x0460, 0x0460, 0x0460, 0x0460, 0x0460, 0x0460, 0x0460, 0x0460,
        0x0460, 0x0460, 0x0400, 0x0460, 0x0460, 0x0460, 0x0460, 0x0460, 0x0460, 0x0460, 0x28B2, 0x28B2, 0x0460, 0x0460, 0x0460, 0x0460,
        0x0460, 0x0460, 0x0460, 0x0460, 0x0460, 0x0460, 0x0460, 0x0460, 0x2472, 0x08A0, 0x08A0, 0x0460, 0x0460, 0x0460, 0x0460, 0x0460,
        0x0460, 0x0460, 0x0460, 0x0460, 0x0460, 0x0460, 0x0460, 0x0460, 0x0460, 0x0460, 0x0460, 0x0460, 0x0460, 0x0460, 0x0460, 0x0460,
        0x0460, 0x0460, 0x0460, 0x0460, 0x0460, 0x0460, 0x0460, 0x0460, 0x0460, 0x0460, 0x0460, 0x0460, 0x0460, 0x0460, 0x0460, 0x0460,
        0x0460, 0x0460, 0x0460, 0x0460, 0x0460, 0x0460, 0x0460, 0x0460, 0x0460, 0x0460, 0x0460, 0x0460, 0x0460, 0x0460, 0x0460, 0x0460,
        0x0460, 0x0460, 0x0460, 0x0460, 0x0460, 0x0460, 0x0460, 0x0460, 0x0460, 0x0460, 0x0460, 0x0460, 0x0460, 0x0460, 0x0460, 0x0460,
        0x0460, 0x0460, 0x0460, 0x0460, 0x0460, 0x0460, 0x0460, 0x0460, 0x0460, 0x0460, 0x0460, 0x0460, 0x0460, 0x0460, 0x0460, 0x0460,
        0x0460, 0x0460, 0x0460, 0x0460, 0x0460, 0x0460, 0x0460, 0x0460, 0x0460, 0x0460, 0x0460, 0x0460, 0x0460, 0x0460, 0x0460, 0x0460,
        0x0460, 0x0460, 0x0460, 0x0460, 0x0460, 0x0460, 0x0460, 0x0460, 0x0460, 0x0460, 0x0460, 0x0460, 0x0460, 0x0460, 0x0460, 0x0460,
        0x0460, 0x0460, 0x0460, 0x0460, 0x0460, 0x0460, 0x0460, 0x0460, 0x0460, 0x0460, 0x0460, 0x0460, 0x0460, 0x0460, 0x0460, 0x0460,
        0x0460, 0x0460, 0x0460, 0x0460, 0x0460, 0x0460, 0x0460, 0x0460, 0x0460, 0x0460, 0x0460, 0x0460, 0x0460, 0x0460, 0x0460, 0x0460,
        0x0460, 0x0460, 0x0460, 0x0460, 0x0460, 0x0460, 0x0460, 0x0460, 0x0460, 0x0460, 0x0460, 0x0460, 0x0460, 0x0460, 0x0460, 0x2472,
        0x0460, 0x0460, 0x0460, 0x0460, 0x0460, 0x0460, 0x0460, 0x0460, 0x0460, 0x0460, 0x0460, 0x0460, 0x0460, 0x0460, 0x0460, 0x0460,
        0x0460, 0x0460, 0x0460, 0x0460, 0x0460, 0x0460, 0x0460, 0x0460, 0x0460, 0x28B2, 0x28B2, 0x28B2, 0x28B2, 0x2472, 0x2472, 0x2472,
        0x28B2, 0x2472, 0x2472, 0x28B2, 0x0460, 0x0460, 0x0460, 0x0460, 0x2472, 0x2472, 0x2472, 0x0460, 0x0460, 0x0460, 0x0460, 0x0460,
        0x0460, 0x0460, 0x0460, 0x0460, 0x0460, 0x0460, 0x0460, 0x0460, 0x0460, 0x0460, 0x0460, 0x0460, 0x0460, 0x0460, 0x0460, 0x0460,
        0x0460, 0x0460, 0x0460, 0x0460, 0x0460, 0x0460, 0x0460, 0x0460, 0x0460, 0x0460, 0x0460, 0x0460, 0x0460, 0x0460, 0x0460, 0x0460,
        0x0460, 0x0460, 0x0460, 0x0460, 0x0460, 0x0460, 0x0460, 0x0460, 0x0460, 0x0460, 0x0460, 0x0460, 0x0460, 0x0460, 0x0460, 0x0460,
        0x0460, 0x0460, 0x0460, 0x0460, 0x0460, 0x0460, 0x0460, 0x0460, 0x0460, 0x0460, 0x0460, 0x0460, 0x0460, 0x0460, 0x0460, 0x0460,
        0x0460, 0x0460, 0x0460, 0x0460, 0x0460, 0x0460, 0x0460, 0x0460, 0x0460, 0x0460, 0x0460, 0x0460, 0x0460, 0x0460, 0x0460, 0x0460,
        0x0460, 0x0460, 0x0460, 0x0460, 0x0460, 0x0460, 0x0460, 0x0460, 0x0460, 0x0460, 0x0460, 0x0460, 0x0460, 0x0460, 0x0460, 0x0460,
        0x0400, 0x0400, 0x0400, 0x0400, 0x0400, 0x0400, 0x0400, 0x0400, 0x0400, 0x0400, 0x0400, 0x0400, 0x0400, 0x0400, 0x0400, 0x0400,
        0x0400, 0x0400, 0x0400, 0x0400, 0x0400, 0x0400, 0x0400, 0x0400, 0x0400, 0x0400, 0x0400, 0x0400, 0x0400, 0x0400, 0x0400, 0x0400,
        0x0400, 0x0400, 0x0400, 0x0400, 0x0400, 0x0400, 0x0400, 0x0400, 0x0400, 0x0400, 0x0400, 0x0400, 0x0400, 0x0400, 0x0400, 0x0400,
        0x0400, 0x0400, 0x0400, 0x0400, 0x0400, 0x0400, 0x0400, 0x0400, 0x0400, 0x0400, 0x0400, 0x0400, 0x0400, 0x0400, 0x0400, 0x0400,
        0x0400, 0x0400, 0x0400, 0x0400, 0x0400, 0x0400, 0x0400, 0x0400, 0x0400, 0x0400, 0x0400, 0x0400, 0x0400, 0x0400, 0x0400, 0x0400,
        0x0400, 0x0400, 0x0400, 0x0400, 0x0400, 0x0400, 0x0400, 0x0400, 0x0400, 0x0400, 0x0400, 0x0400, 0x0400, 0x0400, 0x0400, 0x0400,
        0x0400, 0x0400, 0x2412, 0x0400, 0x0400, 0x0400, 0x0400, 0x0400, 0x0400, 0x0400, 0x0400, 0x0400, 0x0400, 0x0400, 0x0400, 0x0400,
        0x0400, 0x0400, 0x0400, 0x0400, 0x0400, 0x0400, 0x0400, 0x0400, 0x0400, 0x0400, 0x0400, 0x0400, 0x0400, 0x0400, 0x0400, 0x0400,
        0x0400, 0x0400, 0x0400, 0x0400, 0x0400, 0x0400, 0x0400, 0x0400, 0x0400, 0x0400, 0x0460, 0x0400, 0x0400, 0x0400, 0x0400, 0x0400,
        0x0400, 0x0400, 0x0400, 0x0400, 0x0400, 0x0400, 0x0400, 0x0400, 0x0400, 0x0400, 0x0400, 0x0400, 0x0400, 0x0400, 0x0400, 0x0400,
        0x0400, 0x0400, 0x0400, 0x0400, 0x0400, 0x0400, 0x0400, 0x0400, 0x0400, 0x0400, 0x0400, 0x0400, 0x0400, 0x0400, 0x0400, 0x0400,
        0x0400, 0x0400, 0x0400, 0x0400, 0x0400, 0x0400, 0x0400, 0x0400, 0x0400, 0x0400, 0x0400, 0x0400, 0x0400, 0x0400, 0x0400, 0x0400,
        0x0400, 0x0400, 0x0400, 0x0400, 0x0400, 0x0400, 0x0400, 0x0400, 0x0400, 0x0400, 0x0400, 0x0400, 0x0400, 0x0400, 0x0400, 0x0400,
        0x0400, 0x0400, 0x0400, 0x0400, 0x0400, 0x0400, 0x0400, 0x0400, 0x0400, 0x0400, 0x0400, 0x0400, 0x0400, 0x0400, 0x0400, 0x0400,
        0x0400, 0x0400, 0x0400, 0x0400, 0x0400, 0x0400, 0x0400, 0x0400, 0x0400, 0x0400, 0x0400, 0x0400, 0x0460, 0x0460, 0x0460, 0x0460,
        0x0400, 0x0400, 0x0400, 0x0400, 0x0400, 0x0400, 0x0400, 0x0400, 0x0400, 0x0400, 0x0400, 0x0400, 0x0400, 0x0400, 0x0400, 0x0400,
        0x0400, 0x0400, 0x0400, 0x0400, 0x0400, 0x0400, 0x0400, 0x0400, 0x0400, 0x0400, 0x0400, 0x0400, 0x0400, 0x0400, 0x0400, 0x0400,
        0x0400, 0x0400, 0x0400, 0x0400, 0x0460, 0x0460, 0x0460, 0x0460, 0x0460, 0x0460, 0x0460, 0x0460, 0x0460, 0x0460, 0x0460, 0x0460,
        0x0400, 0x0400, 0x0400, 0x0400, 0x0400, 0x0400, 0x0400, 0x0400, 0x0400, 0x0400, 0x0400, 0x0400, 0x0400, 0x0400, 0x0400, 0x0400,
        0x0460, 0x0460, 0x0400, 0x0400, 0x0400, 0x0400, 0x0460, 0x0460, 0x0460, 0x0460, 0x0460, 0x0460, 0x0460, 0x0460, 0x0460, 0x0460,
        0x0400, 0x0400, 0x0460, 0x0400, 0x0400, 0x0400, 0x0400, 0x0400, 0x0400, 0x0400, 0x2472, 0x2472, 0x0460, 0x0460, 0x0460, 0x0460,
        0x0460, 0x0460, 0x0400, 0x0400, 0x0460, 0x0460, 0x2412, 0x0400, 0x0460, 0x0460, 0x0460, 0x0460, 0x0400, 0x0400, 0x0460, 0x0460,
        0x2412, 0x0400, 0x0460, 0x0460, 0x0460, 0x0460, 0x0400, 0x0400, 0x0400, 0x0460, 0x0460, 0x0400, 0x0460, 0x0460, 0x0400, 0x0400,
        0x0400, 0x0400, 0x0460, 0x0460, 0x0460, 0x0460, 0x0460, 0x0460, 0x0460, 0x0460, 0x0460, 0x0460, 0x0460, 0x0460, 0x0460, 0x0460,
        0x0460, 0x0460, 0x0400, 0x0400, 0x0400, 0x0400, 0x0460, 0x0460, 0x0460, 0x0460, 0x0460, 0x0460, 0x0460, 0x0460, 0x0460, 0x0400,
        0x0460, 0x0460, 0x0460, 0x0460, 0x0460, 0x0460, 0x0460, 0x0460, 0x0460, 0x0460, 0x0460, 0x2472, 0x2472, 0x28B2, 0x28B2, 0x0460,
        0x2472, 0x2472, 0x2472, 0x2472, 0x2472, 0x0400, 0x0400, 0x0460, 0x0460, 0x0400, 0x0460, 0x0460, 0x0460, 0x0460, 0x2412, 0x0400,
        0x0460, 0x2472, 0x0460, 0x0460, 0x28B2, 0x28B2, 0x0460, 0x0460, 0x2472, 0x0460, 0x0460, 0x0460, 0x0400, 0xA472, 0x0400, 0x0460,
        0x2472, 0x0460, 0x2472, 0x2472, 0x0460, 0x0460, 0x2472, 0x0460, 0x0460, 0x0460, 0x2472, 0x0460, 0x0460, 0x0460, 0x2472, 0x2472,
        0x08A0, 0x08A0, 0x08A0, 0x08A0, 0x08A0, 0x08A0, 0x08A0, 0x08A0, 0x2472, 0x2472, 0x2472, 0x0460, 0x0460, 0x0460, 0x0460, 0x0460,
        0x2412, 0x0460, 0x2412, 0x0460, 0x0460, 0x0460, 0x0460, 0x0460, 0x28B2, 0x28B2, 0x28B2, 0x28B2, 0x28B2, 0x28B2, 0x28B2, 0x28B2,
        0x28B2, 0x28B2, 0x28B2, 0x28B2, 0x0460, 0x0460, 0x0460, 0x0460, 0x0460, 0x0460, 0x0460, 0x0460, 0x0460, 0x0460, 0x0460, 0x2472,
        0x2412, 0x0400, 0x0460, 0x2412, 0x0400, 0x2412, 0x2472, 0x0400, 0x2412, 0x0400, 0x0400, 0x0460, 0x0400, 0x0400, 0x0460, 0x0400,
        0x0460, 0x0460, 0x0460, 0x0460, 0x0460, 0x0460, 0x0460, 0x0460, 0x0460, 0x0460, 0x0460, 0x2472, 0x0460, 0x0460, 0x2472, 0x28B2,
        0x0460, 0x0460, 0x0460, 0x0460, 0x0460, 0x0460, 0x0460, 0x0460, 0x0460, 0x0460, 0x08A0, 0x08A0, 0x08A0, 0x08A0, 0x08A0, 0x08A0,
        0x0460, 0x0460, 0x2472, 0x28B2, 0x2472, 0x2472, 0x2472, 0x2472, 0x0460, 0x2472, 0x0460, 0x2472, 0x2472, 0x0460, 0x0400, 0x0400,
        0x2472, 0x28B2, 0x0460, 0x0460, 0x0460, 0x0460, 0x0460, 0x2472, 0x0460, 0x0460, 0x28B2, 0x28B2, 0x0460, 0x0460, 0x0460, 0x0460,
        0x2472, 0x2472, 0x0460, 0x0460, 0x0460, 0x0460, 0x0460, 0x0460, 0x0460, 0x0460, 0x0460, 0x0460, 0x0460, 0x28B2, 0x28B2, 0x0400,
        0x0460, 0x0460, 0x0460, 0x0460, 0x28B2, 0x28B2, 0x0400, 0x0400, 0x2412, 0x0400, 0x0400, 0x0400, 0x0400, 0x0400, 0x28B2, 0x2412,
        0x0400, 0x2412, 0x0400, 0x2412, 0x28B2, 0x0400, 0x0400, 0x0400, 0x0400, 0x0400, 0x0400, 0x0400, 0x0400, 0x0400, 0x0400, 0x0400,
        0x0400, 0x0400, 0x0460, 0x0400, 0x0460, 0x0460, 0x0460, 0x0460, 0x0400, 0x2412, 0x28B2, 0x0400, 0x0400, 0x0400, 0x0400, 0x0400,
        0x2412, 0x2412, 0x28B2, 0x28B2, 0x2412, 0x28B2, 0x0400, 0x2412, 0x2412, 0xA412, 0x28B2, 0x0400, 0x0400, 0x28B2, 0x0400, 0x0400,
        0x0460, 0x0460, 0x2472, 0x0460, 0x0460, 0x28B2, 0x0460, 0x0460, 0x2472, 0x2472, 0xA8B2, 0xA8B2, 0xA472, 0xA472, 0x0460, 0x2472,
        0x0460, 0x0460, 0x2472, 0x0460, 0x2472, 0x0460, 0x2472, 0x0460, 0x0460, 0x0460, 0x0460, 0x0460, 0x0460, 0x2472, 0x0460, 0x0460,
        0x0460, 0x2472, 0x0460, 0x0460, 0x0460, 0x0460, 0x0460, 0x0460, 0x28B2, 0x0460, 0x0460, 0x0460, 0x0460, 0x0460, 0x0460, 0x0460,
        0x0460, 0x0460, 0x0460, 0x2472, 0x2472, 0x0460, 0x0460, 0x0460, 0x0460, 0x0460, 0x0460, 0x0460, 0x0460, 0x0400, 0x0460, 0x0460,
        0x0460, 0x0460, 0x0460, 0x0460, 0x2472, 0x0460, 0x0460, 0x2472, 0x0460, 0x0460, 0x0460, 0x0460, 0x28B2, 0x0460, 0x28B2, 0x0460,
        0x0460, 0x0460, 0x0460, 0x28B2, 0x28B2, 0x28B2, 0x0460, 0x28B2, 0x0460, 0x0460, 0x0460, 0x0460, 0x0460, 0x0460, 0x0460, 0x0460,
        0x0460, 0x0460, 0x0460, 0x2472, 0x2472, 0x0460, 0x0460, 0x0460, 0x0460, 0x0460, 0x0460, 0x0460, 0x0460, 0x0460, 0x0460, 0x0460,
        0x0460, 0x0460, 0x0460, 0x0460, 0x0460, 0x0460, 0x0400, 0x0400, 0x0400, 0x0400, 0x0400, 0x0400, 0x0400, 0x0400, 0x0400, 0x0400,
        0x0460, 0x0460, 0x0460, 0x0460, 0x0460, 0x0460, 0x0460, 0x0460, 0x0460, 0x0460, 0x0460, 0x0460, 0x0460, 0x0460, 0x0460, 0x0460,
        0x0460, 0x0460, 0x0460, 0x0460, 0x0460, 0x28B2, 0x28B2, 0x28B2, 0x0460, 0x0460, 0x0460, 0x0460, 0x0460, 0x0460, 0x0460, 0x0460,
        0x0460, 0x2472, 0x0460, 0x0460, 0x0460, 0x0460, 0x0460, 0x0460, 0x0460, 0x0460, 0x0460, 0x0460, 0x0460, 0x0460, 0x0460, 0x0460,
        0x28B2, 0x0460, 0x0460, 0x0460, 0x0460, 0x0460, 0x0460, 0x0460, 0x0460, 0x0460, 0x0460, 0x0460, 0x0460, 0x0460, 0x0460, 0x28B2,
        0x0460, 0x0460, 0x0460, 0x0460, 0x0460, 0x0460, 0x0460, 0x0460, 0x0460, 0x0460, 0x0460, 0x0460, 0x0460, 0x0460, 0x0460, 0x0460,
        0x0460, 0x0460, 0x0460, 0x0460, 0x0460, 0x0460, 0x0460, 0x0460, 0x0460, 0x0460, 0x0460, 0x0460, 0x0460, 0x0460, 0x0460, 0x0460,
        0x0460, 0x0460, 0x0460, 0x0460, 0x0460, 0x0460, 0x0480, 0x0480, 0x0480, 0x0480, 0x0480, 0x0480, 0x0480, 0x0480, 0x0460, 0x0460,
        0x0460, 0x0460, 0x0460, 0x0460, 0x0460, 0x0460, 0x0460, 0x0460, 0x0460, 0x0460, 0x0460, 0x0460, 0x0460, 0x0460, 0x0460, 0x0460,
        0x0460, 0x0460, 0x0460, 0x0460, 0x0460, 0x0460, 0x0460, 0x0460, 0x0460, 0x0460, 0x0460, 0x0460, 0x0460, 0x0460, 0x0460, 0x0460,
        0x0460, 0x0460, 0x0460, 0x0460, 0x0460, 0x0460, 0x0460, 0x0460, 0x0460, 0x0460, 0x0460, 0x0460, 0x0460, 0x0460, 0x0460, 0x0460,
        0x0460, 0x0460, 0x0460, 0x0460, 0x0460, 0x0460, 0x0460, 0x0460, 0x0460, 0x0460, 0x0460, 0x0460, 0x0460, 0x0460, 0x0460, 0x0460,
        0x0460, 0x0460, 0x0460, 0x0460, 0x2472, 0x2472, 0x0460, 0x0460, 0x0460, 0x0460, 0x0460, 0x0460, 0x0460, 0x0460, 0x0460, 0x0460,
        0x0460, 0x0460, 0x0460, 0x0460, 0x0460, 0x0460, 0x0460, 0x0460, 0x0460, 0x0460, 0x0460, 0x0460, 0x0460, 0x0460, 0x0460, 0x0460,
        0x0460, 0x0460, 0x0460, 0x0460, 0x0460, 0x0460, 0x0460, 0x0460, 0x0460, 0x0460, 0x0460, 0x0460, 0x0460, 0x0460, 0x0460, 0x0460,
        0x0460, 0x0460, 0x0460, 0x0460, 0x0460, 0x0460, 0x0460, 0x0460, 0x0460, 0x0460, 0x0460, 0x0460, 0x0460, 0x0460, 0x0460, 0x0460,
        0x0460, 0x0460, 0x0460, 0x0460, 0x0460, 0x0460, 0x0460, 0x0460, 0x0460, 0x0460, 0x0460, 0x0460, 0x0460, 0x0460, 0x0460, 0x0460,
        0x0460, 0x0460, 0x0460, 0x0460, 0x0460, 0x0480, 0x0480, 0x0460, 0x0460, 0x0460, 0x0460, 0x0460, 0x0460, 0x0460, 0x0460, 0x0460,
        0x0460, 0x0460, 0x0460, 0x0460, 0x0460, 0x0460, 0x0460, 0x0460, 0x0460, 0x0460, 0x0460, 0x0460, 0x0460, 0x0460, 0x0460, 0x0460,
        0x0460, 0x0460, 0x0460, 0x0460, 0x0460, 0x0460, 0x0460, 0x0460, 0x0460, 0x0460, 0x0460, 0x0460, 0x0460, 0x0460, 0x0460, 0x0460,
        0x0460, 0x0460, 0x0460, 0x0460, 0x0460, 0x0460, 0x0460, 0x0460, 0x0460, 0x0460, 0x0460, 0x0460, 0x0460, 0x0460, 0x0460, 0x0460,
        0x0460, 0x0460, 0x0460, 0x0460, 0x0460, 0x0460, 0x0460, 0x0460, 0x0460, 0x0460, 0x0460, 0x0460, 0x0460, 0x0460, 0x0460, 0x0460,
        0x0460, 0x0460, 0x0460, 0x0460, 0x0460, 0x0460, 0x0460, 0x0460, 0x0460, 0x0460, 0x0460, 0x0460, 0x0460, 0x0460, 0x0460, 0x0460,
        0x0460, 0x0460, 0x0460, 0x0460, 0x0460, 0x0460, 0x0460, 0x0460, 0x0460, 0x0460, 0x0460, 0x0460, 0x0460, 0x0460, 0x0460, 0x0460,
        0x0460, 0x0460, 0x0460, 0x0460, 0x0460, 0x0460, 0x0460, 0x0460, 0x0460, 0x0460, 0x0460, 0x0460, 0x0460, 0x0460, 0x0460, 0x0460,
        0x0460, 0x0460, 0x0460, 0x0460, 0x0460, 0x2472, 0x2472, 0x2472, 0x0460, 0x0460, 0x0460, 0x0460, 0x0460, 0x0460, 0x0460, 0x0460,
        0x0460, 0x0460, 0x0460, 0x0460, 0x0460, 0x0460, 0x0460, 0x0460, 0x0460, 0x0460, 0x0460, 0x28B2, 0x28B2, 0x0460, 0x0460, 0x0460,
        0x0460, 0x0460, 0x0460, 0x0460, 0x0460, 0x0460, 0x0460, 0x0460, 0x0460, 0x0460, 0x0460, 0x0460, 0x0460, 0x0460, 0x0460, 0x0460,
        0x0460, 0x0460, 0x0460, 0x0460, 0x0460, 0x0460, 0x0460, 0x0460, 0x0460, 0x0460, 0x0460, 0x0460, 0x0460, 0x0460, 0x0460, 0x0460,
        0x0460, 0x0460, 0x0460, 0x0460, 0x0460, 0x0460, 0x0460, 0x0460, 0x0460, 0x0460, 0x0460, 0x0460, 0x0460, 0x0460, 0x0460, 0x0460,
        0x28B2, 0x0460, 0x0460, 0x0460, 0x0460, 0x28B2, 0x0400, 0x0400, 0x0400, 0x0400, 0x0460, 0x0460, 0x0460, 0x0460, 0x0460, 0x0460,
        0x0460, 0x0460, 0x0460, 0x0460, 0x0460, 0x0460, 0x0460, 0x0460, 0x0460, 0x0460, 0x0460, 0x0460, 0x0460, 0x0460, 0x0460, 0x0460,
        0x0460, 0x0460, 0x0460, 0x0460, 0x0460, 0x0460, 0x0460, 0x0460, 0x0460, 0x0460, 0x0460, 0x0460, 0x0460, 0x0460, 0x0460, 0x0460,
        0x0460, 0x0460, 0x0460, 0x0460, 0x0460, 0x0460, 0x0460, 0x0460, 0x0460, 0x0460, 0x0460, 0x0460, 0x0460, 0x0460, 0x0460, 0x0460,
        0x0460, 0x0460, 0x0460, 0x0460, 0x0460, 0x0460, 0x0460, 0x0460, 0x0460, 0x0460, 0x0460, 0x0460, 0x0460, 0x0460, 0x0460, 0x0460,
        0x0460, 0x0460, 0x0460, 0x0460, 0x0460, 0x0460, 0x0460, 0x0460, 0x0460, 0x0460, 0x0460, 0x0460, 0x0460, 0x0460, 0x0460, 0x0460,
        0x0460, 0x0460, 0x0460, 0x0460, 0x0460, 0x0460, 0x0460, 0x0460, 0x0460, 0x0460, 0x0460, 0x0460, 0x0460, 0x0460, 0x0460, 0x0460,
        0x0460, 0x0460, 0x0460, 0x0460, 0x0460, 0x0460, 0x0460, 0x0460, 0x0460, 0x0460, 0x0460, 0x0460, 0x0460, 0x0460, 0x0460, 0x0460,
        0x0460, 0x0460, 0x0460, 0x0460, 0x0460, 0x0460, 0x0460, 0x0460, 0x0460, 0x0460, 0x0460, 0x0460, 0x0460, 0x0460, 0x0460, 0x0460,
        0x0460, 0x0460, 0x0460, 0x0460, 0x0460, 0x0460, 0x0460, 0x0460, 0x0460, 0x0460, 0x0460, 0x0460, 0x0460, 0x0460, 0x0460, 0x0460,
        0x0460, 0x0460, 0x0460, 0x0460, 0x0460, 0x0460, 0x0460, 0x0460, 0x0460, 0x0460, 0x0460, 0x0460, 0x0460, 0x0460, 0x0460, 0x0460,
        0x0460, 0x0460, 0x0460, 0x0460, 0x0460, 0x0460, 0x0460, 0x0460, 0x0460, 0x0460, 0x0460, 0x0460, 0x0460, 0x0460, 0x0460, 0x0460,
        0x0460, 0x0460, 0x0460, 0x0460, 0x0460, 0x0460, 0x0460, 0x0460, 0x0460, 0x0460, 0x0460, 0x0460, 0x0460, 0x0460, 0x0460, 0x0460,
        0x0460, 0x0460, 0x0460, 0x0460, 0x0460, 0x0460, 0x0460, 0x0460, 0x0460, 0x0460, 0x0460, 0x0460, 0x0460, 0x0460, 0x0460, 0x0460,
        0x0460, 0x0460, 0x0460, 0x0460, 0x0460, 0x0460, 0x0460, 0x0460, 0x0460, 0x0460, 0x0460, 0x0460, 0x0460, 0x0460, 0x0460, 0x0460,
        0x0460, 0x0460, 0x0460, 0x0460, 0x0460, 0x0460, 0x0460, 0x0460, 0x0460, 0x0460, 0x0460, 0x0460, 0x0460, 0x0460, 0x0460, 0x0460,
        0x0460, 0x0460, 0x0460, 0x0460, 0x0460, 0x0460, 0x0460, 0x0460, 0x0460, 0x0460, 0x0460, 0x0460, 0x0460, 0x0460, 0x0460, 0x0460,
        0x0460, 0x0460, 0x0460, 0x0460, 0x0460, 0x0460, 0x0460, 0x0460, 0x0460, 0x0460, 0x0460, 0x0460, 0x0460, 0x0460, 0x0460, 0x0460,
        0x0460, 0x0460, 0x0460, 0x0460, 0x0460, 0x0460, 0x0460, 0x0460, 0x0460, 0x0460, 0x0460, 0x0460, 0x0460, 0x0460, 0x0460, 0x0460,
        0x0460, 0x0460, 0x0460, 0x0460, 0x0460, 0x0460, 0x0460, 0x0460, 0x0460, 0x0460, 0x0460, 0x0460, 0x0460, 0x0460, 0x0460, 0x0460,
        0x0460, 0x0460, 0x0460, 0x0460, 0x0460, 0x0460, 0x0460, 0x0460, 0x0460, 0x0460, 0x0460, 0x0460, 0x0460, 0x0460, 0x0460, 0x0460,
        0x0460, 0x0460, 0x0460, 0x0460, 0x0460, 0x0460, 0x0460, 0x0460, 0x0460, 0x0460, 0x0460, 0x0460, 0x0460, 0x0460, 0x0460, 0x0460,
        0x0460, 0x0460, 0x0460, 0x0460, 0x0460, 0x0460, 0x0460, 0x0460, 0x0460, 0x0460, 0x0460, 0x0460, 0x0460, 0x0460, 0x0460, 0x0460,
        0x0460, 0x0460, 0x0460, 0x0460, 0x0460, 0x0460, 0x0460, 0x0460, 0x0460, 0x0460, 0x0460, 0x0460, 0x0460, 0x0460, 0x0460, 0x0460,
        0x0460, 0x0460, 0x0460, 0x0460, 0x0460, 0x0460, 0x0460, 0x0460, 0x0460, 0x0460, 0x0460, 0x0460, 0x0460, 0x0460, 0x0460, 0x0460,
        0x0460, 0x0460, 0x0460, 0x0460, 0x0460, 0x0460, 0x0460, 0x0460, 0x0460, 0x0460, 0x0460, 0x0460, 0x0460, 0x0460, 0x0460, 0x1366,
        0x1366, 0x1366, 0x0460, 0x0460, 0x0460, 0x0460, 0x0460, 0x0460, 0x0460, 0x0460, 0x0460, 0x0460, 0x0460, 0x0460, 0x0460, 0x0460,
        0x0460, 0x0460, 0x0460, 0x0460, 0x0460, 0x0460, 0x0460, 0x0460, 0x0460, 0x0460, 0x0460, 0x0460, 0x0460, 0x0460, 0x0460, 0x0460,
        0x0460, 0x0460, 0x0460, 0x0460, 0x0460, 0x0460, 0x0460, 0x0460, 0x0460, 0x0460, 0x0460, 0x0460, 0x0460, 0x0460, 0x0460, 0x0460,
        0x0460, 0x0460, 0x0460, 0x0460, 0x0460, 0x0460, 0x0460, 0x0460, 0x0460, 0x0460, 0x0460, 0x0460, 0x0460, 0x0460, 0x0460, 0x0460,
        0x0460, 0x0460, 0x0460, 0x0460, 0x0460, 0x0460, 0x0460, 0x0460, 0x0460, 0x0460, 0x0460, 0x0460, 0x0460, 0x0460, 0x0460, 0x0460,
        0x0460, 0x0460, 0x0460, 0x0460, 0x0460, 0x0460, 0x0460, 0x0460, 0x0460, 0x0460, 0x0460, 0x0460, 0x0460, 0x0460, 0x0460, 0x0460,
        0x0460, 0x0460, 0x0460, 0x0460, 0x0460, 0x0460, 0x0460, 0x0460, 0x0460, 0x0460, 0x0460, 0x0460, 0x0460, 0x0460, 0x0460, 0x0460,
        0x0460, 0x0460, 0x0460, 0x0460, 0x0460, 0x0460, 0x0460, 0x0460, 0x0460, 0x0460, 0x0460, 0x0460, 0x0460, 0x0460, 0x0460, 0x0460,
        0x0460, 0x0460, 0x0460, 0x0460, 0x0460, 0x0460, 0x0460, 0x0460, 0x0460, 0x0460, 0x0460, 0x0460, 0x0460, 0x0460, 0x0460, 0x1366,
        0x0460, 0x0460, 0x0460, 0x0460, 0x0460, 0x0460, 0x0460, 0x0460, 0x0460, 0x0460, 0x0460, 0x0460, 0x0460, 0x0460, 0x0460, 0x0460,
        0x0460, 0x0460, 0x0460, 0x0460, 0x0460, 0x0460, 0x0460, 0x0460, 0x0460, 0x0460, 0x0460, 0x0460, 0x0460, 0x0460, 0x0460, 0x0460,
        0x0460, 0x0460, 0x0460, 0x0460, 0x0460, 0x0460, 0x0460, 0x0460, 0x0460, 0x0460, 0x0460, 0x0460, 0x0460, 0x0460, 0x0460, 0x0460,
        0x0460, 0x0460, 0x0460, 0x0460, 0x0460, 0x0460, 0x0460, 0x0460, 0x0460, 0x0460, 0x0460, 0x0460, 0x0460, 0x0460, 0x0460, 0x0460,
        0x0460, 0x0460, 0x0460, 0x0460, 0x0460, 0x0460, 0x0460, 0x0460, 0x0460, 0x0460, 0x0460, 0x0460, 0x0460, 0x0460, 0x0460, 0x0460,
        0x0460, 0x0460, 0x0460, 0x0460, 0x0460, 0x0460, 0x0460, 0x0460, 0x0460, 0x0460, 0x0460, 0x0460, 0x0460, 0x0460, 0x0460, 0x0460,
        0x1366, 0x1366, 0x1366, 0x1366, 0x1366, 0x1366, 0x1366, 0x1366, 0x1366, 0x1366, 0x1366, 0x1366, 0x1366, 0x1366, 0x1366, 0x1366,
        0x1366, 0x1366, 0x1366, 0x1366, 0x1366, 0x1366, 0x1366, 0x1366, 0x1366, 0x1366, 0x1366, 0x1366, 0x1366, 0x1366, 0x1366, 0x1366,
        0x0460, 0x0460, 0x0460, 0x0460, 0x0460, 0x0460, 0x0460, 0x0460, 0x0460, 0x0460, 0x0460, 0x0460, 0x0460, 0x0460, 0x0460, 0x0460,
        0x0460, 0x0460, 0x0460, 0x0460, 0x0460, 0x0460, 0x0460, 0x0460, 0x0460, 0x0460, 0x0460, 0x0460, 0x0460, 0x0460, 0x0460, 0x0460,
        0x0460, 0x0460, 0x0460, 0x0460, 0x0460, 0x0460, 0x0460, 0x0460, 0x0460, 0x0460, 0x0460, 0x0460, 0x0460, 0x0460, 0x0460, 0x0460,
        0x0460, 0x0460, 0x0460, 0x0460, 0x0460, 0x0460, 0x0460, 0x0460, 0x0460, 0x0460, 0x0860, 0x0860, 0x0460, 0x0460, 0x0460, 0x0460,
        0x0460, 0x0460, 0x0460, 0x0460, 0x0460, 0x0460, 0x0460, 0x0460, 0x0460, 0x0460, 0x0460, 0x0460, 0x0460, 0x0460, 0x0460, 0x0460,
        0x0460, 0x0460, 0x0460, 0x0460, 0x0460, 0x0460, 0x0460, 0x0460, 0x0460, 0x0460, 0x0460, 0x0460, 0x0460, 0x0460, 0x0460, 0x0460,
        0x0460, 0x0460, 0x0460, 0x0460, 0x0460, 0x0460, 0x0460, 0x0460, 0x0460, 0x0460, 0x0460, 0x0460, 0x0460, 0x0460, 0x0460, 0x0460,
        0x0460, 0x0460, 0x0460, 0x0460, 0x0460, 0x0460, 0x0460, 0x0460, 0x0460, 0x0460, 0x0460, 0x0460, 0x0460, 0x0460, 0x0460, 0x0460,
        0x08A0, 0x08A0, 0x08A0, 0x08A0, 0x08A0, 0x08A0, 0x08A0, 0x08A0, 0x08A0, 0x08A0, 0x08A0, 0x08A0, 0x08A0, 0x08A0, 0x08A0, 0x08A0,
        0x08A0, 0x08A0, 0x08A0, 0x08A0, 0x08A0, 0x08A0, 0x08A0, 0x08A0, 0x08A0, 0x08A0, 0x0460, 0x08A0, 0x08A0, 0x08A0, 0x08A0, 0x08A0,
        0x08A0, 0x08A0, 0x08A0, 0x08A0, 0x08A0, 0x08A0, 0x08A0, 0x08A0, 0x08A0, 0x08A0, 0x08A0, 0x08A0, 0x08A0, 0x08A0, 0x08A0, 0x08A0,
        0x08A0, 0x08A0, 0x08A0, 0x08A0, 0x08A0, 0x08A0, 0x08A0, 0x08A0, 0x08A0, 0x08A0, 0x08A0, 0x08A0, 0x08A0, 0x08A0, 0x08A0, 0x08A0,
        0x08A0, 0x08A0, 0x08A0, 0x08A0, 0x08A0, 0x08A0, 0x08A0, 0x08A0, 0x08A0, 0x08A0, 0x08A0, 0x08A0, 0x08A0, 0x08A0, 0x08A0, 0x08A0,
        0x08A0, 0x08A0, 0x08A0, 0x08A0, 0x08A0, 0x08A0, 0x08A0, 0x08A0, 0x08A0, 0x08A0, 0x08A0, 0x08A0, 0x08A0, 0x08A0, 0x08A0, 0x08A0,
        0x08A0, 0x08A0, 0x08A0, 0x08A0, 0x08A0, 0x08A0, 0x08A0, 0x08A0, 0x08A0, 0x08A0, 0x08A0, 0x08A0, 0x08A0, 0x08A0, 0x08A0, 0x08A0,
        0x08A0, 0x08A0, 0x08A0, 0x08A0, 0x0460, 0x0460, 0x0460, 0x0460, 0x0460, 0x0460, 0x0460, 0x0460, 0x0460, 0x0460, 0x0460, 0x0460,
        0x08A0, 0x08A0, 0x08A0, 0x08A0, 0x08A0, 0x08A0, 0x08A0, 0x08A0, 0x08A0, 0x08A0, 0x08A0, 0x08A0, 0x08A0, 0x08A0, 0x08A0, 0x08A0,
        0x08A0, 0x08A0, 0x08A0, 0x08A0, 0x08A0, 0x08A0, 0x08A0, 0x08A0, 0x08A0, 0x08A0, 0x08A0, 0x08A0, 0x08A0, 0x08A0, 0x08A0, 0x08A0,
        0x08A0, 0x08A0, 0x08A0, 0x08A0, 0x08A0, 0x08A0, 0x08A0, 0x08A0, 0x08A0, 0x08A0, 0x08A0, 0x08A0, 0x08A0, 0x08A0, 0x08A0, 0x08A0,
        0x08A0, 0x08A0, 0x08A0, 0x08A0, 0x08A0, 0x08A0, 0x08A0, 0x08A0, 0x08A0, 0x08A0, 0x08A0, 0x08A0, 0x08A0, 0x08A0, 0x08A0, 0x08A0,
        0x08A0, 0x08A0, 0x08A0, 0x08A0, 0x08A0, 0x08A0, 0x08A0, 0x08A0, 0x08A0, 0x08A0, 0x08A0, 0x08A0, 0x08A0, 0x08A0, 0x08A0, 0x08A0,
        0x08A0, 0x08A0, 0x08A0, 0x08A0, 0x08A0, 0x08A0, 0x08A0, 0x08A0, 0x08A0, 0x08A0, 0x08A0, 0x08A0, 0x08A0, 0x08A0, 0x08A0, 0x08A0,
        0x08A0, 0x08A0, 0x08A0, 0x08A0, 0x08A0, 0x08A0, 0x08A0, 0x08A0, 0x08A0, 0x08A0, 0x08A0, 0x08A0, 0x08A0, 0x08A0, 0x08A0, 0x08A0,
        0x08A0, 0x08A0, 0x08A0, 0x08A0, 0x08A0, 0x08A0, 0x08A0, 0x08A0, 0x08A0, 0x08A0, 0x08A0, 0x08A0, 0x08A0, 0x08A0, 0x08A0, 0x08A0,
        0x08A0, 0x08A0, 0x08A0, 0x08A0, 0x08A0, 0x08A0, 0x08A0, 0x08A0, 0x08A0, 0x08A0, 0x08A0, 0x08A0, 0x08A0, 0x08A0, 0x08A0, 0x08A0,
        0x08A0, 0x08A0, 0x08A0, 0x08A0, 0x08A0, 0x08A0, 0x08A0, 0x08A0, 0x08A0, 0x08A0, 0x08A0, 0x08A0, 0x08A0, 0x08A0, 0x08A0, 0x08A0,
        0x08A0, 0x08A0, 0x08A0, 0x08A0, 0x08A0, 0x08A0, 0x08A0, 0x08A0, 0x08A0, 0x08A0, 0x08A0, 0x08A0, 0x08A0, 0x08A0, 0x08A0, 0x08A0,
        0x08A0, 0x08A0, 0x08A0, 0x08A0, 0x08A0, 0x08A0, 0x08A0, 0x08A0, 0x08A0, 0x08A0, 0x08A0, 0x08A0, 0x08A0, 0x08A0, 0x08A0, 0x08A0,
        0x08A0, 0x08A0, 0x08A0, 0x08A0, 0x08A0, 0x08A0, 0x08A0, 0x08A0, 0x08A0, 0x08A0, 0x08A0, 0x08A0, 0x08A0, 0x08A0, 0x08A0, 0x08A0,
        0x08A0, 0x08A0, 0x08A0, 0x08A0, 0x08A0, 0x08A0, 0x0460, 0x0460, 0x0460, 0x0460, 0x0460, 0x0460, 0x0460, 0x0460, 0x0460, 0x0460,
        0x0460, 0x0460, 0x0460, 0x0460, 0x0460, 0x0460, 0x0460, 0x0460, 0x0460, 0x0460, 0x0460, 0x0460, 0x0460, 0x0460, 0x0460, 0x0460,
        0x08A0, 0x08A0, 0x08A0, 0x08A0, 0x08A0, 0x08A0, 0x08A0, 0x08A0, 0x08A0, 0x08A0, 0x08A0, 0x08A0, 0x08A0, 0x08A0, 0x08A0, 0x08A0,
        0x0820, 0x08A0, 0x08A0, 0x08A0, 0x08A0, 0x08A0, 0x08A0, 0x08A0, 0x08A0, 0x08A0, 0x08A0, 0x08A0, 0x08A0, 0x08A0, 0x08A0, 0x08A0,
        0x08A0, 0x08A0, 0x08A0, 0x08A0, 0x08A0, 0x08A0, 0x08A0, 0x08A0, 0x08A0, 0x08A0, 0x08A0, 0x08A0, 0x08A0, 0x08A0, 0x08A0, 0x08A0,
        0x08A0, 0x08A0, 0x08A0, 0x08A0, 0x08A0, 0x08A0, 0x08A0, 0x08A0, 0x08A0, 0x08A0, 0x13A6, 0x13A6, 0x13A6, 0x13A6, 0x0BA6, 0x0BA6,
        0x28B2, 0x08A0, 0x08A0, 0x08A0, 0x08A0, 0x08A0, 0x08A0, 0x08A0, 0x08A0, 0x08A0, 0x08A0, 0x08A0, 0x08A0, 0x28B2, 0x08A0, 0x0460,
        0x0460, 0x08A0, 0x08A0, 0x08A0, 0x08A0, 0x08A0, 0x08A0, 0x08A0, 0x08A0, 0x08A0, 0x08A0, 0x08A0, 0x08A0, 0x08A0, 0x08A0, 0x08A0,
        0x08A0, 0x08A0, 0x08A0, 0x08A0, 0x08A0, 0x08A0, 0x08A0, 0x08A0, 0x08A0, 0x08A0, 0x08A0, 0x08A0, 0x08A0, 0x08A0, 0x08A0, 0x08A0,
        0x08A0, 0x08A0, 0x08A0, 0x08A0, 0x08A0, 0x08A0, 0x08A0, 0x08A0, 0x08A0, 0x08A0, 0x08A0, 0x08A0, 0x08A0, 0x08A0, 0x08A0, 0x08A0,
        0x08A0, 0x08A0, 0x08A0, 0x08A0, 0x08A0, 0x08A0, 0x08A0, 0x08A0, 0x08A0, 0x08A0, 0x08A0, 0x08A0, 0x08A0, 0x08A0, 0x08A0, 0x08A0,
        0x08A0, 0x08A0, 0x08A0, 0x08A0, 0x08A0, 0x08A0, 0x08A0, 0x08A0, 0x08A0, 0x08A0, 0x08A0, 0x08A0, 0x08A0, 0x08A0, 0x08A0, 0x08A0,
        0x08A0, 0x08A0, 0x08A0, 0x08A0, 0x08A0, 0x08A0, 0x08A0, 0x0460, 0x0460, 0x13A6, 0x13A6, 0x08A0, 0x08A0, 0x08A0, 0x08A0, 0x08A0,
        0x08A0, 0x08A0, 0x08A0, 0x08A0, 0x08A0, 0x08A0, 0x08A0, 0x08A0, 0x08A0, 0x08A0, 0x08A0, 0x08A0, 0x08A0, 0x08A0, 0x08A0, 0x08A0,
        0x08A0, 0x08A0, 0x08A0, 0x08A0, 0x08A0, 0x08A0, 0x08A0, 0x08A0, 0x08A0, 0x08A0, 0x08A0, 0x08A0, 0x08A0, 0x08A0, 0x08A0, 0x08A0,
        0x08A0, 0x08A0, 0x08A0, 0x08A0, 0x08A0, 0x08A0, 0x08A0, 0x08A0, 0x08A0, 0x08A0, 0x08A0, 0x08A0, 0x08A0, 0x08A0, 0x08A0, 0x08A0,
        0x08A0, 0x08A0, 0x08A0, 0x08A0, 0x08A0, 0x08A0, 0x08A0, 0x08A0, 0x08A0, 0x08A0, 0x08A0, 0x08A0, 0x08A0, 0x08A0, 0x08A0, 0x08A0,
        0x08A0, 0x08A0, 0x08A0, 0x08A0, 0x08A0, 0x08A0, 0x08A0, 0x08A0, 0x08A0, 0x08A0, 0x08A0, 0x08A0, 0x08A0, 0x08A0, 0x08A0, 0x08A0,
        0x08A0, 0x08A0, 0x08A0, 0x08A0, 0x08A0, 0x08A0, 0x08A0, 0x08A0, 0x08A0, 0x08A0, 0x08A0, 0x08A0, 0x08A0, 0x08A0, 0x08A0, 0x08A0,
        0x0460, 0x0460, 0x0460, 0x0460, 0x0460, 0x08A0, 0x08A0, 0x08A0, 0x08A0, 0x08A0, 0x08A0, 0x08A0, 0x08A0, 0x08A0, 0x08A0, 0x08A0,
        0x08A0, 0x08A0, 0x08A0, 0x08A0, 0x08A0, 0x08A0, 0x08A0, 0x08A0, 0x08A0, 0x08A0, 0x08A0, 0x08A0, 0x08A0, 0x08A0, 0x08A0, 0x08A0,
        0x08A0, 0x08A0, 0x08A0, 0x08A0, 0x08A0, 0x08A0, 0x08A0, 0x08A0, 0x08A0, 0x08A0, 0x08A0, 0x08A0, 0x08A0, 0x08A0, 0x08A0, 0x08A0,
        0x0460, 0x08A0, 0x08A0, 0x08A0, 0x08A0, 0x08A0, 0x08A0, 0x08A0, 0x08A0, 0x08A0, 0x08A0, 0x08A0, 0x08A0, 0x08A0, 0x08A0, 0x08A0,
        0x08A0, 0x08A0, 0x08A0, 0x08A0, 0x08A0, 0x08A0, 0x08A0, 0x08A0, 0x08A0, 0x08A0, 0x08A0, 0x08A0, 0x08A0, 0x08A0, 0x08A0, 0x08A0,
        0x08A0, 0x08A0, 0x08A0, 0x08A0, 0x08A0, 0x08A0, 0x08A0, 0x08A0, 0x08A0, 0x08A0, 0x08A0, 0x08A0, 0x08A0, 0x08A0, 0x08A0, 0x08A0,
        0x08A0, 0x08A0, 0x08A0, 0x08A0, 0x10A0, 0x08A0, 0x08A0, 0x08A0, 0x08A0, 0x08A0, 0x08A0, 0x08A0, 0x08A0, 0x08A0, 0x08A0, 0x08A0,
        0x08A0, 0x08A0, 0x08A0, 0x08A0, 0x08A0, 0x08A0, 0x08A0, 0x08A0, 0x08A0, 0x08A0, 0x08A0, 0x08A0, 0x08A0, 0x08A0, 0x08A0, 0x08A0,
        0x08A0, 0x08A0, 0x08A0, 0x08A0, 0x08A0, 0x08A0, 0x08A0, 0x08A0, 0x08A0, 0x08A0, 0x08A0, 0x08A0, 0x08A0, 0x08A0, 0x08A0, 0x0460,
        0x08A0, 0x08A0, 0x08A0, 0x08A0, 0x08A0, 0x08A0, 0x08A0, 0x08A0, 0x08A0, 0x08A0, 0x08A0, 0x08A0, 0x08A0, 0x08A0, 0x08A0, 0x08A0,
        0x08A0, 0x08A0, 0x08A0, 0x08A0, 0x08A0, 0x08A0, 0x08A0, 0x08A0, 0x08A0, 0x08A0, 0x08A0, 0x08A0, 0x08A0, 0x08A0, 0x08A0, 0x08A0,
        0x08A0, 0x08A0, 0x08A0, 0x08A0, 0x08A0, 0x08A0, 0x08A0, 0x08A0, 0x08A0, 0x08A0, 0x08A0, 0x08A0, 0x08A0, 0x08A0, 0x08A0, 0x08A0,
        0x08A0, 0x08A0, 0x08A0, 0x08A0, 0x08A0, 0x08A0, 0x08A0, 0x08A0, 0x08A0, 0x08A0, 0x08A0, 0x08A0, 0x08A0, 0x08A0, 0x08A0, 0x08A0,
        0x08A0, 0x08A0, 0x08A0, 0x08A0, 0x08A0, 0x08A0, 0x08A0, 0x08A0, 0x08A0, 0x08A0, 0x08A0, 0x08A0, 0x08A0, 0x08A0, 0x08A0, 0x08A0,
        0x08A0, 0x08A0, 0x08A0, 0x08A0, 0x08A0, 0x08A0, 0x0460, 0x0460, 0x0460, 0x0460, 0x0460, 0x0460, 0x0460, 0x0460, 0x0460, 0x08A0,
        0x08A0, 0x08A0, 0x08A0, 0x08A0, 0x08A0, 0x08A0, 0x08A0, 0x08A0, 0x08A0, 0x08A0, 0x08A0, 0x08A0, 0x08A0, 0x08A0, 0x08A0, 0x08A0,
        0x08A0, 0x08A0, 0x08A0, 0x08A0, 0x08A0, 0x08A0, 0x08A0, 0x08A0, 0x08A0, 0x08A0, 0x08A0, 0x08A0, 0x08A0, 0x08A0, 0x08A0, 0x08A0,
        0x08A0, 0x08A0, 0x08A0, 0x08A0, 0x08A0, 0x08A0, 0x08A0, 0x08A0, 0x08A0, 0x08A0, 0x08A0, 0x08A0, 0x08A0, 0x08A0, 0x08A0, 0x0460,
        0x08A0, 0x08A0, 0x08A0, 0x08A0, 0x08A0, 0x08A0, 0x08A0, 0x08A0, 0x08A0, 0x08A0, 0x08A0, 0x08A0, 0x08A0, 0x08A0, 0x08A0, 0x08A0,
        0x08A0, 0x08A0, 0x08A0, 0x08A0, 0x08A0, 0x08A0, 0x08A0, 0x08A0, 0x08A0, 0x08A0, 0x08A0, 0x08A0, 0x08A0, 0x08A0, 0x08A0, 0x08A0,
        0x08A0, 0x08A0, 0x08A0, 0x08A0, 0x08A0, 0x08A0, 0x08A0, 0x08A0, 0x0400, 0x0400, 0x0400, 0x0400, 0x0400, 0x0400, 0x0400, 0x0400,
        0x08A0, 0x08A0, 0x08A0, 0x08A0, 0x08A0, 0x08A0, 0x08A0, 0x08A0, 0x08A0, 0x08A0, 0x08A0, 0x08A0, 0x08A0, 0x08A0, 0x08A0, 0x08A0,
        0x08A0, 0x08A0, 0x08A0, 0x08A0, 0x08A0, 0x08A0, 0x08A0, 0x08A0, 0x08A0, 0x08A0, 0x08A0, 0x08A0, 0x08A0, 0x08A0, 0x08A0, 0x08A0,
        0x08A0, 0x08A0, 0x08A0, 0x08A0, 0x08A0, 0x08A0, 0x08A0, 0x08A0, 0x08A0, 0x08A0, 0x08A0, 0x08A0, 0x08A0, 0x08A0, 0x08A0, 0x08A0,
        0x08A0, 0x08A0, 0x08A0, 0x08A0, 0x08A0, 0x08A0, 0x08A0, 0x08A0, 0x08A0, 0x08A0, 0x08A0, 0x08A0, 0x08A0, 0x08A0, 0x08A0, 0x08A0,
        0x08A0, 0x08A0, 0x08A0, 0x08A0, 0x08A0, 0x08A0, 0x08A0, 0x28B2, 0x08A0, 0x28B2, 0x08A0, 0x08A0, 0x08A0, 0x08A0, 0x08A0, 0x08A0,
        0x08A0, 0x08A0, 0x08A0, 0x08A0, 0x08A0, 0x08A0, 0x08A0, 0x08A0, 0x08A0, 0x08A0, 0x08A0, 0x08A0, 0x08A0, 0x08A0, 0x08A0, 0x08A0,
        0x08A0, 0x08A0, 0x08A0, 0x08A0, 0x08A0, 0x08A0, 0x08A0, 0x08A0, 0x08A0, 0x08A0, 0x08A0, 0x08A0, 0x08A0, 0x08A0, 0x08A0, 0x08A0,
        0x08A0, 0x08A0, 0x08A0, 0x08A0, 0x08A0, 0x08A0, 0x08A0, 0x08A0, 0x08A0, 0x08A0, 0x08A0, 0x08A0, 0x08A0, 0x08A0, 0x08A0, 0x08A0,
        0x08A0, 0x08A0, 0x08A0, 0x08A0, 0x08A0, 0x08A0, 0x08A0, 0x08A0, 0x08A0, 0x08A0, 0x08A0, 0x08A0, 0x08A0, 0x08A0, 0x08A0, 0x08A0,
        0x08A0, 0x08A0, 0x08A0, 0x08A0, 0x08A0, 0x08A0, 0x08A0, 0x08A0, 0x08A0, 0x08A0, 0x08A0, 0x08A0, 0x08A0, 0x08A0, 0x08A0, 0x08A0,
        0x08A0, 0x08A0, 0x08A0, 0x08A0, 0x08A0, 0x08A0, 0x08A0, 0x08A0, 0x08A0, 0x08A0, 0x08A0, 0x08A0, 0x08A0, 0x08A0, 0x08A0, 0x08A0,
        0x08A0, 0x08A0, 0x08A0, 0x08A0, 0x08A0, 0x08A0, 0x08A0, 0x08A0, 0x08A0, 0x08A0, 0x08A0, 0x08A0, 0x08A0, 0x08A0, 0x08A0, 0x08A0,
        0x08A0, 0x08A0, 0x08A0, 0x08A0, 0x08A0, 0x08A0, 0x08A0, 0x08A0, 0x08A0, 0x08A0, 0x08A0, 0x08A0, 0x08A0, 0x08A0, 0x08A0, 0x08A0,
        0x08A0, 0x08A0, 0x08A0, 0x08A0, 0x08A0, 0x08A0, 0x08A0, 0x08A0, 0x08A0, 0x08A0, 0x08A0, 0x08A0, 0x08A0, 0x08A0, 0x08A0, 0x08A0,
        0x08A0, 0x08A0, 0x08A0, 0x08A0, 0x08A0, 0x08A0, 0x08A0, 0x08A0, 0x08A0, 0x08A0, 0x08A0, 0x08A0, 0x08A0, 0x08A0, 0x08A0, 0x08A0,
        0x08A0, 0x08A0, 0x08A0, 0x08A0, 0x08A0, 0x08A0, 0x08A0, 0x08A0, 0x08A0, 0x08A0, 0x08A0, 0x08A0, 0x08A0, 0x08A0, 0x08A0, 0x08A0,
        0x08A0, 0x08A0, 0x08A0, 0x08A0, 0x08A0, 0x08A0, 0x08A0, 0x08A0, 0x08A0, 0x08A0, 0x08A0, 0x08A0, 0x08A0, 0x08A0, 0x08A0, 0x08A0,
        0x08A0, 0x08A0, 0x08A0, 0x08A0, 0x08A0, 0x08A0, 0x08A0, 0x08A0, 0x08A0, 0x08A0, 0x08A0, 0x08A0, 0x08A0, 0x08A0, 0x08A0, 0x08A0,
        0x08A0, 0x08A0, 0x08A0, 0x08A0, 0x08A0, 0x08A0, 0x08A0, 0x08A0, 0x08A0, 0x08A0, 0x08A0, 0x08A0, 0x08A0, 0x08A0, 0x08A0, 0x08A0,
        0x08A0, 0x08A0, 0x08A0, 0x08A0, 0x08A0, 0x08A0, 0x08A0, 0x08A0, 0x08A0, 0x08A0, 0x08A0, 0x08A0, 0x08A0, 0x08A0, 0x08A0, 0x08A0,
        0x08A0, 0x08A0, 0x08A0, 0x08A0, 0x08A0, 0x08A0, 0x08A0, 0x08A0, 0x08A0, 0x08A0, 0x08A0, 0x08A0, 0x08A0, 0x08A0, 0x08A0, 0x08A0,
        0x08A0, 0x08A0, 0x08A0, 0x08A0, 0x08A0, 0x08A0, 0x08A0, 0x08A0, 0x08A0, 0x08A0, 0x08A0, 0x08A0, 0x08A0, 0x08A0, 0x08A0, 0x08A0,
        0x08A0, 0x08A0, 0x08A0, 0x08A0, 0x08A0, 0x08A0, 0x08A0, 0x08A0, 0x08A0, 0x08A0, 0x08A0, 0x08A0, 0x08A0, 0x08A0, 0x08A0, 0x08A0,
        0x08A0, 0x08A0, 0x08A0, 0x08A0, 0x08A0, 0x08A0, 0x08A0, 0x08A0, 0x08A0, 0x08A0, 0x08A0, 0x08A0, 0x08A0, 0x08A0, 0x08A0, 0x08A0,
        0x08A0, 0x08A0, 0x08A0, 0x08A0, 0x08A0, 0x08A0, 0x08A0, 0x08A0, 0x08A0, 0x08A0, 0x08A0, 0x08A0, 0x08A0, 0x08A0, 0x08A0, 0x08A0,
        0x08A0, 0x08A0, 0x08A0, 0x08A0, 0x08A0, 0x08A0, 0x08A0, 0x08A0, 0x08A0, 0x08A0, 0x08A0, 0x08A0, 0x08A0, 0x08A0, 0x08A0, 0x08A0,
        0x08A0, 0x08A0, 0x08A0, 0x08A0, 0x08A0, 0x08A0, 0x08A0, 0x08A0, 0x08A0, 0x08A0, 0x08A0, 0x08A0, 0x08A0, 0x08A0, 0x08A0, 0x08A0,
        0x08A0, 0x08A0, 0x08A0, 0x08A0, 0x08A0, 0x08A0, 0x08A0, 0x08A0, 0x08A0, 0x08A0, 0x08A0, 0x08A0, 0x08A0, 0x08A0, 0x08A0, 0x08A0,
        0x08A0, 0x08A0, 0x08A0, 0x08A0, 0x08A0, 0x08A0, 0x08A0, 0x08A0, 0x08A0, 0x08A0, 0x08A0, 0x08A0, 0x08A0, 0x08A0, 0x08A0, 0x08A0,
        0x08A0, 0x08A0, 0x08A0, 0x08A0, 0x08A0, 0x08A0, 0x08A0, 0x08A0, 0x08A0, 0x08A0, 0x08A0, 0x08A0, 0x08A0, 0x08A0, 0x08A0, 0x08A0,
        0x08A0, 0x08A0, 0x08A0, 0x08A0, 0x08A0, 0x08A0, 0x08A0, 0x08A0, 0x08A0, 0x08A0, 0x08A0, 0x08A0, 0x08A0, 0x08A0, 0x08A0, 0x08A0,
        0x08A0, 0x08A0, 0x08A0, 0x08A0, 0x08A0, 0x08A0, 0x08A0, 0x08A0, 0x08A0, 0x08A0, 0x08A0, 0x08A0, 0x08A0, 0x08A0, 0x08A0, 0x08A0,
        0x08A0, 0x08A0, 0x08A0, 0x08A0, 0x08A0, 0x08A0, 0x08A0, 0x08A0, 0x08A0, 0x08A0, 0x08A0, 0x08A0, 0x08A0, 0x08A0, 0x08A0, 0x08A0,
        0x08A0, 0x08A0, 0x08A0, 0x08A0, 0x08A0, 0x08A0, 0x08A0, 0x08A0, 0x08A0, 0x08A0, 0x08A0, 0x08A0, 0x08A0, 0x08A0, 0x08A0, 0x08A0,
        0x08A0, 0x08A0, 0x08A0, 0x08A0, 0x08A0, 0x08A0, 0x08A0, 0x08A0, 0x08A0, 0x08A0, 0x08A0, 0x08A0, 0x08A0, 0x08A0, 0x08A0, 0x08A0,
        0x08A0, 0x08A0, 0x08A0, 0x08A0, 0x08A0, 0x08A0, 0x08A0, 0x08A0, 0x08A0, 0x08A0, 0x08A0, 0x08A0, 0x08A0, 0x0460, 0x0460, 0x0460,
        0x08A0, 0x08A0, 0x08A0, 0x08A0, 0x08A0, 0x08A0, 0x08A0, 0x08A0, 0x08A0, 0x08A0, 0x08A0, 0x08A0, 0x08A0, 0x08A0, 0x08A0, 0x08A0,
        0x08A0, 0x08A0, 0x08A0, 0x08A0, 0x08A0, 0x08A0, 0x08A0, 0x08A0, 0x08A0, 0x08A0, 0x08A0, 0x08A0, 0x08A0, 0x08A0, 0x08A0, 0x08A0,
        0x08A0, 0x08A0, 0x08A0, 0x08A0, 0x08A0, 0x08A0, 0x08A0, 0x08A0, 0x08A0, 0x08A0, 0x08A0, 0x08A0, 0x08A0, 0x08A0, 0x08A0, 0x08A0,
        0x08A0, 0x08A0, 0x08A0, 0x08A0, 0x08A0, 0x08A0, 0x08A0, 0x0460, 0x0460, 0x0460, 0x0460, 0x0460, 0x0460, 0x0460, 0x0460, 0x0460,
        0x0460, 0x0460, 0x0460, 0x0460, 0x0460, 0x0460, 0x0460, 0x0460, 0x0460, 0x0460, 0x0460, 0x0460, 0x0460, 0x0460, 0x0460, 0x0460,
        0x0460, 0x0460, 0x0460, 0x0460, 0x0460, 0x0460, 0x0460, 0x0460, 0x0460, 0x0460, 0x0460, 0x0460, 0x0460, 0x0460, 0x0460, 0x0460,
        0x0460, 0x0460, 0x0460, 0x0460, 0x0460, 0x0460, 0x0460, 0x0460, 0x0460, 0x0460, 0x0460, 0x0460, 0x0460, 0x0460, 0x0460, 0x0460,
        0x0460, 0x0460, 0x0460, 0x0460, 0x0460, 0x0460, 0x0460, 0x0460, 0x0460, 0x0460, 0x0460, 0x0460, 0x0460, 0x0460, 0x0460, 0x0460,
        0x0460, 0x0460, 0x0460, 0x0460, 0x0460, 0x0460, 0x0460, 0x0460, 0x0460, 0x0460, 0x0460, 0x0460, 0x0460, 0x0460, 0x0460, 0x0460,
        0x0460, 0x0460, 0x0460, 0x0460, 0x0460, 0x0460, 0x0460, 0x0460, 0x0460, 0x0460, 0x0460, 0x0460, 0x0460, 0x0460, 0x0460, 0x0460,
        0x0460, 0x0460, 0x0460, 0x0460, 0x0460, 0x0460, 0x0460, 0x0460, 0x0460, 0x0460, 0x0460, 0x0460, 0x0460, 0x0460, 0x0460, 0x0460,
        0x0460, 0x0460, 0x0460, 0x0460, 0x0460, 0x0460, 0x0460, 0x0460, 0x0460, 0x0460, 0x0460, 0x0460, 0x0460, 0x0460, 0x0460, 0x0460,
        0x0460, 0x0460, 0x0460, 0x0460, 0x0460, 0x0460, 0x0460, 0x0460, 0x0460, 0x0460, 0x0460, 0x0460, 0x0460, 0x0460, 0x0460, 0x0460,
        0x0460, 0x0460, 0x0460, 0x0460, 0x0460, 0x0460, 0x0460, 0x0460, 0x0460, 0x0460, 0x0460, 0x0460, 0x0460, 0x0460, 0x0460, 0x1366,
        0x1366, 0x1366, 0x1366, 0x0460, 0x1366, 0x1366, 0x1366, 0x1366, 0x1366, 0x1366, 0x1366, 0x1366, 0x1366, 0x1366, 0x0460, 0x0460,
        0x0460, 0x0460, 0x0460, 0x0460, 0x0460, 0x0460, 0x0460, 0x0460, 0x0460, 0x0460, 0x0460, 0x0460, 0x0460, 0x0460, 0x0460, 0x0460,
        0x0460, 0x0460, 0x0460, 0x0460, 0x0460, 0x0460, 0x0460, 0x0460, 0x0460, 0x0460, 0x0460, 0x0460, 0x0460, 0x0460, 0x1366, 0x1366,
        0x0460, 0x0460, 0x0460, 0x0460, 0x0460, 0x0460, 0x0460, 0x0460, 0x0460, 0x0460, 0x0460, 0x0460, 0x0460, 0x0460, 0x0460, 0x0460,
        0x0460, 0x0460, 0x0460, 0x0460, 0x0460, 0x0460, 0x0460, 0x0460, 0x0460, 0x0460, 0x0460, 0x0460, 0x0460, 0x0460, 0x0460, 0x0460,
        0x0460, 0x0460, 0x0460, 0x0460, 0x0460, 0x0460, 0x0460, 0x0460, 0x0460, 0x0460, 0x0460, 0x0460, 0x0460, 0x0460, 0x0460, 0x0460,
        0x0460, 0x0460, 0x0460, 0x0460, 0x0460, 0x0460, 0x0460, 0x0460, 0x0460, 0x0460, 0x0460, 0x0460, 0x0460, 0x0460, 0x0460, 0x0460,
        0x0460, 0x0460, 0x0460, 0x0460, 0x0460, 0x0460, 0x0460, 0x0460, 0x0460, 0x0460, 0x0460, 0x0460, 0x0460, 0x0460, 0x0460, 0x0460,
        0x1366, 0x1366, 0x0460, 0x0460, 0x0460, 0x0460, 0x0460, 0x0460, 0x0460, 0x0460, 0x0460, 0x0460, 0x0460, 0x0460, 0x0460, 0x0460,
        0x0460, 0x0460, 0x1366, 0x0460, 0x0460, 0x0460, 0x1366, 0x0460, 0x0460, 0x0460, 0x0460, 0x1366, 0x0460, 0x0460, 0x0460, 0x0460,
        0x0460, 0x0460, 0x0460, 0x0460, 0x0460, 0x0460, 0x0460, 0x0460, 0x0460, 0x0460, 0x0460, 0x0460, 0x0460, 0x0460, 0x0460, 0x0460,
        0x0460, 0x0460, 0x0460, 0x046E, 0x046E, 0x1366, 0x1366, 0x046E, 0x0460, 0x0460, 0x0460, 0x0460, 0x1366, 0x0460, 0x0460, 0x0460,
        0x0460, 0x0460, 0x0460, 0x0460, 0x0460, 0x0460, 0x0460, 0x0460, 0x0460, 0x0460, 0x0460, 0x0460, 0x0460, 0x0460, 0x0460, 0x0460,
        0x0460, 0x0460, 0x0460, 0x0460, 0x0460, 0x0460, 0x0460, 0x0460, 0x0460, 0x0460, 0x0460, 0x0460, 0x0460, 0x0460, 0x0460, 0x0460,
        0x0460, 0x0460, 0x0460, 0x0460, 0x0460, 0x0460, 0x0460, 0x0460, 0x0460, 0x0460, 0x0460, 0x0460, 0x0460, 0x0460, 0x0460, 0x0460,
        0x0460, 0x0460, 0x0460, 0x0460, 0x0460, 0x0460, 0x0460, 0x0460, 0x0460, 0x0460, 0x0460, 0x0460, 0x0460, 0x0460, 0x0460, 0x0460,
        0x0460, 0x0460, 0x0460, 0x0460, 0x0460, 0x0460, 0x0460, 0x0460, 0x0460, 0x0460, 0x0460, 0x0460, 0x0460, 0x0460, 0x0460, 0x0460,
        0x046E, 0x046E, 0x0460, 0x0460, 0x0460, 0x0460, 0x0460, 0x0460, 0x0460, 0x0460, 0x0460, 0x0460, 0x0460, 0x0460, 0x0460, 0x0460,
        0x0460, 0x0460, 0x0460, 0x0460, 0x0460, 0x0460, 0x0460, 0x0460, 0x0460, 0x0460, 0x0460, 0x0460, 0x0460, 0x0460, 0x0460, 0x0460,
        0x0460, 0x0460, 0x0460, 0x0460, 0x0460, 0x0460, 0x0460, 0x0460, 0x0460, 0x0460, 0x0460, 0x0460, 0x0460, 0x0460, 0x0460, 0x0460,
        0x0460, 0x0460, 0x0460, 0x0460, 0x046E, 0x046E, 0x046E, 0x046E, 0x046E, 0x046E, 0x046E, 0x046E, 0x046E, 0x046E, 0x046E, 0x046E,
        0x046E, 0x046E, 0x046E, 0x046E, 0x1366, 0x1366, 0x0460, 0x0460, 0x0460, 0x0460, 0x0460, 0x0460, 0x0460, 0x0460, 0x0460, 0x0460,
        0x0460, 0x0460, 0x0460, 0x0460, 0x0460, 0x0460, 0x0460, 0x0460, 0x0460, 0x0460, 0x0460, 0x0460, 0x0460, 0x0460, 0x0460, 0x0460,
        0x1366, 0x1366, 0x1366, 0x1366, 0x1366, 0x1366, 0x1366, 0x1366, 0x1366, 0x1366, 0x1366, 0x1366, 0x1366, 0x1366, 0x1366, 0x1366,
        0x1366, 0x1366, 0x0460, 0x0460, 0x0460, 0x0460, 0x0460, 0x0460, 0x0460, 0x0460, 0x0460, 0x0460, 0x0460, 0x0460, 0x0460, 0x1366,
        0x0460, 0x0460, 0x0460, 0x0460, 0x0460, 0x0460, 0x0460, 0x0460, 0x0460, 0x0460, 0x0460, 0x0460, 0x0460, 0x0460, 0x0460, 0x0460,
        0x0460, 0x0460, 0x0460, 0x0460, 0x0460, 0x0460, 0x0460, 0x0460, 0x0460, 0x0460, 0x0460, 0x0460, 0x0460, 0x0460, 0x0460, 0x0460,
        0x0460, 0x0460, 0x0460, 0x0460, 0x0460, 0x0460, 0x1366, 0x1366, 0x1366, 0x1366, 0x1366, 0x1366, 0x1366, 0x1366, 0x0460, 0x0460,
        0x0460, 0x0460, 0x0460, 0x0460, 0x0460, 0x0460, 0x0460, 0x0460, 0x0460, 0x0460, 0x0460, 0x0460, 0x0460, 0x0460, 0x0460, 0x0460,
        0x0460, 0x0460, 0x0460, 0x0460, 0x0460, 0x0460, 0x0460, 0x1366, 0x1366, 0x1366, 0x1366, 0x1366, 0x1366, 0x1366, 0x1366, 0x1366,
        0x1366, 0x1366, 0x046E, 0x0766, 0x0460, 0x0460, 0x0460, 0x0460, 0x0460, 0x0460, 0x0460, 0x0460, 0x0460, 0x0460, 0x0460, 0x0460,
        0x08A8, 0x08A8, 0x08A8, 0x08A8, 0x08A8, 0x08A8, 0x08A8, 0x08A8, 0x08A8, 0x08A8, 0x08A8, 0x08A8, 0x08A8, 0x08A8, 0x08A8, 0x08A8,
        0x08A8, 0x08A8, 0x08A8, 0x08A8, 0x08A8, 0x08A8, 0x08A8, 0x08A8, 0x08A8, 0x08A8, 0x08A8, 0x08A8, 0x08A8, 0x0460, 0x0460, 0x0460,
        0x1366, 0x1366, 0x1366, 0x046E, 0x0460, 0x0460, 0x0460, 0x0460, 0x0460, 0x0660, 0x0660, 0x0660, 0x0460, 0x0460, 0x0460, 0x0660,
        0x0660, 0x0660, 0x0660, 0x0660, 0x0660, 0x0660, 0x0660, 0x0660, 0x0660, 0x0660, 0x0660, 0x0660, 0x0660, 0x0660, 0x0660, 0x0660,
        0x0660, 0x0660, 0x0660, 0x0660, 0x0660, 0x0660, 0x0660, 0x0660, 0x0660, 0x0660, 0x0660, 0x0660, 0x0660, 0x0660, 0x0660, 0x0660,
        0x0660, 0x0660, 0x0660, 0x1366, 0x046E, 0x046E, 0x1366, 0x1366, 0x1366, 0x1366, 0x046E, 0x046E, 0x1366, 0x1366, 0x046E, 0x046E,
        0x0566, 0x0460, 0x0460, 0x0460, 0x0460, 0x0460, 0x0460, 0x0460, 0x0460, 0x0460, 0x0460, 0x0460, 0x0460, 0x0460, 0x0460, 0x0460,
        0x0460, 0x0460, 0x0460, 0x0460, 0x0460, 0x0460, 0x0460, 0x0460, 0x0460, 0x0460, 0x0460, 0x0460, 0x0460, 0x0460, 0x0460, 0x0460,
        0x0660, 0x0660, 0x0660, 0x0660, 0x0660, 0x1366, 0x0460, 0x0660, 0x0660, 0x0660, 0x0660, 0x0660, 0x0660, 0x0660, 0x0660, 0x0660,
        0x0460, 0x0460, 0x0460, 0x0460, 0x0460, 0x0460, 0x0460, 0x0460, 0x0460, 0x0460, 0x0660, 0x0660, 0x0660, 0x0660, 0x0660, 0x0460,
        0x0460, 0x0460, 0x0460, 0x0460, 0x0460, 0x0460, 0x0460, 0x0460, 0x0460, 0x0460, 0x0460, 0x0460, 0x0460, 0x0460, 0x0460, 0x0460,
        0x0460, 0x0460, 0x0460, 0x0460, 0x0460, 0x0460, 0x0460, 0x0460, 0x0460, 0x0460, 0x0460, 0x0460, 0x0460, 0x0460, 0x0460, 0x0460,
        0x0460, 0x0460, 0x0460, 0x0460, 0x0460, 0x0460, 0x0460, 0x0460, 0x0460, 0x1366, 0x1366, 0x1366, 0x1366, 0x1366, 0x1366, 0x046E,
        0x046E, 0x1366, 0x1366, 0x046E, 0x046E, 0x1366, 0x1366, 0x0460, 0x0460, 0x0460, 0x0460, 0x0460, 0x0460, 0x0460, 0x0460, 0x0460,
        0x0460, 0x0460, 0x0460, 0x1366, 0x0460, 0x0460, 0x0460, 0x0460, 0x0460, 0x0460, 0x0460, 0x0460, 0x1366, 0x046E, 0x0460, 0x0460,
        0x0460, 0x0460, 0x0460, 0x0460, 0x0460, 0x0460, 0x0460, 0x0460, 0x0460, 0x0460, 0x0460, 0x0460, 0x0460, 0x0460, 0x0460, 0x0460,
        0x0660, 0x0660, 0x0660, 0x0660, 0x0660, 0x0660, 0x0660, 0x0660, 0x0660, 0x0660, 0x0660, 0x0660, 0x0660, 0x0660, 0x0660, 0x0660,
        0x0460, 0x0660, 0x0660, 0x0660, 0x0460, 0x0460, 0x0460, 0x0460, 0x0460, 0x0460, 0x0660, 0x0460, 0x1366, 0x0460, 0x0660, 0x0660,
        0x0460, 0x0460, 0x0460, 0x0460, 0x0460, 0x0460, 0x0460, 0x0460, 0x0460, 0x0460, 0x0460, 0x0460, 0x0460, 0x0460, 0x0460, 0x0460,
        0x0460, 0x0460, 0x0460, 0x0460, 0x0460, 0x0460, 0x0460, 0x0460, 0x0460, 0x0460, 0x0460, 0x0460, 0x0460, 0x0460, 0x0460, 0x0460,
        0x0460, 0x0460, 0x0460, 0x0460, 0x0460, 0x0460, 0x0460, 0x0460, 0x0460, 0x0460, 0x0460, 0x0460, 0x0460, 0x0460, 0x0460, 0x0460,
        0x1366, 0x0460, 0x1366, 0x1366, 0x1366, 0x0460, 0x0460, 0x1366, 0x1366, 0x0460, 0x0460, 0x0460, 0x0460, 0x0460, 0x1366, 0x1366,
        0x0460, 0x1366, 0x0460, 0x0460, 0x0460, 0x0460, 0x0460, 0x0460, 0x0460, 0x0460, 0x0460, 0x0460, 0x0460, 0x0460, 0x0460, 0x0460,
        0x0460, 0x0460, 0x0460, 0x0460, 0x0460, 0x0460, 0x0460, 0x0460, 0x0460, 0x0460, 0x0460, 0x0460, 0x0460, 0x0460, 0x0460, 0x0460,
        0x0660, 0x0660, 0x0660, 0x0660, 0x0660, 0x0660, 0x0660, 0x0660, 0x0660, 0x0660, 0x0660, 0x046E, 0x1366, 0x1366, 0x046E, 0x046E,
        0x0460, 0x0460, 0x0460, 0x0460, 0x0460, 0x046E, 0x1166, 0x0460, 0x0460, 0x0460, 0x0460, 0x0460, 0x0460, 0x0460, 0x0460, 0x0460,
        0x0460, 0x0460, 0x0460, 0x0460, 0x0460, 0x0460, 0x0460, 0x0460, 0x0460, 0x0460, 0x0460, 0x0460, 0x0460, 0x0460, 0x0460, 0x0460,
        0x0460, 0x0460, 0x0460, 0x0460, 0x0460, 0x0460, 0x0460, 0x0460, 0x0460, 0x0460, 0x0460, 0x0460, 0x0460, 0x0460, 0x0460, 0x0460,
        0x0460, 0x0460, 0x0460, 0x0460, 0x0460, 0x0460, 0x0460, 0x0460, 0x0460, 0x0460, 0x0460, 0x0460, 0x0460, 0x0460, 0x0460, 0x0460,
        0x0460, 0x0460, 0x0460, 0x0460, 0x0460, 0x0460, 0x0460, 0x0460, 0x0460, 0x0460, 0x0460, 0x0460, 0x0460, 0x0460, 0x0460, 0x0460,
        0x0460, 0x0460, 0x0460, 0x0460, 0x0460, 0x0460, 0x0460, 0x0460, 0x0460, 0x0460, 0x0460, 0x0460, 0x0460, 0x0460, 0x0460, 0x0460,
        0x0460, 0x0460, 0x0460, 0x0460, 0x0460, 0x0460, 0x0460, 0x0460, 0x0460, 0x0460, 0x0460, 0x0460, 0x0460, 0x0460, 0x0460, 0x0460,
        0x0460, 0x0460, 0x0460, 0x0460, 0x0460, 0x0460, 0x0460, 0x0460, 0x0460, 0x0460, 0x0460, 0x0460, 0x0460, 0x0460, 0x0460, 0x0460,
        0x0460, 0x0460, 0x0460, 0x0460, 0x0460, 0x0460, 0x0460, 0x0460, 0x0460, 0x0460, 0x0460, 0x0460, 0x0460, 0x0460, 0x0460, 0x0460,
        0x0460, 0x0460, 0x0460, 0x0460, 0x0460, 0x0460, 0x0460, 0x0460, 0x0460, 0x0460, 0x0460, 0x0460, 0x0460, 0x0460, 0x0460, 0x0460,
        0x0460, 0x0460, 0x0460, 0x0460, 0x0460, 0x0460, 0x0460, 0x0460, 0x0460, 0x0460, 0x0460, 0x0460, 0x0460, 0x0460, 0x0460, 0x0460,
        0x0460, 0x0460, 0x0460, 0x0460, 0x0460, 0x0460, 0x0460, 0x0460, 0x0460, 0x0460, 0x0460, 0x0460, 0x0460, 0x0460, 0x0460, 0x0460,
        0x0460, 0x0460, 0x0460, 0x0460, 0x0460, 0x0460, 0x0460, 0x0460, 0x0460, 0x0460, 0x0460, 0x0460, 0x0460, 0x0460, 0x0460, 0x0460,
        0x0660, 0x0660, 0x0660, 0x0660, 0x0660, 0x0660, 0x0660, 0x0660, 0x0660, 0x0660, 0x0660, 0x0660, 0x0660, 0x0660, 0x0660, 0x0660,
        0x0660, 0x0660, 0x0660, 0x0660, 0x0660, 0x0660, 0x0660, 0x0660, 0x0660, 0x0660, 0x0660, 0x0460, 0x0460, 0x0460, 0x0460, 0x0460,
        0x0460, 0x0460, 0x0460, 0x046E, 0x046E, 0x1366, 0x046E, 0x046E, 0x1366, 0x046E, 0x046E, 0x0460, 0x046E, 0x1366, 0x0460, 0x0460,
        0x0460, 0x0460, 0x0460, 0x0460, 0x0460, 0x0460, 0x0460, 0x0460, 0x0460, 0x0460, 0x0460, 0x0460, 0x0460, 0x0460, 0x0460, 0x0460,
        0x08AA, 0x08AB, 0x08AB, 0x08AB, 0x08AB, 0x08AB, 0x08AB, 0x08AB, 0x08AB, 0x08AB, 0x08AB, 0x08AB, 0x08AB, 0x08AB, 0x08AB, 0x08AB,
        0x08AB, 0x08AB, 0x08AB, 0x08AB, 0x08AB, 0x08AB, 0x08AB, 0x08AB, 0x08AB, 0x08AB, 0x08AB, 0x08AB, 0x08AA, 0x08AB, 0x08AB, 0x08AB,
        0x08AB, 0x08AB, 0x08AB, 0x08AB, 0x08AB, 0x08AB, 0x08AB, 0x08AB, 0x08AB, 0x08AB, 0x08AB, 0x08AB, 0x08AB, 0x08AB, 0x08AB, 0x08AB,
        0x08AB, 0x08AB, 0x08AB, 0x08AB, 0x08AB, 0x08AB, 0x08AB, 0x08AB, 0x08AA, 0x08AB, 0x08AB, 0x08AB, 0x08AB, 0x08AB, 0x08AB, 0x08AB,
        0x08AB, 0x08AB, 0x08AB, 0x08AB, 0x08AB, 0x08AB, 0x08AB, 0x08AB, 0x08AB, 0x08AB, 0x08AB, 0x08AB, 0x08AB, 0x08AB, 0x08AB, 0x08AB,
        0x08AB, 0x08AB, 0x08AB, 0x08AB, 0x08AA, 0x08AB, 0x08AB, 0x08AB, 0x08AB, 0x08AB, 0x08AB, 0x08AB, 0x08AB, 0x08AB, 0x08AB, 0x08AB,
        0x08AB, 0x08AB, 0x08AB, 0x08AB, 0x08AB, 0x08AB, 0x08AB, 0x08AB, 0x08AB, 0x08AB, 0x08AB, 0x08AB, 0x08AB, 0x08AB, 0x08AB, 0x08AB,
        0x08AA, 0x08AB, 0x08AB, 0x08AB, 0x08AB, 0x08AB, 0x08AB, 0x08AB, 0x08AB, 0x08AB, 0x08AB, 0x08AB, 0x08AB, 0x08AB, 0x08AB, 0x08AB,
        0x08AB, 0x08AB, 0x08AB, 0x08AB, 0x08AB, 0x08AB, 0x08AB, 0x08AB, 0x08AB, 0x08AB, 0x08AB, 0x08AB, 0x08AA, 0x08AB, 0x08AB, 0x08AB,
        0x08AB, 0x08AB, 0x08AB, 0x08AB, 0x08AB, 0x08AB, 0x08AB, 0x08AB, 0x08AB, 0x08AB, 0x08AB, 0x08AB, 0x08AB, 0x08AB, 0x08AB, 0x08AB,
        0x08AB, 0x08AB, 0x08AB, 0x08AB, 0x08AB, 0x08AB, 0x08AB, 0x08AB, 0x08AA, 0x08AB, 0x08AB, 0x08AB, 0x08AB, 0x08AB, 0x08AB, 0x08AB,
        0x08AB, 0x08AB, 0x08AB, 0x08AB, 0x08AB, 0x08AB, 0x08AB, 0x08AB, 0x08AB, 0x08AB, 0x08AB, 0x08AB, 0x08AB, 0x08AB, 0x08AB, 0x08AB,
        0x08AB, 0x08AB, 0x08AB, 0x08AB, 0x08AA, 0x08AB, 0x08AB, 0x08AB, 0x08AB, 0x08AB, 0x08AB, 0x08AB, 0x08AB, 0x08AB, 0x08AB, 0x08AB,
        0x08AB, 0x08AB, 0x08AB, 0x08AB, 0x08AB, 0x08AB, 0x08AB, 0x08AB, 0x08AB, 0x08AB, 0x08AB, 0x08AB, 0x08AB, 0x08AB, 0x08AB, 0x08AB,
        0x08AA, 0x08AB, 0x08AB, 0x08AB, 0x08AB, 0x08AB, 0x08AB, 0x08AB, 0x08AB, 0x08AB, 0x08AB, 0x08AB, 0x08AB, 0x08AB, 0x08AB, 0x08AB,
        0x08AB, 0x08AB, 0x08AB, 0x08AB, 0x08AB, 0x08AB, 0x08AB, 0x08AB, 0x08AB, 0x08AB, 0x08AB, 0x08AB, 0x08AA, 0x08AB, 0x08AB, 0x08AB,
        0x08AB, 0x08AB, 0x08AB, 0x08AB, 0x08AB, 0x08AB, 0x08AB, 0x08AB, 0x08AB, 0x08AB, 0x08AB, 0x08AB, 0x08AB, 0x08AB, 0x08AB, 0x08AB,
        0x08AB, 0x08AB, 0x08AB, 0x08AB, 0x08AB, 0x08AB, 0x08AB, 0x08AB, 0x08AA, 0x08AB, 0x08AB, 0x08AB, 0x08AB, 0x08AB, 0x08AB, 0x08AB,
        0x08AB, 0x08AB, 0x08AB, 0x08AB, 0x08AB, 0x08AB, 0x08AB, 0x08AB, 0x08AB, 0x08AB, 0x08AB, 0x08AB, 0x08AB, 0x08AB, 0x08AB, 0x08AB,
        0x08AB, 0x08AB, 0x08AB, 0x08AB, 0x08AA, 0x08AB, 0x08AB, 0x08AB, 0x08AB, 0x08AB, 0x08AB, 0x08AB, 0x08AB, 0x08AB, 0x08AB, 0x08AB,
        0x08AB, 0x08AB, 0x08AB, 0x08AB, 0x08AB, 0x08AB, 0x08AB, 0x08AB, 0x08AB, 0x08AB, 0x08AB, 0x08AB, 0x08AB, 0x08AB, 0x08AB, 0x08AB,
        0x08AA, 0x08AB, 0x08AB, 0x08AB, 0x08AB, 0x08AB, 0x08AB, 0x08AB, 0x08AB, 0x08AB, 0x08AB, 0x08AB, 0x08AB, 0x08AB, 0x08AB, 0x08AB,
        0x08AB, 0x08AB, 0x08AB, 0x08AB, 0x08AB, 0x08AB, 0x08AB, 0x08AB, 0x08AB, 0x08AB, 0x08AB, 0x08AB, 0x08AA, 0x08AB, 0x08AB, 0x08AB,
        0x08AB, 0x08AB, 0x08AB, 0x08AB, 0x08AB, 0x08AB, 0x08AB, 0x08AB, 0x08AB, 0x08AB, 0x08AB, 0x08AB, 0x08AB, 0x08AB, 0x08AB, 0x08AB,
        0x08AB, 0x08AB, 0x08AB, 0x08AB, 0x08AB, 0x08AB, 0x08AB, 0x08AB, 0x08AA, 0x08AB, 0x08AB, 0x08AB, 0x08AB, 0x08AB, 0x08AB, 0x08AB,
        0x08AB, 0x08AB, 0x08AB, 0x08AB, 0x08AB, 0x08AB, 0x08AB, 0x08AB, 0x08AB, 0x08AB, 0x08AB, 0x08AB, 0x08AB, 0x08AB, 0x08AB, 0x08AB,
        0x08AB, 0x08AB, 0x08AB, 0x08AB, 0x08AA, 0x08AB, 0x08AB, 0x08AB, 0x08AB, 0x08AB, 0x08AB, 0x08AB, 0x08AB, 0x08AB, 0x08AB, 0x08AB,
        0x08AB, 0x08AB, 0x08AB, 0x08AB, 0x08AB, 0x08AB, 0x08AB, 0x08AB, 0x08AB, 0x08AB, 0x08AB, 0x08AB, 0x08AB, 0x08AB, 0x08AB, 0x08AB,
        0x08AA, 0x08AB, 0x08AB, 0x08AB, 0x08AB, 0x08AB, 0x08AB, 0x08AB, 0x08AB, 0x08AB, 0x08AB, 0x08AB, 0x08AB, 0x08AB, 0x08AB, 0x08AB,
        0x08AB, 0x08AB, 0x08AB, 0x08AB, 0x08AB, 0x08AB, 0x08AB, 0x08AB, 0x08AB, 0x08AB, 0x08AB, 0x08AB, 0x08AA, 0x08AB, 0x08AB, 0x08AB,
        0x08AB, 0x08AB, 0x08AB, 0x08AB, 0x08AB, 0x08AB, 0x08AB, 0x08AB, 0x08AB, 0x08AB, 0x08AB, 0x08AB, 0x08AB, 0x08AB, 0x08AB, 0x08AB,
        0x08AB, 0x08AB, 0x08AB, 0x08AB, 0x08AB, 0x08AB, 0x08AB, 0x08AB, 0x08AA, 0x08AB, 0x08AB, 0x08AB, 0x08AB, 0x08AB, 0x08AB, 0x08AB,
        0x08AB, 0x08AB, 0x08AB, 0x08AB, 0x08AB, 0x08AB, 0x08AB, 0x08AB, 0x08AB, 0x08AB, 0x08AB, 0x08AB, 0x08AB, 0x08AB, 0x08AB, 0x08AB,
        0x08AB, 0x08AB, 0x08AB, 0x08AB, 0x08AA, 0x08AB, 0x08AB, 0x08AB, 0x08AB, 0x08AB, 0x08AB, 0x08AB, 0x08AB, 0x08AB, 0x08AB, 0x08AB,
        0x08AB, 0x08AB, 0x08AB, 0x08AB, 0x08AB, 0x08AB, 0x08AB, 0x08AB, 0x08AB, 0x08AB, 0x08AB, 0x08AB, 0x08AB, 0x08AB, 0x08AB, 0x08AB,
        0x08AA, 0x08AB, 0x08AB, 0x08AB, 0x08AB, 0x08AB, 0x08AB, 0x08AB, 0x08AB, 0x08AB, 0x08AB, 0x08AB, 0x08AB, 0x08AB, 0x08AB, 0x08AB,
        0x08AB, 0x08AB, 0x08AB, 0x08AB, 0x08AB, 0x08AB, 0x08AB, 0x08AB, 0x08AB, 0x08AB, 0x08AB, 0x08AB, 0x08AA, 0x08AB, 0x08AB, 0x08AB,
        0x08AB, 0x08AB, 0x08AB, 0x08AB, 0x08AB, 0x08AB, 0x08AB, 0x08AB, 0x08AB, 0x08AB, 0x08AB, 0x08AB, 0x08AB, 0x08AB, 0x08AB, 0x08AB,
        0x08AB, 0x08AB, 0x08AB, 0x08AB, 0x08AB, 0x08AB, 0x08AB, 0x08AB, 0x08AA, 0x08AB, 0x08AB, 0x08AB, 0x08AB, 0x08AB, 0x08AB, 0x08AB,
        0x08AB, 0x08AB, 0x08AB, 0x08AB, 0x08AB, 0x08AB, 0x08AB, 0x08AB, 0x08AB, 0x08AB, 0x08AB, 0x08AB, 0x08AB, 0x08AB, 0x08AB, 0x08AB,
        0x08AB, 0x08AB, 0x08AB, 0x08AB, 0x08AA, 0x08AB, 0x08AB, 0x08AB, 0x08AB, 0x08AB, 0x08AB, 0x08AB, 0x08AB, 0x08AB, 0x08AB, 0x08AB,
        0x08AB, 0x08AB, 0x08AB, 0x08AB, 0x08AB, 0x08AB, 0x08AB, 0x08AB, 0x08AB, 0x08AB, 0x08AB, 0x08AB, 0x08AB, 0x08AB, 0x08AB, 0x08AB,
        0x08AA, 0x08AB, 0x08AB, 0x08AB, 0x08AB, 0x08AB, 0x08AB, 0x08AB, 0x08AB, 0x08AB, 0x08AB, 0x08AB, 0x08AB, 0x08AB, 0x08AB, 0x08AB,
        0x08AB, 0x08AB, 0x08AB, 0x08AB, 0x08AB, 0x08AB, 0x08AB, 0x08AB, 0x08AB, 0x08AB, 0x08AB, 0x08AB, 0x08AA, 0x08AB, 0x08AB, 0x08AB,
        0x08AB, 0x08AB, 0x08AB, 0x08AB, 0x08AB, 0x08AB, 0x08AB, 0x08AB, 0x08AB, 0x08AB, 0x08AB, 0x08AB, 0x08AB, 0x08AB, 0x08AB, 0x08AB,
        0x08AB, 0x08AB, 0x08AB, 0x08AB, 0x08AB, 0x08AB, 0x08AB, 0x08AB, 0x08AA, 0x08AB, 0x08AB, 0x08AB, 0x08AB, 0x08AB, 0x08AB, 0x08AB,
        0x08AB, 0x08AB, 0x08AB, 0x08AB, 0x08AB, 0x08AB, 0x08AB, 0x08AB, 0x08AB, 0x08AB, 0x08AB, 0x08AB, 0x08AB, 0x08AB, 0x08AB, 0x08AB,
        0x08AB, 0x08AB, 0x08AB, 0x08AB, 0x08AA, 0x08AB, 0x08AB, 0x08AB, 0x08AB, 0x08AB, 0x08AB, 0x08AB, 0x08AB, 0x08AB, 0x08AB, 0x08AB,
        0x08AB, 0x08AB, 0x08AB, 0x08AB, 0x08AB, 0x08AB, 0x08AB, 0x08AB, 0x08AB, 0x08AB, 0x08AB, 0x08AB, 0x08AB, 0x08AB, 0x08AB, 0x08AB,
        0x08AA, 0x08AB, 0x08AB, 0x08AB, 0x08AB, 0x08AB, 0x08AB, 0x08AB, 0x08AB, 0x08AB, 0x08AB, 0x08AB, 0x08AB, 0x08AB, 0x08AB, 0x08AB,
        0x08AB, 0x08AB, 0x08AB, 0x08AB, 0x08AB, 0x08AB, 0x08AB, 0x08AB, 0x08AB, 0x08AB, 0x08AB, 0x08AB, 0x08AA, 0x08AB, 0x08AB, 0x08AB,
        0x08AB, 0x08AB, 0x08AB, 0x08AB, 0x08AB, 0x08AB, 0x08AB, 0x08AB, 0x08AB, 0x08AB, 0x08AB, 0x08AB, 0x08AB, 0x08AB, 0x08AB, 0x08AB,
        0x08AB, 0x08AB, 0x08AB, 0x08AB, 0x08AB, 0x08AB, 0x08AB, 0x08AB, 0x08AA, 0x08AB, 0x08AB, 0x08AB, 0x08AB, 0x08AB, 0x08AB, 0x08AB,
        0x08AB, 0x08AB, 0x08AB, 0x08AB, 0x08AB, 0x08AB, 0x08AB, 0x08AB, 0x08AB, 0x08AB, 0x08AB, 0x08AB, 0x08AB, 0x08AB, 0x08AB, 0x08AB,
        0x08AB, 0x08AB, 0x08AB, 0x08AB, 0x08AA, 0x08AB, 0x08AB, 0x08AB, 0x08AB, 0x08AB, 0x08AB, 0x08AB, 0x08AB, 0x08AB, 0x08AB, 0x08AB,
        0x08AB, 0x08AB, 0x08AB, 0x08AB, 0x08AB, 0x08AB, 0x08AB, 0x08AB, 0x08AB, 0x08AB, 0x08AB, 0x08AB, 0x08AB, 0x08AB, 0x08AB, 0x08AB,
        0x08AA, 0x08AB, 0x08AB, 0x08AB, 0x08AB, 0x08AB, 0x08AB, 0x08AB, 0x08AB, 0x08AB, 0x08AB, 0x08AB, 0x08AB, 0x08AB, 0x08AB, 0x08AB,
        0x08AB, 0x08AB, 0x08AB, 0x08AB, 0x08AB, 0x08AB, 0x08AB, 0x08AB, 0x08AB, 0x08AB, 0x08AB, 0x08AB, 0x08AA, 0x08AB, 0x08AB, 0x08AB,
        0x08AB, 0x08AB, 0x08AB, 0x08AB, 0x08AB, 0x08AB, 0x08AB, 0x08AB, 0x08AB, 0x08AB, 0x08AB, 0x08AB, 0x08AB, 0x08AB, 0x08AB, 0x08AB,
        0x08AB, 0x08AB, 0x08AB, 0x08AB, 0x08AB, 0x08AB, 0x08AB, 0x08AB, 0x08AA, 0x08AB, 0x08AB, 0x08AB, 0x08AB, 0x08AB, 0x08AB, 0x08AB,
        0x08AB, 0x08AB, 0x08AB, 0x08AB, 0x08AB, 0x08AB, 0x08AB, 0x08AB, 0x08AB, 0x08AB, 0x08AB, 0x08AB, 0x08AB, 0x08AB, 0x08AB, 0x08AB,
        0x08AB, 0x08AB, 0x08AB, 0x08AB, 0x08AA, 0x08AB, 0x08AB, 0x08AB, 0x08AB, 0x08AB, 0x08AB, 0x08AB, 0x08AB, 0x08AB, 0x08AB, 0x08AB,
        0x08AB, 0x08AB, 0x08AB, 0x08AB, 0x08AB, 0x08AB, 0x08AB, 0x08AB, 0x08AB, 0x08AB, 0x08AB, 0x08AB, 0x08AB, 0x08AB, 0x08AB, 0x08AB,
        0x08AA, 0x08AB, 0x08AB, 0x08AB, 0x08AB, 0x08AB, 0x08AB, 0x08AB, 0x08AB, 0x08AB, 0x08AB, 0x08AB, 0x08AB, 0x08AB, 0x08AB, 0x08AB,
        0x08AB, 0x08AB, 0x08AB, 0x08AB, 0x08AB, 0x08AB, 0x08AB, 0x08AB, 0x08AB, 0x08AB, 0x08AB, 0x08AB, 0x08AA, 0x08AB, 0x08AB, 0x08AB,
        0x08AB, 0x08AB, 0x08AB, 0x08AB, 0x08AB, 0x08AB, 0x08AB, 0x08AB, 0x08AB, 0x08AB, 0x08AB, 0x08AB, 0x08AB, 0x08AB, 0x08AB, 0x08AB,
        0x08AB, 0x08AB, 0x08AB, 0x08AB, 0x08AB, 0x08AB, 0x08AB, 0x08AB, 0x08AA, 0x08AB, 0x08AB, 0x08AB, 0x08AB, 0x08AB, 0x08AB, 0x08AB,
        0x08AB, 0x08AB, 0x08AB, 0x08AB, 0x08AB, 0x08AB, 0x08AB, 0x08AB, 0x08AB, 0x08AB, 0x08AB, 0x08AB, 0x08AB, 0x08AB, 0x08AB, 0x08AB,
        0x08AB, 0x08AB, 0x08AB, 0x08AB, 0x08AA, 0x08AB, 0x08AB, 0x08AB, 0x08AB, 0x08AB, 0x08AB, 0x08AB, 0x08AB, 0x08AB, 0x08AB, 0x08AB,
        0x08AB, 0x08AB, 0x08AB, 0x08AB, 0x08AB, 0x08AB, 0x08AB, 0x08AB, 0x08AB, 0x08AB, 0x08AB, 0x08AB, 0x08AB, 0x08AB, 0x08AB, 0x08AB,
        0x08AA, 0x08AB, 0x08AB, 0x08AB, 0x08AB, 0x08AB, 0x08AB, 0x08AB, 0x08AB, 0x08AB, 0x08AB, 0x08AB, 0x08AB, 0x08AB, 0x08AB, 0x08AB,
        0x08AB, 0x08AB, 0x08AB, 0x08AB, 0x08AB, 0x08AB, 0x08AB, 0x08AB, 0x08AB, 0x08AB, 0x08AB, 0x08AB, 0x08AA, 0x08AB, 0x08AB, 0x08AB,
        0x08AB, 0x08AB, 0x08AB, 0x08AB, 0x08AB, 0x08AB, 0x08AB, 0x08AB, 0x08AB, 0x08AB, 0x08AB, 0x08AB, 0x08AB, 0x08AB, 0x08AB, 0x08AB,
        0x08AB, 0x08AB, 0x08AB, 0x08AB, 0x08AB, 0x08AB, 0x08AB, 0x08AB, 0x08AA, 0x08AB, 0x08AB, 0x08AB, 0x08AB, 0x08AB, 0x08AB, 0x08AB,
        0x08AB, 0x08AB, 0x08AB, 0x08AB, 0x08AB, 0x08AB, 0x08AB, 0x08AB, 0x08AB, 0x08AB, 0x08AB, 0x08AB, 0x08AB, 0x08AB, 0x08AB, 0x08AB,
        0x08AB, 0x08AB, 0x08AB, 0x08AB, 0x08AA, 0x08AB, 0x08AB, 0x08AB, 0x08AB, 0x08AB, 0x08AB, 0x08AB, 0x08AB, 0x08AB, 0x08AB, 0x08AB,
        0x08AB, 0x08AB, 0x08AB, 0x08AB, 0x08AB, 0x08AB, 0x08AB, 0x08AB, 0x08AB, 0x08AB, 0x08AB, 0x08AB, 0x08AB, 0x08AB, 0x08AB, 0x08AB,
        0x08AA, 0x08AB, 0x08AB, 0x08AB, 0x08AB, 0x08AB, 0x08AB, 0x08AB, 0x08AB, 0x08AB, 0x08AB, 0x08AB, 0x08AB, 0x08AB, 0x08AB, 0x08AB,
        0x08AB, 0x08AB, 0x08AB, 0x08AB, 0x08AB, 0x08AB, 0x08AB, 0x08AB, 0x08AB, 0x08AB, 0x08AB, 0x08AB, 0x08AA, 0x08AB, 0x08AB, 0x08AB,
        0x08AB, 0x08AB, 0x08AB, 0x08AB, 0x08AB, 0x08AB, 0x08AB, 0x08AB, 0x08AB, 0x08AB, 0x08AB, 0x08AB, 0x08AB, 0x08AB, 0x08AB, 0x08AB,
        0x08AB, 0x08AB, 0x08AB, 0x08AB, 0x08AB, 0x08AB, 0x08AB, 0x08AB, 0x08AA, 0x08AB, 0x08AB, 0x08AB, 0x08AB, 0x08AB, 0x08AB, 0x08AB,
        0x08AB, 0x08AB, 0x08AB, 0x08AB, 0x08AB, 0x08AB, 0x08AB, 0x08AB, 0x08AB, 0x08AB, 0x08AB, 0x08AB, 0x08AB, 0x08AB, 0x08AB, 0x08AB,
        0x08AB, 0x08AB, 0x08AB, 0x08AB, 0x08AA, 0x08AB, 0x08AB, 0x08AB, 0x08AB, 0x08AB, 0x08AB, 0x08AB, 0x08AB, 0x08AB, 0x08AB, 0x08AB,
        0x08AB, 0x08AB, 0x08AB, 0x08AB, 0x08AB, 0x08AB, 0x08AB, 0x08AB, 0x08AB, 0x08AB, 0x08AB, 0x08AB, 0x08AB, 0x08AB, 0x08AB, 0x08AB,
        0x08AA, 0x08AB, 0x08AB, 0x08AB, 0x08AB, 0x08AB, 0x08AB, 0x08AB, 0x08AB, 0x08AB, 0x08AB, 0x08AB, 0x08AB, 0x08AB, 0x08AB, 0x08AB,
        0x08AB, 0x08AB, 0x08AB, 0x08AB, 0x08AB, 0x08AB, 0x08AB, 0x08AB, 0x08AB, 0x08AB, 0x08AB, 0x08AB, 0x08AA, 0x08AB, 0x08AB, 0x08AB,
        0x08AB, 0x08AB, 0x08AB, 0x08AB, 0x08AB, 0x08AB, 0x08AB, 0x08AB, 0x08AB, 0x08AB, 0x08AB, 0x08AB, 0x08AB, 0x08AB, 0x08AB, 0x08AB,
        0x08AB, 0x08AB, 0x08AB, 0x08AB, 0x08AB, 0x08AB, 0x08AB, 0x08AB, 0x08AA, 0x08AB, 0x08AB, 0x08AB, 0x08AB, 0x08AB, 0x08AB, 0x08AB,
        0x08AB, 0x08AB, 0x08AB, 0x08AB, 0x08AB, 0x08AB, 0x08AB, 0x08AB, 0x08AB, 0x08AB, 0x08AB, 0x08AB, 0x08AB, 0x08AB, 0x08AB, 0x08AB,
        0x08AB, 0x08AB, 0x08AB, 0x08AB, 0x08AA, 0x08AB, 0x08AB, 0x08AB, 0x08AB, 0x08AB, 0x08AB, 0x08AB, 0x08AB, 0x08AB, 0x08AB, 0x08AB,
        0x08AB, 0x08AB, 0x08AB, 0x08AB, 0x08AB, 0x08AB, 0x08AB, 0x08AB, 0x08AB, 0x08AB, 0x08AB, 0x08AB, 0x08AB, 0x08AB, 0x08AB, 0x08AB,
        0x08AA, 0x08AB, 0x08AB, 0x08AB, 0x08AB, 0x08AB, 0x08AB, 0x08AB, 0x08AB, 0x08AB, 0x08AB, 0x08AB, 0x08AB, 0x08AB, 0x08AB, 0x08AB,
        0x08AB, 0x08AB, 0x08AB, 0x08AB, 0x08AB, 0x08AB, 0x08AB, 0x08AB, 0x08AB, 0x08AB, 0x08AB, 0x08AB, 0x08AA, 0x08AB, 0x08AB, 0x08AB,
        0x08AB, 0x08AB, 0x08AB, 0x08AB, 0x08AB, 0x08AB, 0x08AB, 0x08AB, 0x08AB, 0x08AB, 0x08AB, 0x08AB, 0x08AB, 0x08AB, 0x08AB, 0x08AB,
        0x08AB, 0x08AB, 0x08AB, 0x08AB, 0x08AB, 0x08AB, 0x08AB, 0x08AB, 0x08AA, 0x08AB, 0x08AB, 0x08AB, 0x08AB, 0x08AB, 0x08AB, 0x08AB,
        0x08AB, 0x08AB, 0x08AB, 0x08AB, 0x08AB, 0x08AB, 0x08AB, 0x08AB, 0x08AB, 0x08AB, 0x08AB, 0x08AB, 0x08AB, 0x08AB, 0x08AB, 0x08AB,
        0x08AB, 0x08AB, 0x08AB, 0x08AB, 0x08AA, 0x08AB, 0x08AB, 0x08AB, 0x08AB, 0x08AB, 0x08AB, 0x08AB, 0x08AB, 0x08AB, 0x08AB, 0x08AB,
        0x08AB, 0x08AB, 0x08AB, 0x08AB, 0x08AB, 0x08AB, 0x08AB, 0x08AB, 0x08AB, 0x08AB, 0x08AB, 0x08AB, 0x08AB, 0x08AB, 0x08AB, 0x08AB,
        0x08AA, 0x08AB, 0x08AB, 0x08AB, 0x08AB, 0x08AB, 0x08AB, 0x08AB, 0x08AB, 0x08AB, 0x08AB, 0x08AB, 0x08AB, 0x08AB, 0x08AB, 0x08AB,
        0x08AB, 0x08AB, 0x08AB, 0x08AB, 0x08AB, 0x08AB, 0x08AB, 0x08AB, 0x08AB, 0x08AB, 0x08AB, 0x08AB, 0x08AA, 0x08AB, 0x08AB, 0x08AB,
        0x08AB, 0x08AB, 0x08AB, 0x08AB, 0x08AB, 0x08AB, 0x08AB, 0x08AB, 0x08AB, 0x08AB, 0x08AB, 0x08AB, 0x08AB, 0x08AB, 0x08AB, 0x08AB,
        0x08AB, 0x08AB, 0x08AB, 0x08AB, 0x08AB, 0x08AB, 0x08AB, 0x08AB, 0x08AA, 0x08AB, 0x08AB, 0x08AB, 0x08AB, 0x08AB, 0x08AB, 0x08AB,
        0x08AB, 0x08AB, 0x08AB, 0x08AB, 0x08AB, 0x08AB, 0x08AB, 0x08AB, 0x08AB, 0x08AB, 0x08AB, 0x08AB, 0x08AB, 0x08AB, 0x08AB, 0x08AB,
        0x08AB, 0x08AB, 0x08AB, 0x08AB, 0x08AA, 0x08AB, 0x08AB, 0x08AB, 0x08AB, 0x08AB, 0x08AB, 0x08AB, 0x08AB, 0x08AB, 0x08AB, 0x08AB,
        0x08AB, 0x08AB, 0x08AB, 0x08AB, 0x08AB, 0x08AB, 0x08AB, 0x08AB, 0x08AB, 0x08AB, 0x08AB, 0x08AB, 0x08AB, 0x08AB, 0x08AB, 0x08AB,
        0x08AA, 0x08AB, 0x08AB, 0x08AB, 0x08AB, 0x08AB, 0x08AB, 0x08AB, 0x08AB, 0x08AB, 0x08AB, 0x08AB, 0x08AB, 0x08AB, 0x08AB, 0x08AB,
        0x08AB, 0x08AB, 0x08AB, 0x08AB, 0x08AB, 0x08AB, 0x08AB, 0x08AB, 0x08AB, 0x08AB, 0x08AB, 0x08AB, 0x08AA, 0x08AB, 0x08AB, 0x08AB,
        0x08AB, 0x08AB, 0x08AB, 0x08AB, 0x08AB, 0x08AB, 0x08AB, 0x08AB, 0x08AB, 0x08AB, 0x08AB, 0x08AB, 0x08AB, 0x08AB, 0x08AB, 0x08AB,
        0x08AB, 0x08AB, 0x08AB, 0x08AB, 0x08AB, 0x08AB, 0x08AB, 0x08AB, 0x08AA, 0x08AB, 0x08AB, 0x08AB, 0x08AB, 0x08AB, 0x08AB, 0x08AB,
        0x08AB, 0x08AB, 0x08AB, 0x08AB, 0x08AB, 0x08AB, 0x08AB, 0x08AB, 0x08AB, 0x08AB, 0x08AB, 0x08AB, 0x08AB, 0x08AB, 0x08AB, 0x08AB,
        0x08AB, 0x08AB, 0x08AB, 0x08AB, 0x08AA, 0x08AB, 0x08AB, 0x08AB, 0x08AB, 0x08AB, 0x08AB, 0x08AB, 0x08AB, 0x08AB, 0x08AB, 0x08AB,
        0x08AB, 0x08AB, 0x08AB, 0x08AB, 0x08AB, 0x08AB, 0x08AB, 0x08AB, 0x08AB, 0x08AB, 0x08AB, 0x08AB, 0x08AB, 0x08AB, 0x08AB, 0x08AB,
        0x08AB, 0x08AB, 0x08AB, 0x08AB, 0x08AB, 0x08AB, 0x08AB, 0x08AB, 0x08AB, 0x08AB, 0x08AB, 0x08AB, 0x08AB, 0x08AB, 0x08AB, 0x08AB,
        0x08AB, 0x08AB, 0x08AB, 0x08AB, 0x08AB, 0x08AB, 0x08AB, 0x08AB, 0x08AA, 0x08AB, 0x08AB, 0x08AB, 0x08AB, 0x08AB, 0x08AB, 0x08AB,
        0x08AB, 0x08AB, 0x08AB, 0x08AB, 0x08AB, 0x08AB, 0x08AB, 0x08AB, 0x08AB, 0x08AB, 0x08AB, 0x08AB, 0x08AB, 0x08AB, 0x08AB, 0x08AB,
        0x08AB, 0x08AB, 0x08AB, 0x08AB, 0x08AA, 0x08AB, 0x08AB, 0x08AB, 0x08AB, 0x08AB, 0x08AB, 0x08AB, 0x08AB, 0x08AB, 0x08AB, 0x08AB,
        0x08AB, 0x08AB, 0x08AB, 0x08AB, 0x08AB, 0x08AB, 0x08AB, 0x08AB, 0x08AB, 0x08AB, 0x08AB, 0x08AB, 0x08AB, 0x08AB, 0x08AB, 0x08AB,
        0x08AA, 0x08AB, 0x08AB, 0x08AB, 0x08AB, 0x08AB, 0x08AB, 0x08AB, 0x08AB, 0x08AB, 0x08AB, 0x08AB, 0x08AB, 0x08AB, 0x08AB, 0x08AB,
        0x08AB, 0x08AB, 0x08AB, 0x08AB, 0x08AB, 0x08AB, 0x08AB, 0x08AB, 0x08AB, 0x08AB, 0x08AB, 0x08AB, 0x08AA, 0x08AB, 0x08AB, 0x08AB,
        0x08AB, 0x08AB, 0x08AB, 0x08AB, 0x08AB, 0x08AB, 0x08AB, 0x08AB, 0x08AB, 0x08AB, 0x08AB, 0x08AB, 0x08AB, 0x08AB, 0x08AB, 0x08AB,
        0x08AB, 0x08AB, 0x08AB, 0x08AB, 0x08AB, 0x08AB, 0x08AB, 0x08AB, 0x08AA, 0x08AB, 0x08AB, 0x08AB, 0x08AB, 0x08AB, 0x08AB, 0x08AB,
        0x08AB, 0x08AB, 0x08AB, 0x08AB, 0x08AB, 0x08AB, 0x08AB, 0x08AB, 0x08AB, 0x08AB, 0x08AB, 0x08AB, 0x08AB, 0x08AB, 0x08AB, 0x08AB,
        0x08AB, 0x08AB, 0x08AB, 0x08AB, 0x0460, 0x0460, 0x0460, 0x0460, 0x0460, 0x0460, 0x0460, 0x0460, 0x0460, 0x0460, 0x0460, 0x0460,
        0x1070, 0x1070, 0x1070, 0x1070, 0x1070, 0x1070, 0x1070, 0x1070, 0x1070, 0x1070, 0x1070, 0x1070, 0x1070, 0x1070, 0x1070, 0x1070,
        0x1070, 0x1070, 0x1070, 0x1070, 0x1070, 0x1070, 0x1070, 0x0460, 0x0460, 0x0460, 0x0460, 0x106F, 0x106F, 0x106F, 0x106F, 0x106F,
        0x106F, 0x106F, 0x106F, 0x106F, 0x106F, 0x106F, 0x106F, 0x106F, 0x106F, 0x106F, 0x106F, 0x106F, 0x106F, 0x106F, 0x106F, 0x106F,
        0x106F, 0x106F, 0x106F, 0x106F, 0x106F, 0x106F, 0x106F, 0x106F, 0x106F, 0x106F, 0x106F, 0x106F, 0x106F, 0x106F, 0x106F, 0x106F,
        0x106F, 0x106F, 0x106F, 0x106F, 0x106F, 0x106F, 0x106F, 0x106F, 0x106F, 0x106F, 0x106F, 0x106F, 0x0460, 0x0460, 0x0460, 0x0460,
        0x1060, 0x1060, 0x1060, 0x1060, 0x1060, 0x1060, 0x1060, 0x1060, 0x1060, 0x1060, 0x1060, 0x1060, 0x1060, 0x1060, 0x1060, 0x1060,
        0x1060, 0x1060, 0x1060, 0x1060, 0x1060, 0x1060, 0x1060, 0x1060, 0x1060, 0x1060, 0x1060, 0x1060, 0x1060, 0x1060, 0x1060, 0x1060,
        0x1060, 0x1060, 0x1060, 0x1060, 0x1060, 0x1060, 0x1060, 0x1060, 0x1060, 0x1060, 0x1060, 0x1060, 0x1060, 0x1060, 0x1060, 0x1060,
        0x1060, 0x1060, 0x1060, 0x1060, 0x1060, 0x1060, 0x1060, 0x1060, 0x1060, 0x1060, 0x1060, 0x1060, 0x1060, 0x1060, 0x1060, 0x1060,
        0x1060, 0x1060, 0x1060, 0x1060, 0x1060, 0x1060, 0x1060, 0x1060, 0x1060, 0x1060, 0x1060, 0x1060, 0x1060, 0x1060, 0x1060, 0x1060,
        0x1060, 0x1060, 0x1060, 0x1060, 0x1060, 0x1060, 0x1060, 0x1060, 0x1060, 0x1060, 0x1060, 0x1060, 0x1060, 0x1060, 0x1060, 0x1060,
        0x1060, 0x1060, 0x1060, 0x1060, 0x1060, 0x1060, 0x1060, 0x1060, 0x1060, 0x1060, 0x1060, 0x1060, 0x1060, 0x1060, 0x1060, 0x1060,
        0x1060, 0x1060, 0x1060, 0x1060, 0x1060, 0x1060, 0x1060, 0x1060, 0x1060, 0x1060, 0x1060, 0x1060, 0x1060, 0x1060, 0x1060, 0x1060,
        0x1060, 0x1060, 0x1060, 0x1060, 0x1060, 0x1060, 0x1060, 0x1060, 0x1060, 0x1060, 0x1060, 0x1060, 0x1060, 0x1060, 0x1060, 0x1060,
        0x1060, 0x1060, 0x1060, 0x1060, 0x1060, 0x1060, 0x1060, 0x1060, 0x1060, 0x1060, 0x1060, 0x1060, 0x1060, 0x1060, 0x1060, 0x1060,
        0x1060, 0x1060, 0x1060, 0x1060, 0x1060, 0x1060, 0x1060, 0x1060, 0x1060, 0x1060, 0x1060, 0x1060, 0x1060, 0x1060, 0x1060, 0x1060,
        0x1060, 0x1060, 0x1060, 0x1060, 0x1060, 0x1060, 0x1060, 0x1060, 0x1060, 0x1060, 0x1060, 0x1060, 0x1060, 0x1060, 0x1060, 0x1060,
        0x1060, 0x1060, 0x1060, 0x1060, 0x1060, 0x1060, 0x1060, 0x1060, 0x1060, 0x1060, 0x1060, 0x1060, 0x1060, 0x1060, 0x1060, 0x1060,
        0x1060, 0x1060, 0x1060, 0x1060, 0x1060, 0x1060, 0x1060, 0x1060, 0x1060, 0x1060, 0x1060, 0x1060, 0x1060, 0x1060, 0x1060, 0x1060,
        0x1060, 0x1060, 0x1060, 0x1060, 0x1060, 0x1060, 0x1060, 0x1060, 0x1060, 0x1060, 0x1060, 0x1060, 0x1060, 0x1060, 0x1060, 0x1060,
        0x1060, 0x1060, 0x1060, 0x1060, 0x1060, 0x1060, 0x1060, 0x1060, 0x1060, 0x1060, 0x1060, 0x1060, 0x1060, 0x1060, 0x1060, 0x1060,
        0x0400, 0x0400, 0x0400, 0x0400, 0x0400, 0x0400, 0x0400, 0x0400, 0x0400, 0x0400, 0x0400, 0x0400, 0x0400, 0x0400, 0x0400, 0x0400,
        0x0400, 0x0400, 0x0400, 0x0400, 0x0400, 0x0400, 0x0400, 0x0400, 0x0400, 0x0400, 0x0400, 0x0400, 0x0400, 0x0400, 0x0400, 0x0400,
        0x0400, 0x0400, 0x0400, 0x0400, 0x0400, 0x0400, 0x0400, 0x0400, 0x0400, 0x0400, 0x0400, 0x0400, 0x0400, 0x0400, 0x0400, 0x0400,
        0x0400, 0x0400, 0x0400, 0x0400, 0x0400, 0x0400, 0x0400, 0x0400, 0x0400, 0x0400, 0x0400, 0x0400, 0x0400, 0x0400, 0x0400, 0x0400,
        0x0400, 0x0400, 0x0400, 0x0400, 0x0400, 0x0400, 0x0400, 0x0400, 0x0400, 0x0400, 0x0400, 0x0400, 0x0400, 0x0400, 0x0400, 0x0400,
        0x0400, 0x0400, 0x0400, 0x0400, 0x0400, 0x0400, 0x0400, 0x0400, 0x0400, 0x0400, 0x0400, 0x0400, 0x0400, 0x0400, 0x0400, 0x0400,
        0x0400, 0x0400, 0x0400, 0x0400, 0x0400, 0x0400, 0x0400, 0x0400, 0x0400, 0x0400, 0x0400, 0x0400, 0x0400, 0x0400, 0x0400, 0x0400,
        0x0400, 0x0400, 0x0400, 0x0400, 0x0400, 0x0400, 0x0400, 0x0400, 0x0400, 0x0400, 0x0400, 0x0400, 0x0400, 0x0400, 0x0400, 0x0400,
        0x0400, 0x0400, 0x0400, 0x0400, 0x0400, 0x0400, 0x0400, 0x0400, 0x0400, 0x0400, 0x0400, 0x0400, 0x0400, 0x0400, 0x0400, 0x0400,
        0x0400, 0x0400, 0x0400, 0x0400, 0x0400, 0x0400, 0x0400, 0x0400, 0x0400, 0x0400, 0x0400, 0x0400, 0x0400, 0x0400, 0x0400, 0x0400,
        0x0400, 0x0400, 0x0400, 0x0400, 0x0400, 0x0400, 0x0400, 0x0400, 0x0400, 0x0400, 0x0400, 0x0400, 0x0400, 0x0400, 0x0400, 0x0400,
        0x0400, 0x0400, 0x0400, 0x0400, 0x0400, 0x0400, 0x0400, 0x0400, 0x0400, 0x0400, 0x0400, 0x0400, 0x0400, 0x0400, 0x0400, 0x0400,
        0x0400, 0x0400, 0x0400, 0x0400, 0x0400, 0x0400, 0x0400, 0x0400, 0x0400, 0x0400, 0x0400, 0x0400, 0x0400, 0x0400, 0x0400, 0x0400,
        0x0400, 0x0400, 0x0400, 0x0400, 0x0400, 0x0400, 0x0400, 0x0400, 0x0400, 0x0400, 0x0400, 0x0400, 0x0400, 0x0400, 0x0400, 0x0400,
        0x0400, 0x0400, 0x0400, 0x0400, 0x0400, 0x0400, 0x0400, 0x0400, 0x0400, 0x0400, 0x0400, 0x0400, 0x0400, 0x0400, 0x0400, 0x0400,
        0x0400, 0x0400, 0x0400, 0x0400, 0x0400, 0x0400, 0x0400, 0x0400, 0x0400, 0x0400, 0x0400, 0x0400, 0x0400, 0x0400, 0x0400, 0x0400,
        0x0460, 0x0460, 0x0460, 0x0460, 0x0460, 0x0460, 0x0460, 0x0460, 0x0460, 0x0460, 0x0460, 0x0460, 0x0460, 0x0460, 0x0460, 0x0460,
        0x0460, 0x0460, 0x0460, 0x0460, 0x0460, 0x0460, 0x0460, 0x0460, 0x0460, 0x0460, 0x0460, 0x0460, 0x0460, 0x0460, 0x1366, 0x0460,
        0x0460, 0x0460, 0x0460, 0x0460, 0x0460, 0x0460, 0x0460, 0x0460, 0x0460, 0x0460, 0x0460, 0x0460, 0x0460, 0x0460, 0x0460, 0x0460,
        0x0460, 0x0460, 0x0460, 0x0460, 0x0460, 0x0460, 0x0460, 0x0460, 0x0460, 0x0460, 0x0460, 0x0460, 0x0460, 0x0460, 0x0460, 0x0460,
        0x0460, 0x0460, 0x0460, 0x0460, 0x0460, 0x0460, 0x0460, 0x0460, 0x0460, 0x0460, 0x0460, 0x0460, 0x0460, 0x0460, 0x0460, 0x0460,
        0x0460, 0x0460, 0x0460, 0x0460, 0x0460, 0x0460, 0x0460, 0x0460, 0x0460, 0x0460, 0x0460, 0x0460, 0x0460, 0x0460, 0x0460, 0x0460,
        0x0460, 0x0460, 0x0460, 0x0460, 0x0460, 0x0460, 0x0460, 0x0460, 0x0460, 0x0460, 0x0460, 0x0460, 0x0460, 0x0460, 0x0460, 0x0460,
        0x0460, 0x0460, 0x0460, 0x0460, 0x0460, 0x0460, 0x0460, 0x0460, 0x0460, 0x0460, 0x0460, 0x0460, 0x0460, 0x0460, 0x0460, 0x0460,
        0x0460, 0x0460, 0x0460, 0x0460, 0x0460, 0x0460, 0x0460, 0x0460, 0x0460, 0x0460, 0x0460, 0x0460, 0x0460, 0x0460, 0x0460, 0x0460,
        0x0460, 0x0460, 0x0460, 0x0460, 0x0460, 0x0460, 0x0460, 0x0460, 0x0460, 0x0460, 0x0460, 0x0460, 0x0460, 0x0460, 0x0460, 0x0460,
        0x0460, 0x0460, 0x0460, 0x0460, 0x0460, 0x0460, 0x0460, 0x0460, 0x0460, 0x0460, 0x0460, 0x0460, 0x0460, 0x0460, 0x0460, 0x0460,
        0x0460, 0x0460, 0x0460, 0x0460, 0x0460, 0x0460, 0x0460, 0x0460, 0x0460, 0x0460, 0x0460, 0x0460, 0x0460, 0x0460, 0x0460, 0x0460,
        0x0460, 0x0460, 0x0460, 0x0460, 0x0460, 0x0460, 0x0460, 0x0460, 0x0460, 0x0460, 0x0460, 0x0460, 0x0460, 0x0460, 0x0460, 0x0460,
        0x0460, 0x0460, 0x0460, 0x0460, 0x0460, 0x0460, 0x0460, 0x0460, 0x0460, 0x0460, 0x0460, 0x0460, 0x0460, 0x0460, 0x0460, 0x0460,
        0x0460, 0x0460, 0x0460, 0x0460, 0x0460, 0x0460, 0x0460, 0x0460, 0x0460, 0x0460, 0x0460, 0x0460, 0x0460, 0x0460, 0x0460, 0x0460,
        0x0460, 0x0460, 0x0460, 0x0460, 0x0460, 0x0460, 0x0460, 0x0460, 0x0460, 0x0460, 0x0460, 0x0460, 0x0460, 0x0460, 0x0460, 0x0460,
        0x1306, 0x1306, 0x1306, 0x1306, 0x1306, 0x1306, 0x1306, 0x1306, 0x1306, 0x1306, 0x1306, 0x1306, 0x1306, 0x1306, 0x1306, 0x1306,
        0x08A0, 0x08A0, 0x08A0, 0x08A0, 0x08A0, 0x08A0, 0x08A0, 0x08A0, 0x08A0, 0x08A0, 0x0460, 0x0460, 0x0460, 0x0460, 0x0460, 0x0460,
        0x1366, 0x1366, 0x1366, 0x1366, 0x1366, 0x1366, 0x1366, 0x1366, 0x1366, 0x1366, 0x1366, 0x1366, 0x1366, 0x1366, 0x1366, 0x1366,
        0x08A0, 0x08A0, 0x08A0, 0x08A0, 0x08A0, 0x08A0, 0x08A0, 0x08A0, 0x08A0, 0x08A0, 0x08A0, 0x08A0, 0x08A0, 0x08A0, 0x08A0, 0x08A0,
        0x08A0, 0x08A0, 0x08A0, 0x08A0, 0x08A0, 0x08A0, 0x08A0, 0x08A0, 0x08A0, 0x08A0, 0x08A0, 0x08A0, 0x08A0, 0x08A0, 0x08A0, 0x08A0,
        0x08A0, 0x08A0, 0x08A0, 0x0460, 0x08A0, 0x08A0, 0x08A0, 0x08A0, 0x08A0, 0x08A0, 0x08A0, 0x08A0, 0x08A0, 0x08A0, 0x08A0, 0x08A0,
        0x08A0, 0x08A0, 0x08A0, 0x08A0, 0x08A0, 0x08A0, 0x08A0, 0x0460, 0x08A0, 0x08A0, 0x08A0, 0x08A0, 0x0460, 0x0460, 0x0460, 0x0460,
        0x0460, 0x0460, 0x0460, 0x0460, 0x0460, 0x0460, 0x0460, 0x0460, 0x0460, 0x0460, 0x0460, 0x0460, 0x0460, 0x0460, 0x0460, 0x0460,
        0x0460, 0x0460, 0x0460, 0x0460, 0x0460, 0x0460, 0x0460, 0x0460, 0x0460, 0x0460, 0x0460, 0x0460, 0x0460, 0x0460, 0x0460, 0x0460,
        0x0460, 0x0460, 0x0460, 0x0460, 0x0460, 0x0460, 0x0460, 0x0460, 0x0460, 0x0460, 0x0460, 0x0460, 0x0460, 0x0460, 0x0460, 0x0460,
        0x0460, 0x0460, 0x0460, 0x0460, 0x0460, 0x0460, 0x0460, 0x0460, 0x0460, 0x0460, 0x0460, 0x0460, 0x0460, 0x0460, 0x0460, 0x0460,
        0x0460, 0x0460, 0x0460, 0x0460, 0x0460, 0x0460, 0x0460, 0x0460, 0x0460, 0x0460, 0x0460, 0x0460, 0x0460, 0x0460, 0x0460, 0x0460,
        0x0460, 0x0460, 0x0460, 0x0460, 0x0460, 0x0460, 0x0460, 0x0460, 0x0460, 0x0460, 0x0460, 0x0460, 0x0460, 0x0460, 0x0460, 0x0460,
        0x0460, 0x0460, 0x0460, 0x0460, 0x0460, 0x0460, 0x0460, 0x0460, 0x0460, 0x0460, 0x0460, 0x0460, 0x0460, 0x0460, 0x0460, 0x0460,
        0x0460, 0x0460, 0x0460, 0x0460, 0x0460, 0x0460, 0x0460, 0x0460, 0x0460, 0x0460, 0x0460, 0x0460, 0x0460, 0x0460, 0x0460, 0x0460,
        0x0460, 0x0460, 0x0460, 0x0460, 0x0460, 0x0460, 0x0460, 0x0460, 0x0460, 0x0460, 0x0460, 0x0460, 0x0460, 0x0460, 0x0460, 0x1061,
        0x0460, 0x0820, 0x0820, 0x0820, 0x0820, 0x0820, 0x0820, 0x0820, 0x0820, 0x0820, 0x0820, 0x0820, 0x0820, 0x0820, 0x0820, 0x0820,
        0x0820, 0x0820, 0x0820, 0x0820, 0x0820, 0x0820, 0x0820, 0x0820, 0x0820, 0x0820, 0x0820, 0x0820, 0x0820, 0x0820, 0x0820, 0x0820,
        0x0820, 0x0820, 0x0820, 0x0820, 0x0820, 0x0820, 0x0820, 0x0820, 0x0820, 0x0820, 0x0820, 0x0820, 0x0820, 0x0820, 0x0820, 0x0820,
        0x0820, 0x0820, 0x0820, 0x0820, 0x0820, 0x0820, 0x0820, 0x0820, 0x0820, 0x0820, 0x0820, 0x0820, 0x0820, 0x0820, 0x0820, 0x0820,
        0x0820, 0x0820, 0x0820, 0x0820, 0x0820, 0x0820, 0x0820, 0x0820, 0x0820, 0x0820, 0x0820, 0x0820, 0x0820, 0x0820, 0x0820, 0x0820,
        0x0820, 0x0820, 0x0820, 0x0820, 0x0820, 0x0820, 0x0820, 0x0820, 0x0820, 0x0820, 0x0820, 0x0820, 0x0820, 0x0820, 0x0820, 0x0820,
        0x0820, 0x0440, 0x0440, 0x0440, 0x0440, 0x0440, 0x0440, 0x0440, 0x0440, 0x0440, 0x0440, 0x0440, 0x0440, 0x0440, 0x0440, 0x0440,
        0x0440, 0x0440, 0x0440, 0x0440, 0x0440, 0x0440, 0x0440, 0x0440, 0x0440, 0x0440, 0x0440, 0x0440, 0x0440, 0x0440, 0x0440, 0x0440,
        0x0440, 0x0440, 0x0440, 0x0440, 0x0440, 0x0440, 0x0440, 0x0440, 0x0440, 0x0440, 0x0440, 0x0440, 0x0440, 0x0440, 0x0440, 0x0440,
        0x0440, 0x0440, 0x0440, 0x0440, 0x0440, 0x0440, 0x0440, 0x0440, 0x0440, 0x0440, 0x0440, 0x0440, 0x0440, 0x0440, 0x0746, 0x0746,
        0x1040, 0x0440, 0x0440, 0x0440, 0x0440, 0x0440, 0x0440, 0x0440, 0x0440, 0x0440, 0x0440, 0x0440, 0x0440, 0x0440, 0x0440, 0x0440,
        0x0440, 0x0440, 0x0440, 0x0440, 0x0440, 0x0440, 0x0440, 0x0440, 0x0440, 0x0440, 0x0440, 0x0440, 0x0440, 0x0440, 0x0440, 0x0460,
        0x0460, 0x0460, 0x0440, 0x0440, 0x0440, 0x0440, 0x0440, 0x0440, 0x0460, 0x0460, 0x0440, 0x0440, 0x0440, 0x0440, 0x0440, 0x0440,
        0x0460, 0x0460, 0x0440, 0x0440, 0x0440, 0x0440, 0x0440, 0x0440, 0x0460, 0x0460, 0x0440, 0x0440, 0x0440, 0x0460, 0x0460, 0x0460,
        0x0820, 0x0820, 0x0820, 0x0820, 0x0820, 0x0820, 0x0820, 0x0460, 0x0440, 0x0440, 0x0440, 0x0440, 0x0440, 0x0440, 0x0440, 0x0460,
        0x1061, 0x1061, 0x1061, 0x1061, 0x1061, 0x1061, 0x1061, 0x1061, 0x1061, 0x0461, 0x0461, 0x0461, 0x0460, 0x0400, 0x0460, 0x0460,
        0x0460, 0x0460, 0x0460, 0x0460, 0x0460, 0x0460, 0x0460, 0x0460, 0x0460, 0x0460, 0x0460, 0x0460, 0x0460, 0x0460, 0x0460, 0x0460,
        0x0460, 0x0460, 0x0460, 0x0460, 0x0460, 0x0460, 0x0460, 0x0460, 0x0460, 0x0460, 0x0460, 0x0460, 0x0460, 0x0460, 0x0460, 0x0460,
        0x0460, 0x0460, 0x0460, 0x0460, 0x0460, 0x0460, 0x0460, 0x0460, 0x0460, 0x0460, 0x0460, 0x0460, 0x0460, 0x0460, 0x0460, 0x0460,
        0x0460, 0x0460, 0x0460, 0x0460, 0x0460, 0x0460, 0x0460, 0x0460, 0x0460, 0x0460, 0x0460, 0x0460, 0x0460, 0x0460, 0x0460, 0x0460,
        0x0460, 0x0460, 0x0460, 0x0460, 0x0460, 0x0460, 0x0460, 0x0460, 0x0460, 0x0460, 0x0460, 0x0460, 0x0460, 0x0460, 0x0460, 0x0460,
        0x0460, 0x0460, 0x0460, 0x0460, 0x0460, 0x0460, 0x0460, 0x0460, 0x0460, 0x0460, 0x0460, 0x0460, 0x0460, 0x0460, 0x0460, 0x0460,
        0x0460, 0x0460, 0x0460, 0x0460, 0x0460, 0x0460, 0x0460, 0x0460, 0x0460, 0x0460, 0x0460, 0x0460, 0x0460, 0x0460, 0x0460, 0x0460,
        0x0460, 0x0460, 0x0460, 0x0460, 0x0460, 0x0460, 0x0460, 0x0460, 0x0460, 0x0460, 0x0460, 0x0460, 0x0460, 0x0460, 0x0460, 0x0460,
        0x0460, 0x0460, 0x0460, 0x0460, 0x0460, 0x0460, 0x0460, 0x0460, 0x0460, 0x0460, 0x0460, 0x0460, 0x0460, 0x0460, 0x0460, 0x0460,
        0x0460, 0x0460, 0x0460, 0x0460, 0x0460, 0x0460, 0x0460, 0x0460, 0x0460, 0x0460, 0x0460, 0x0460, 0x0460, 0x0460, 0x0460, 0x0460,
        0x0460, 0x0460, 0x0460, 0x0460, 0x0460, 0x0460, 0x0460, 0x0460, 0x0460, 0x0460, 0x0460, 0x0460, 0x0460, 0x0460, 0x0460, 0x0460,
        0x0460, 0x0460, 0x0460, 0x0460, 0x0460, 0x0460, 0x0460, 0x0460, 0x0460, 0x0460, 0x0460, 0x0460, 0x0460, 0x0460, 0x0460, 0x0460,
        0x0460, 0x0460, 0x0460, 0x0460, 0x0460, 0x0460, 0x0460, 0x0460, 0x0460, 0x0460, 0x0460, 0x0460, 0x0460, 0x0460, 0x0460, 0x0460,
        0x0460, 0x0460, 0x0460, 0x0460, 0x0460, 0x0460, 0x0460, 0x0460, 0x0460, 0x0460, 0x0460, 0x0460, 0x0460, 0x0460, 0x0460, 0x0460,
        0x0460, 0x0460, 0x0460, 0x0460, 0x0460, 0x0460, 0x0460, 0x0460, 0x0460, 0x0460, 0x0460, 0x0460, 0x0460, 0x0460, 0x0460, 0x0460,
        0x0460, 0x0460, 0x0460, 0x0460, 0x0460, 0x0460, 0x0460, 0x0460, 0x0460, 0x0460, 0x0460, 0x0460, 0x0460, 0x1366, 0x0460, 0x0460,
        0x0460, 0x0460, 0x0460, 0x0460, 0x0460, 0x0460, 0x0460, 0x0460, 0x0460, 0x0460, 0x0460, 0x0460, 0x0460, 0x0460, 0x0460, 0x0460,
        0x0460, 0x0460, 0x0460, 0x0460, 0x0460, 0x0460, 0x0460, 0x0460, 0x0460, 0x0460, 0x0460, 0x0460, 0x0460, 0x0460, 0x0460, 0x0460,
        0x0460, 0x0460, 0x0460, 0x0460, 0x0460, 0x0460, 0x0460, 0x0460, 0x0460, 0x0460, 0x0460, 0x0460, 0x0460, 0x0460, 0x0460, 0x0460,
        0x0460, 0x0460, 0x0460, 0x0460, 0x0460, 0x0460, 0x0460, 0x0460, 0x0460, 0x0460, 0x0460, 0x0460, 0x0460, 0x0460, 0x0460, 0x0460,
        0x0460, 0x0460, 0x0460, 0x0460, 0x0460, 0x0460, 0x0460, 0x0460, 0x0460, 0x0460, 0x0460, 0x0460, 0x0460, 0x0460, 0x0460, 0x0460,
        0x0460, 0x0460, 0x0460, 0x0460, 0x0460, 0x0460, 0x0460, 0x0460, 0x0460, 0x0460, 0x0460, 0x0460, 0x0460, 0x0460, 0x0460, 0x0460,
        0x0460, 0x0460, 0x0460, 0x0460, 0x0460, 0x0460, 0x0460, 0x0460, 0x0460, 0x0460, 0x0460, 0x0460, 0x0460, 0x0460, 0x0460, 0x0460,
        0x0460, 0x0460, 0x0460, 0x0460, 0x0460, 0x0460, 0x0460, 0x0460, 0x0460, 0x0460, 0x0460, 0x0460, 0x0460, 0x0460, 0x0460, 0x0460,
        0x0460, 0x0460, 0x0460, 0x0460, 0x0460, 0x0460, 0x0460, 0x0460, 0x0460, 0x0460, 0x0460, 0x0460, 0x0460, 0x0460, 0x0460, 0x0460,
        0x0460, 0x0460, 0x0460, 0x0460, 0x0460, 0x0460, 0x0460, 0x0460, 0x0460, 0x0460, 0x0460, 0x0460, 0x0460, 0x0460, 0x0460, 0x0460,
        0x0460, 0x0460, 0x0460, 0x0460, 0x0460, 0x0460, 0x0460, 0x0460, 0x0460, 0x0460, 0x0460, 0x0460, 0x0460, 0x0460, 0x0460, 0x0460,
        0x0460, 0x0460, 0x0460, 0x0460, 0x0460, 0x0460, 0x0460, 0x0460, 0x0460, 0x0460, 0x0460, 0x0460, 0x0460, 0x0460, 0x0460, 0x0460,
        0x0460, 0x0460, 0x0460, 0x0460, 0x0460, 0x0460, 0x0460, 0x0460, 0x0460, 0x0460, 0x0460, 0x0460, 0x0460, 0x0460, 0x0460, 0x0460,
        0x0460, 0x0460, 0x0460, 0x0460, 0x0460, 0x0460, 0x0460, 0x0460, 0x0460, 0x0460, 0x0460, 0x0460, 0x0460, 0x0460, 0x0460, 0x0460,
        0x1366, 0x0460, 0x0460, 0x0460, 0x0460, 0x0460, 0x0460, 0x0460, 0x0460, 0x0460, 0x0460, 0x0460, 0x0460, 0x0460, 0x0460, 0x0460,
        0x0460, 0x0460, 0x0460, 0x0460, 0x0460, 0x0460, 0x0460, 0x0460, 0x0460, 0x0460, 0x0460, 0x0460, 0x0460, 0x0460, 0x0460, 0x0460,
        0x0460, 0x0460, 0x0460, 0x0460, 0x0460, 0x0460, 0x0460, 0x0460, 0x0460, 0x0460, 0x0460, 0x0460, 0x0460, 0x0460, 0x0460, 0x0460,
        0x0460, 0x0460, 0x0460, 0x0460, 0x0460, 0x0460, 0x0460, 0x0460, 0x0460, 0x0460, 0x0460, 0x0460, 0x0460, 0x0460, 0x0460, 0x0460,
        0x0460, 0x0460, 0x0460, 0x0460, 0x0460, 0x0460, 0x0460, 0x0460, 0x0460, 0x0460, 0x0460, 0x0460, 0x0460, 0x0460, 0x0460, 0x0460,
        0x0460, 0x0460, 0x0460, 0x0460, 0x0460, 0x0460, 0x0460, 0x0460, 0x0460, 0x0460, 0x0460, 0x0460, 0x0460, 0x0460, 0x0460, 0x0460,
        0x0460, 0x0460, 0x0460, 0x0460, 0x0460, 0x0460, 0x0460, 0x0460, 0x0460, 0x0460, 0x0460, 0x0460, 0x0460, 0x0460, 0x0460, 0x0460,
        0x0460, 0x0460, 0x0460, 0x0460, 0x0460, 0x0460, 0x0460, 0x0460, 0x0460, 0x0460, 0x0460, 0x0460, 0x0460, 0x0460, 0x0460, 0x0460,
        0x0460, 0x0460, 0x0460, 0x0460, 0x0460, 0x0460, 0x0460, 0x0460, 0x0460, 0x0460, 0x0460, 0x0460, 0x0460, 0x0460, 0x0460, 0x0460,
        0x0460, 0x0460, 0x0460, 0x0460, 0x0460, 0x0460, 0x1366, 0x1366, 0x1366, 0x1366, 0x1366, 0x0460, 0x0460, 0x0460, 0x0460, 0x0460,
        0x0460, 0x0460, 0x0460, 0x0460, 0x0460, 0x0460, 0x0460, 0x0460, 0x0460, 0x0460, 0x0460, 0x0460, 0x0460, 0x0460, 0x0460, 0x0460,
        0x0460, 0x0460, 0x0460, 0x0460, 0x0460, 0x0460, 0x0460, 0x0460, 0x0460, 0x0460, 0x0460, 0x0460, 0x0460, 0x0460, 0x0460, 0x0460,
        0x0460, 0x0460, 0x0460, 0x0460, 0x0460, 0x0460, 0x0460, 0x0460, 0x0460, 0x0460, 0x0460, 0x0460, 0x0460, 0x0460, 0x0460, 0x0460,
        0x0460, 0x0460, 0x0460, 0x0460, 0x0460, 0x0460, 0x0460, 0x0460, 0x0460, 0x0460, 0x0460, 0x0460, 0x0460, 0x0460, 0x0460, 0x0460,
        0x0460, 0x0460, 0x0460, 0x0460, 0x0460, 0x0460, 0x0460, 0x0460, 0x0460, 0x0460, 0x0460, 0x0460, 0x0460, 0x0460, 0x0460, 0x0460,
        0x0460, 0x0460, 0x0460, 0x0460, 0x0460, 0x0460, 0x0460, 0x0460, 0x0460, 0x0460, 0x0460, 0x0460, 0x0460, 0x0460, 0x0460, 0x0460,
        0x0460, 0x0460, 0x0460, 0x0460, 0x0460, 0x0460, 0x0460, 0x0460, 0x0460, 0x0460, 0x0460, 0x0460, 0x0460, 0x0460, 0x0460, 0x0460,
        0x0460, 0x0460, 0x0460, 0x0460, 0x0460, 0x0460, 0x0460, 0x0460, 0x0460, 0x0460, 0x0460, 0x0460, 0x0460, 0x0460, 0x0460, 0x0460,
        0x0660, 0x1366, 0x1366, 0x1366, 0x0460, 0x1366, 0x1366, 0x0460, 0x0460, 0x0460, 0x0460, 0x0460, 0x1366, 0x1366, 0x1366, 0x1366,
        0x0660, 0x0660, 0x0660, 0x0660, 0x0460, 0x0660, 0x0660, 0x0660, 0x0460, 0x0660, 0x0660, 0x0660, 0x0660, 0x0660, 0x0660, 0x0660,
        0x0660, 0x0660, 0x0660, 0x0660, 0x0660, 0x0660, 0x0660, 0x0660, 0x0660, 0x0660, 0x0660, 0x0660, 0x0660, 0x0660, 0x0660, 0x0660,
        0x0660, 0x0660, 0x0660, 0x0660, 0x0660, 0x0660, 0x0460, 0x0460, 0x1366, 0x1366, 0x1366, 0x0460, 0x0460, 0x0460, 0x0460, 0x1166,
        0x0460, 0x0460, 0x0460, 0x0460, 0x0460, 0x0460, 0x0460, 0x0460, 0x0460, 0x0460, 0x0460, 0x0460, 0x0460, 0x0460, 0x0460, 0x0460,
        0x0460, 0x0460, 0x0460, 0x0460, 0x0460, 0x0460, 0x0460, 0x0460, 0x0460, 0x0460, 0x0460, 0x0460, 0x0460, 0x0460, 0x0460, 0x0460,
        0x0460, 0x0460, 0x0460, 0x0460, 0x0460, 0x0460, 0x0460, 0x0460, 0x0460, 0x0460, 0x0460, 0x0460, 0x0460, 0x0460, 0x0460, 0x0460,
        0x0460, 0x0460, 0x0460, 0x0460, 0x0460, 0x0460, 0x0460, 0x0460, 0x0460, 0x0460, 0x0460, 0x0460, 0x0460, 0x0460, 0x0460, 0x0460,
        0x0460, 0x0460, 0x0460, 0x0460, 0x0460, 0x0460, 0x0460, 0x0460, 0x0460, 0x0460, 0x0460, 0x0460, 0x0460, 0x0460, 0x0460, 0x0460,
        0x0460, 0x0460, 0x0460, 0x0460, 0x0460, 0x0460, 0x0460, 0x0460, 0x0460, 0x0460, 0x0460, 0x0460, 0x0460, 0x0460, 0x0460, 0x0460,
        0x0460, 0x0460, 0x0460, 0x0460, 0x0460, 0x0460, 0x0460, 0x0460, 0x0460, 0x0460, 0x0460, 0x0460, 0x0460, 0x0460, 0x0460, 0x0460,
        0x0460, 0x0460, 0x0460, 0x0460, 0x0460, 0x0460, 0x0460, 0x0460, 0x0460, 0x0460, 0x0460, 0x0460, 0x0460, 0x0460, 0x0460, 0x0460,
        0x0460, 0x0460, 0x0460, 0x0460, 0x0460, 0x0460, 0x0460, 0x0460, 0x0460, 0x0460, 0x0460, 0x0460, 0x0460, 0x0460, 0x0460, 0x0460,
        0x0460, 0x0460, 0x0460, 0x0460, 0x0460, 0x0460, 0x0460, 0x0460, 0x0460, 0x0460, 0x0460, 0x0460, 0x0460, 0x0460, 0x0460, 0x0460,
        0x0460, 0x0460, 0x0460, 0x0460, 0x0460, 0x1366, 0x1366, 0x0460, 0x0460, 0x0460, 0x0460, 0x0460, 0x0460, 0x0460, 0x0460, 0x0460,
        0x0460, 0x0460, 0x0460, 0x0460, 0x0460, 0x0460, 0x0460, 0x0460, 0x0460, 0x0460, 0x0460, 0x0460, 0x0460, 0x0460, 0x0460, 0x0460,
        0x0460, 0x0460, 0x0460, 0x0460, 0x0460, 0x0460, 0x0460, 0x0460, 0x0460, 0x0460, 0x0460, 0x0460, 0x0460, 0x0460, 0x0460, 0x0460,
        0x0460, 0x0460, 0x0460, 0x0460, 0x0460, 0x0460, 0x0460, 0x0460, 0x0460, 0x0460, 0x0460, 0x0460, 0x0460, 0x0460, 0x0460, 0x0460,
        0x0460, 0x0460, 0x0460, 0x0460, 0x1366, 0x1366, 0x1366, 0x1366, 0x0460, 0x0460, 0x0460, 0x0460, 0x0460, 0x0460, 0x0460, 0x0460,
        0x0460, 0x0460, 0x0460, 0x0460, 0x0460, 0x0460, 0x0460, 0x0460, 0x0460, 0x0460, 0x0460, 0x0460, 0x0460, 0x0460, 0x0460, 0x0460,
        0x0460, 0x0460, 0x0460, 0x0460, 0x0460, 0x0460, 0x0460, 0x0460, 0x0460, 0x0460, 0x0460, 0x0460, 0x0460, 0x0460, 0x0460, 0x0460,
        0x0460, 0x0460, 0x0460, 0x0460, 0x0460, 0x0460, 0x0460, 0x0460, 0x0460, 0x0460, 0x0460, 0x0460, 0x0460, 0x0460, 0x0460, 0x0460,
        0x0460, 0x0460, 0x0460, 0x0460, 0x0460, 0x0460, 0x0460, 0x0460, 0x0460, 0x1366, 0x1366, 0x1366, 0x1366, 0x1366, 0x0460, 0x0460,
        0x0460, 0x0460, 0x0460, 0x0460, 0x0460, 0x0460, 0x0460, 0x0460, 0x0460, 0x0460, 0x0460, 0x0460, 0x0460, 0x0460, 0x0460, 0x0460,
        0x0460, 0x0460, 0x0460, 0x0460, 0x0460, 0x0460, 0x0460, 0x0460, 0x0460, 0x0460, 0x0460, 0x0460, 0x0460, 0x0460, 0x0460, 0x0460,
        0x0460, 0x0460, 0x0460, 0x0460, 0x0460, 0x0460, 0x0460, 0x0460, 0x0460, 0x0460, 0x0460, 0x0460, 0x0460, 0x0460, 0x0460, 0x0460,
        0x0460, 0x0460, 0x0460, 0x0460, 0x0460, 0x0460, 0x0460, 0x0460, 0x0460, 0x0460, 0x0460, 0x0460, 0x0460, 0x0460, 0x0460, 0x0460,
        0x0460, 0x0460, 0x0460, 0x0460, 0x0460, 0x0460, 0x0460, 0x0460, 0x0460, 0x0460, 0x0460, 0x0460, 0x0460, 0x0460, 0x0460, 0x0460,
        0x0460, 0x0460, 0x0460, 0x0460, 0x0460, 0x0460, 0x0460, 0x0460, 0x0460, 0x0460, 0x0460, 0x0460, 0x0460, 0x0460, 0x0460, 0x0460,
        0x0460, 0x0460, 0x0460, 0x0460, 0x0460, 0x0460, 0x0460, 0x0460, 0x0460, 0x0460, 0x0460, 0x0460, 0x0460, 0x0460, 0x0460, 0x0460,
        0x0460, 0x0460, 0x0460, 0x0460, 0x0460, 0x0460, 0x0460, 0x0460, 0x0460, 0x0460, 0x0460, 0x0460, 0x0460, 0x0460, 0x0460, 0x0460,
        0x0460, 0x0460, 0x0460, 0x0460, 0x0460, 0x0460, 0x0460, 0x0460, 0x0460, 0x0460, 0x0460, 0x0460, 0x0460, 0x0460, 0x0460, 0x0460,
        0x0460, 0x0460, 0x0460, 0x0460, 0x0460, 0x0460, 0x0460, 0x0460, 0x0460, 0x0460, 0x0460, 0x0460, 0x0460, 0x0460, 0x0460, 0x0460,
        0x0460, 0x0460, 0x0460, 0x0460, 0x0460, 0x0460, 0x0460, 0x0460, 0x0460, 0x0460, 0x0460, 0x0460, 0x0460, 0x0460, 0x0460, 0x0460,
        0x0460, 0x0460, 0x0460, 0x0460, 0x0460, 0x0460, 0x0460, 0x0460, 0x0460, 0x0460, 0x0460, 0x0460, 0x0460, 0x0460, 0x0460, 0x0460,
        0x0460, 0x0460, 0x0460, 0x0460, 0x0460, 0x0460, 0x0460, 0x0460, 0x0460, 0x0460, 0x0460, 0x0460, 0x0460, 0x0460, 0x0460, 0x0460,
        0x0460, 0x0460, 0x0460, 0x0460, 0x0460, 0x0460, 0x0460, 0x0460, 0x0460, 0x0460, 0x0460, 0x0460, 0x0460, 0x0460, 0x0460, 0x0460,
        0x0460, 0x0460, 0x0460, 0x0460, 0x0460, 0x0460, 0x0460, 0x0460, 0x0460, 0x0460, 0x0460, 0x0460, 0x0460, 0x0460, 0x0460, 0x0460,
        0x0460, 0x0460, 0x0460, 0x0460, 0x0460, 0x0460, 0x0460, 0x0460, 0x0460, 0x0460, 0x0460, 0x0460, 0x0460, 0x0460, 0x0460, 0x0460,
        0x0460, 0x0460, 0x0460, 0x0460, 0x0460, 0x0460, 0x0460, 0x0460, 0x0460, 0x0460, 0x0460, 0x0460, 0x0460, 0x0460, 0x0460, 0x0460,
        0x0460, 0x0460, 0x0460, 0x0460, 0x0460, 0x0460, 0x0460, 0x0460, 0x0460, 0x0460, 0x0460, 0x0460, 0x0460, 0x0460, 0x0460, 0x0460,
        0x0460, 0x0460, 0x0460, 0x0460, 0x0460, 0x0460, 0x0460, 0x0460, 0x0460, 0x0460, 0x0460, 0x0460, 0x0460, 0x0460, 0x0460, 0x0460,
        0x0460, 0x0460, 0x0460, 0x0460, 0x0460, 0x0460, 0x0460, 0x0460, 0x0460, 0x0460, 0x0460, 0x1366, 0x1366, 0x0460, 0x0460, 0x0460,
        0x0460, 0x0460, 0x0460, 0x0460, 0x0460, 0x0460, 0x0460, 0x0460, 0x0460, 0x0460, 0x0460, 0x0460, 0x0460, 0x0460, 0x0460, 0x0460,
        0x0460, 0x0460, 0x0460, 0x0460, 0x0460, 0x0460, 0x0460, 0x0460, 0x0460, 0x0460, 0x0460, 0x1366, 0x1366, 0x1366, 0x1366, 0x1366,
        0x0460, 0x0460, 0x0460, 0x0460, 0x0460, 0x0460, 0x0460, 0x0460, 0x0460, 0x0460, 0x0460, 0x0460, 0x0460, 0x0460, 0x0460, 0x0460,
        0x0460, 0x0460, 0x0460, 0x0460, 0x0460, 0x0460, 0x0460, 0x0460, 0x0460, 0x0460, 0x0460, 0x0460, 0x0460, 0x0460, 0x0460, 0x0460,
        0x1366, 0x1366, 0x1366, 0x1366, 0x1366, 0x1366, 0x1366, 0x1366, 0x1366, 0x1366, 0x1366, 0x1366, 0x1366, 0x1366, 0x1366, 0x1366,
        0x0460, 0x0460, 0x0460, 0x0460, 0x0460, 0x0460, 0x0460, 0x0460, 0x0460, 0x0460, 0x0460, 0x0460, 0x0460, 0x0460, 0x0460, 0x0460,
        0x0460, 0x0460, 0x0460, 0x0460, 0x0460, 0x0460, 0x0460, 0x0460, 0x0460, 0x0460, 0x0460, 0x0460, 0x0460, 0x0460, 0x0460, 0x0460,
        0x0460, 0x0460, 0x0460, 0x0460, 0x0460, 0x0460, 0x0460, 0x0460, 0x0460, 0x0460, 0x0460, 0x0460, 0x0460, 0x0460, 0x0460, 0x0460,
        0x0460, 0x0460, 0x0460, 0x0460, 0x0460, 0x0460, 0x0460, 0x0460, 0x0460, 0x0460, 0x0460, 0x0460, 0x0460, 0x0460, 0x0460, 0x0460,
        0x0460, 0x0460, 0x0460, 0x0460, 0x0460, 0x0460, 0x1366, 0x1366, 0x1366, 0x1366, 0x1366, 0x1366, 0x1366, 0x1366, 0x1366, 0x1366,
        0x1366, 0x0460, 0x0460, 0x0460, 0x0460, 0x0460, 0x0460, 0x0460, 0x0460, 0x0460, 0x0460, 0x0460, 0x0460, 0x0460, 0x0460, 0x0460,
        0x0460, 0x0460, 0x0460, 0x0460, 0x0460, 0x0460, 0x0460, 0x0460, 0x0460, 0x0460, 0x0460, 0x0460, 0x0460, 0x0460, 0x0460, 0x0460,
        0x0460, 0x0460, 0x0460, 0x0460, 0x0460, 0x0460, 0x0460, 0x0460, 0x0460, 0x0460, 0x0460, 0x0460, 0x0460, 0x0460, 0x0460, 0x0460,
        0x0460, 0x0460, 0x1366, 0x1366, 0x1366, 0x1366, 0x0460, 0x0460, 0x0460, 0x0460, 0x0460, 0x0460, 0x0460, 0x0460, 0x0460, 0x0460,
        0x0460, 0x0460, 0x0460, 0x0460, 0x0460, 0x0460, 0x0460, 0x0460, 0x0460, 0x0460, 0x0460, 0x0460, 0x0460, 0x0460, 0x0460, 0x0460,
        0x0460, 0x0460, 0x0460, 0x0460, 0x0460, 0x0460, 0x0460, 0x0460, 0x0460, 0x0460, 0x0460, 0x0460, 0x0460, 0x0460, 0x0460, 0x0460,
        0x0460, 0x0460, 0x0460, 0x0460, 0x0460, 0x0460, 0x0460, 0x0460, 0x0460, 0x0460, 0x0460, 0x0460, 0x0460, 0x0460, 0x0460, 0x0460,
        0x0460, 0x0460, 0x0460, 0x0460, 0x0460, 0x0460, 0x0460, 0x0460, 0x0460, 0x0460, 0x0460, 0x0460, 0x0460, 0x0460, 0x0460, 0x0460,
        0x0460, 0x0460, 0x0460, 0x0460, 0x0460, 0x0460, 0x0460, 0x0460, 0x0460, 0x0460, 0x0460, 0x0460, 0x0460, 0x0460, 0x0460, 0x0460,
        0x0460, 0x0460, 0x0460, 0x0460, 0x0460, 0x0460, 0x0460, 0x0460, 0x0460, 0x0460, 0x0460, 0x0460, 0x0460, 0x0460, 0x0460, 0x0460,
        0x0460, 0x0460, 0x0460, 0x0460, 0x0460, 0x0460, 0x0460, 0x0460, 0x0460, 0x0460, 0x0460, 0x0460, 0x0460, 0x0460, 0x0460, 0x0460,
        0x046E, 0x1366, 0x046E, 0x0460, 0x0460, 0x0460, 0x0460, 0x0460, 0x0460, 0x0460, 0x0460, 0x0460, 0x0460, 0x0460, 0x0460, 0x0460,
        0x0460, 0x0460, 0x0460, 0x0460, 0x0460, 0x0460, 0x0460, 0x0460, 0x0460, 0x0460, 0x0460, 0x0460, 0x0460, 0x0460, 0x0460, 0x0460,
        0x0460, 0x0460, 0x0460, 0x0460, 0x0460, 0x0460, 0x0460, 0x0460, 0x0460, 0x0460, 0x0460, 0x0460, 0x0460, 0x0460, 0x0460, 0x0460,
        0x0460, 0x0460, 0x0460, 0x0460, 0x0460, 0x0460, 0x0460, 0x0460, 0x1366, 0x1366, 0x1366, 0x1366, 0x1366, 0x1366, 0x1366, 0x1366,
        0x1366, 0x1366, 0x1366, 0x1366, 0x1366, 0x1366, 0x1366, 0x0460, 0x0460, 0x0460, 0x0460, 0x0460, 0x0460, 0x0460, 0x0460, 0x0460,
        0x0460, 0x0460, 0x0460, 0x0460, 0x0460, 0x0460, 0x0460, 0x0460, 0x0460, 0x0460, 0x0460, 0x0460, 0x0460, 0x0460, 0x0460, 0x0460,
        0x0460, 0x0460, 0x0460, 0x0460, 0x0460, 0x0460, 0x0460, 0x0460, 0x0460, 0x0460, 0x0460, 0x0460, 0x0460, 0x0460, 0x0460, 0x0460,
        0x1366, 0x0460, 0x0460, 0x1366, 0x1366, 0x0460, 0x0460, 0x0460, 0x0460, 0x0460, 0x0460, 0x0460, 0x0460, 0x0460, 0x0460, 0x1366,
        0x1366, 0x1366, 0x046E, 0x0460, 0x0460, 0x0460, 0x0460, 0x0460, 0x0460, 0x0460, 0x0460, 0x0460, 0x0460, 0x0460, 0x0460, 0x0460,
        0x0460, 0x0460, 0x0460, 0x0460, 0x0460, 0x0460, 0x0460, 0x0460, 0x0460, 0x0460, 0x0460, 0x0460, 0x0460, 0x0460, 0x0460, 0x0460,
        0x0460, 0x0460, 0x0460, 0x0460, 0x0460, 0x0460, 0x0460, 0x0460, 0x0460, 0x0460, 0x0460, 0x0460, 0x0460, 0x0460, 0x0460, 0x0460,
        0x046E, 0x046E, 0x046E, 0x1366, 0x1366, 0x1366, 0x1366, 0x046E, 0x046E, 0x1366, 0x1366, 0x0460, 0x0460, 0x146C, 0x0460, 0x0460,
        0x0460, 0x0460, 0x1366, 0x0460, 0x0460, 0x0460, 0x0460, 0x0460, 0x0460, 0x0460, 0x0460, 0x0460, 0x0460, 0x146C, 0x0460, 0x0460,
        0x0460, 0x0460, 0x0460, 0x0460, 0x0460, 0x0460, 0x0460, 0x0460, 0x0460, 0x0460, 0x0460, 0x0460, 0x0460, 0x0460, 0x0460, 0x0460,
        0x0460, 0x0460, 0x0460, 0x0460, 0x0460, 0x0460, 0x0460, 0x0460, 0x0460, 0x0460, 0x0460, 0x0460, 0x0460, 0x0460, 0x0460, 0x0460,
        0x0460, 0x0460, 0x0460, 0x0460, 0x0460, 0x0460, 0x0460, 0x0460, 0x0460, 0x0460, 0x0460, 0x0460, 0x0460, 0x0460, 0x0460, 0x0460,
        0x1366, 0x1366, 0x1366, 0x0660, 0x0660, 0x0660, 0x0660, 0x0660, 0x0660, 0x0660, 0x0660, 0x0660, 0x0660, 0x0660, 0x0660, 0x0660,
        0x0660, 0x0660, 0x0660, 0x0660, 0x0660, 0x0660, 0x0660, 0x0660, 0x0660, 0x0660, 0x0660, 0x0660, 0x0660, 0x0660, 0x0660, 0x0660,
        0x0660, 0x0660, 0x0660, 0x0660, 0x0660, 0x0660, 0x0660, 0x1366, 0x1366, 0x1366, 0x1366, 0x1366, 0x046E, 0x1366, 0x1366, 0x1366,
        0x1366, 0x1366, 0x1366, 0x1166, 0x1366, 0x0460, 0x0460, 0x0460, 0x0460, 0x0460, 0x0460, 0x0460, 0x0460, 0x0460, 0x0460, 0x0460,
        0x0460, 0x0460, 0x0460, 0x0460, 0x0660, 0x046E, 0x046E, 0x0660, 0x0460, 0x0460, 0x0460, 0x0460, 0x0460, 0x0460, 0x0460, 0x0460,
        0x0460, 0x0460, 0x0460, 0x0460, 0x0460, 0x0460, 0x0460, 0x0460, 0x0460, 0x0460, 0x0460, 0x0460, 0x0460, 0x0460, 0x0460, 0x0460,
        0x0460, 0x0460, 0x0460, 0x0460, 0x0460, 0x0460, 0x0460, 0x0460, 0x0460, 0x0460, 0x0460, 0x0460, 0x0460, 0x0460, 0x0460, 0x0460,
        0x0460, 0x0460, 0x0460, 0x1366, 0x0460, 0x0460, 0x0460, 0x0460, 0x0460, 0x0460, 0x0460, 0x0460, 0x0460, 0x0460, 0x0460, 0x0460,
        0x1366, 0x1366, 0x046E, 0x0460, 0x0460, 0x0460, 0x0460, 0x0460, 0x0460, 0x0460, 0x0460, 0x0460, 0x0460, 0x0460, 0x0460, 0x0460,
        0x0460, 0x0460, 0x0460, 0x0460, 0x0460, 0x0460, 0x0460, 0x0460, 0x0460, 0x0460, 0x0460, 0x0460, 0x0460, 0x0460, 0x0460, 0x0460,
        0x0460, 0x0460, 0x0460, 0x0460, 0x0460, 0x0460, 0x0460, 0x0460, 0x0460, 0x0460, 0x0460, 0x0460, 0x0460, 0x0460, 0x0460, 0x0460,
        0x0460, 0x0460, 0x0460, 0x046E, 0x046E, 0x046E, 0x1366, 0x1366, 0x1366, 0x1366, 0x1366, 0x1366, 0x1366, 0x1366, 0x1366, 0x046E,
        0x0766, 0x0460, 0x146C, 0x146C, 0x0460, 0x0460, 0x0460, 0x0460, 0x0460, 0x1366, 0x1366, 0x1366, 0x1366, 0x0460, 0x046E, 0x1366,
        0x0460, 0x0460, 0x0460, 0x0460, 0x0460, 0x0460, 0x0460, 0x0460, 0x0460, 0x0460, 0x0460, 0x0460, 0x0460, 0x0460, 0x0460, 0x0460,
        0x0460, 0x0460, 0x0460, 0x0460, 0x0460, 0x0460, 0x0460, 0x0460, 0x0460, 0x0460, 0x0460, 0x0460, 0x0460, 0x0460, 0x0460, 0x0460,
        0x0460, 0x0460, 0x0460, 0x0460, 0x0460, 0x0460, 0x0460, 0x0460, 0x0460, 0x0460, 0x0460, 0x0460, 0x0460, 0x0460, 0x0460, 0x0460,
        0x0460, 0x0460, 0x0460, 0x0460, 0x0460, 0x0460, 0x0460, 0x0460, 0x0460, 0x0460, 0x0460, 0x0460, 0x0460, 0x0460, 0x0460, 0x0460,
        0x0460, 0x0460, 0x0460, 0x0460, 0x0460, 0x0460, 0x0460, 0x0460, 0x0460, 0x0460, 0x0460, 0x0460, 0x0460, 0x0460, 0x0460, 0x0460,
        0x0460, 0x0460, 0x0460, 0x0460, 0x0460, 0x0460, 0x0460, 0x0460, 0x0460, 0x0460, 0x0460, 0x0460, 0x046E, 0x046E, 0x046E, 0x1366,
        0x1366, 0x1366, 0x046E, 0x046E, 0x1366, 0x0766, 0x1366, 0x1366, 0x0460, 0x0460, 0x0460, 0x0460, 0x0460, 0x0460, 0x1366, 0x0460,
        0x0460, 0x1366, 0x0460, 0x0460, 0x0460, 0x0460, 0x0460, 0x0460, 0x0460, 0x0460, 0x0460, 0x0460, 0x0460, 0x0460, 0x0460, 0x0460,
        0x0460, 0x0460, 0x0460, 0x0460, 0x0460, 0x0460, 0x0460, 0x0460, 0x0460, 0x0460, 0x0460, 0x0460, 0x0460, 0x0460, 0x0460, 0x0460,
        0x0460, 0x0460, 0x0460, 0x0460, 0x0460, 0x0460, 0x0460, 0x0460, 0x0460, 0x0460, 0x0460, 0x0460, 0x0460, 0x0460, 0x0460, 0x0460,
        0x0460, 0x0460, 0x0460, 0x0460, 0x0460, 0x0460, 0x0460, 0x0460, 0x0460, 0x0460, 0x0460, 0x0460, 0x0460, 0x0460, 0x0460, 0x0460,
        0x0460, 0x0460, 0x0460, 0x0460, 0x0460, 0x0460, 0x0460, 0x0460, 0x0460, 0x0460, 0x0460, 0x0460, 0x0460, 0x0460, 0x0460, 0x0460,
        0x0460, 0x0460, 0x0460, 0x0460, 0x0460, 0x0460, 0x0460, 0x0460, 0x0460, 0x0460, 0x0460, 0x0460, 0x0460, 0x0460, 0x0460, 0x0460,
        0x0460, 0x0460, 0x0460, 0x0460, 0x0460, 0x0460, 0x0460, 0x0460, 0x0460, 0x0460, 0x0460, 0x0460, 0x0460, 0x0460, 0x0460, 0x0460,
        0x0460, 0x0460, 0x0460, 0x0460, 0x0460, 0x0460, 0x0460, 0x0460, 0x0460, 0x0460, 0x0460, 0x0460, 0x0460, 0x0460, 0x0460, 0x0460,
        0x0460, 0x0460, 0x0460, 0x0460, 0x0460, 0x0460, 0x0460, 0x0460, 0x0460, 0x0460, 0x0460, 0x0460, 0x0460, 0x0460, 0x0460, 0x0460,
        0x0460, 0x0460, 0x0460, 0x0460, 0x0460, 0x0460, 0x0460, 0x0460, 0x0460, 0x0460, 0x0460, 0x0460, 0x0460, 0x0460, 0x0460, 0x1366,
        0x046E, 0x046E, 0x046E, 0x1366, 0x1366, 0x1366, 0x1366, 0x1366, 0x1366, 0x1366, 0x1366, 0x0460, 0x0460, 0x0460, 0x0460, 0x0460,
        0x0460, 0x0460, 0x0460, 0x0460, 0x0460, 0x0460, 0x0460, 0x0460, 0x0460, 0x0460, 0x0460, 0x0460, 0x0460, 0x0460, 0x0460, 0x0460,
        0x1366, 0x1366, 0x046E, 0x046E, 0x0460, 0x0460, 0x0460, 0x0460, 0x0460, 0x0460, 0x0460, 0x0460, 0x0460, 0x0460, 0x0460, 0x0460,
        0x0460, 0x0460, 0x0460, 0x0460, 0x0460, 0x0460, 0x0460, 0x0460, 0x0460, 0x0460, 0x0460, 0x0460, 0x0460, 0x0460, 0x0460, 0x0460,
        0x0460, 0x0460, 0x0460, 0x0460, 0x0460, 0x0460, 0x0460, 0x0460, 0x0460, 0x0460, 0x0460, 0x0460, 0x0460, 0x0460, 0x0460, 0x0460,
        0x0460, 0x0460, 0x0460, 0x0460, 0x0460, 0x0460, 0x0460, 0x0460, 0x0460, 0x0460, 0x0460, 0x1366, 0x1366, 0x0460, 0x0766, 0x046E,
        0x1366, 0x046E, 0x046E, 0x046E, 0x046E, 0x0460, 0x0460, 0x046E, 0x046E, 0x0460, 0x0460, 0x046E, 0x046E, 0x0766, 0x0460, 0x0460,
        0x0460, 0x0460, 0x0460, 0x0460, 0x0460, 0x0460, 0x0460, 0x0766, 0x0460, 0x0460, 0x0460, 0x0460, 0x0460, 0x0460, 0x0460, 0x0460,
        0x0460, 0x0460, 0x046E, 0x046E, 0x0460, 0x0460, 0x1366, 0x1366, 0x1366, 0x1366, 0x1366, 0x1366, 0x1366, 0x0460, 0x0460, 0x0460,
        0x1366, 0x1366, 0x1366, 0x1366, 0x1366, 0x0460, 0x0460, 0x0460, 0x0460, 0x0460, 0x0460, 0x0460, 0x0460, 0x0460, 0x0460, 0x0460,
        0x0660, 0x0660, 0x0660, 0x0660, 0x0660, 0x0660, 0x0660, 0x0660, 0x0660, 0x0660, 0x0460, 0x0660, 0x0460, 0x0460, 0x0660, 0x0460,
        0x0660, 0x0660, 0x0660, 0x0660, 0x0660, 0x0660, 0x0660, 0x0660, 0x0660, 0x0660, 0x0660, 0x0660, 0x0660, 0x0660, 0x0660, 0x0660,
        0x0660, 0x0660, 0x0660, 0x0660, 0x0660, 0x0660, 0x0660, 0x0660, 0x0660, 0x0660, 0x0660, 0x0660, 0x0660, 0x0660, 0x0660, 0x0660,
        0x0660, 0x0660, 0x0660, 0x0660, 0x0660, 0x0660, 0x0460, 0x0460, 0x0766, 0x046E, 0x046E, 0x1366, 0x1366, 0x1366, 0x1366, 0x1366,
        0x1366, 0x0460, 0x0766, 0x0460, 0x0460, 0x0766, 0x0460, 0x0766, 0x0766, 0x0766, 0x046E, 0x0460, 0x046E, 0x046E, 0x1366, 0x0766,
        0x1166, 0x146C, 0x1366, 0x0460, 0x0460, 0x0460, 0x0460, 0x0460, 0x0460, 0x0460, 0x0460, 0x0460, 0x0460, 0x0460, 0x0460, 0x0460,
        0x0460, 0x1366, 0x1366, 0x0460, 0x0460, 0x0460, 0x0460, 0x0460, 0x0460, 0x0460, 0x0460, 0x0460, 0x0460, 0x0460, 0x0460, 0x0460,
        0x0460, 0x0460, 0x0460, 0x0460, 0x0460, 0x0460, 0x0460, 0x0460, 0x0460, 0x0460, 0x0460, 0x0460, 0x0460, 0x0460, 0x0460, 0x0460,
        0x0460, 0x0460, 0x0460, 0x0460, 0x0460, 0x0460, 0x0460, 0x0460, 0x0460, 0x0460, 0x0460, 0x0460, 0x0460, 0x0460, 0x0460, 0x0460,
        0x0460, 0x0460, 0x0460, 0x0460, 0x0460, 0x0460, 0x0460, 0x0460, 0x0460, 0x0460, 0x0460, 0x0460, 0x0460, 0x0460, 0x0460, 0x0460,
        0x0460, 0x0460, 0x0460, 0x0460, 0x0460, 0x0460, 0x0460, 0x0460, 0x0460, 0x0460, 0x0460, 0x0460, 0x0460, 0x0460, 0x0460, 0x0460,
        0x0460, 0x0460, 0x0460, 0x0460, 0x0460, 0x046E, 0x046E, 0x046E, 0x1366, 0x1366, 0x1366, 0x1366, 0x1366, 0x1366, 0x1366, 0x1366,
        0x046E, 0x046E, 0x1366, 0x1366, 0x1366, 0x046E, 0x1366, 0x0460, 0x0460, 0x0460, 0x0460, 0x0460, 0x0460, 0x0460, 0x0460, 0x0460,
        0x0460, 0x0460, 0x0460, 0x0460, 0x0460, 0x0460, 0x0460, 0x0460, 0x0460, 0x0460, 0x0460, 0x0460, 0x0460, 0x0460, 0x1366, 0x0460,
        0x0460, 0x0460, 0x0460, 0x0460, 0x0460, 0x0460, 0x0460, 0x0460, 0x0460, 0x0460, 0x0460, 0x0460, 0x0460, 0x0460, 0x0460, 0x0460,
        0x0460, 0x0460, 0x0460, 0x0460, 0x0460, 0x0460, 0x0460, 0x0460, 0x0460, 0x0460, 0x0460, 0x0460, 0x0460, 0x0460, 0x0460, 0x0460,
        0x0460, 0x0460, 0x0460, 0x0460, 0x0460, 0x0460, 0x0460, 0x0460, 0x0460, 0x0460, 0x0460, 0x0460, 0x0460, 0x0460, 0x0460, 0x0460,
        0x0460, 0x0460, 0x0460, 0x0460, 0x0460, 0x0460, 0x0460, 0x0460, 0x0460, 0x0460, 0x0460, 0x0460, 0x0460, 0x0460, 0x0460, 0x0460,
        0x0460, 0x0460, 0x0460, 0x0460, 0x0460, 0x0460, 0x0460, 0x0460, 0x0460, 0x0460, 0x0460, 0x0460, 0x0460, 0x0460, 0x0460, 0x0460,
        0x0766, 0x046E, 0x046E, 0x1366, 0x1366, 0x1366, 0x1366, 0x1366, 0x1366, 0x046E, 0x1366, 0x046E, 0x046E, 0x0766, 0x046E, 0x1366,
        0x1366, 0x046E, 0x1366, 0x1366, 0x0460, 0x0460, 0x0460, 0x0460, 0x0460, 0x0460, 0x0460, 0x0460, 0x0460, 0x0460, 0x0460, 0x0460,
        0x0460, 0x0460, 0x0460, 0x0460, 0x0460, 0x0460, 0x0460, 0x0460, 0x0460, 0x0460, 0x0460, 0x0460, 0x0460, 0x0460, 0x0460, 0x0460,
        0x0460, 0x0460, 0x0460, 0x0460, 0x0460, 0x0460, 0x0460, 0x0460, 0x0460, 0x0460, 0x0460, 0x0460, 0x0460, 0x0460, 0x0460, 0x0460,
        0x0460, 0x0460, 0x0460, 0x0460, 0x0460, 0x0460, 0x0460, 0x0460, 0x0460, 0x0460, 0x0460, 0x0460, 0x0460, 0x0460, 0x0460, 0x0460,
        0x0460, 0x0460, 0x0460, 0x0460, 0x0460, 0x0460, 0x0460, 0x0460, 0x0460, 0x0460, 0x0460, 0x0460, 0x0460, 0x0460, 0x0460, 0x0460,
        0x0460, 0x0460, 0x0460, 0x0460, 0x0460, 0x0460, 0x0460, 0x0460, 0x0460, 0x0460, 0x0460, 0x0460, 0x0460, 0x0460, 0x0460, 0x0460,
        0x0460, 0x0460, 0x0460, 0x0460, 0x0460, 0x0460, 0x0460, 0x0460, 0x0460, 0x0460, 0x0460, 0x0460, 0x0460, 0x0460, 0x0460, 0x0460,
        0x0460, 0x0460, 0x0460, 0x0460, 0x0460, 0x0460, 0x0460, 0x0460, 0x0460, 0x0460, 0x0460, 0x0460, 0x0460, 0x0460, 0x0460, 0x0460,
        0x0460, 0x0460, 0x0460, 0x0460, 0x0460, 0x0460, 0x0460, 0x0460, 0x0460, 0x0460, 0x0460, 0x0460, 0x0460, 0x0460, 0x0460, 0x0460,
        0x0460, 0x0460, 0x0460, 0x0460, 0x0460, 0x0460, 0x0460, 0x0460, 0x0460, 0x0460, 0x0460, 0x0460, 0x0460, 0x0460, 0x0460, 0x0460,
        0x0460, 0x0460, 0x0460, 0x0460, 0x0460, 0x0460, 0x0460, 0x0460, 0x0460, 0x0460, 0x0460, 0x0460, 0x0460, 0x0460, 0x0460, 0x0460,
        0x0460, 0x0460, 0x0460, 0x0460, 0x0460, 0x0460, 0x0460, 0x0460, 0x0460, 0x0460, 0x0460, 0x0460, 0x0460, 0x0460, 0x0460, 0x0460,
        0x0460, 0x0460, 0x0460, 0x0460, 0x0460, 0x0460, 0x0460, 0x0460, 0x0460, 0x0460, 0x0460, 0x0460, 0x0460, 0x0460, 0x0460, 0x0460,
        0x0460, 0x0460, 0x0460, 0x0460, 0x0460, 0x0460, 0x0460, 0x0460, 0x0460, 0x0460, 0x0460, 0x0460, 0x0460, 0x0460, 0x0460, 0x0460,
        0x0460, 0x0460, 0x0460, 0x0460, 0x0460, 0x0460, 0x0460, 0x0460, 0x0460, 0x0460, 0x0460, 0x0460, 0x0460, 0x0460, 0x0460, 0x0766,
        0x046E, 0x046E, 0x1366, 0x1366, 0x1366, 0x1366, 0x0460, 0x0460, 0x046E, 0x046E, 0x046E, 0x046E, 0x1366, 0x1366, 0x046E, 0x1366,
        0x1366, 0x0460, 0x0460, 0x0460, 0x0460, 0x0460, 0x0460, 0x0460, 0x0460, 0x0460, 0x0460, 0x0460, 0x0460, 0x0460, 0x0460, 0x0460,
        0x0460, 0x0460, 0x0460, 0x0460, 0x0460, 0x0460, 0x0460, 0x0460, 0x0460, 0x0460, 0x0460, 0x0460, 0x1366, 0x1366, 0x0460, 0x0460,
        0x0460, 0x0460, 0x0460, 0x0460, 0x0460, 0x0460, 0x0460, 0x0460, 0x0460, 0x0460, 0x0460, 0x0460, 0x0460, 0x0460, 0x0460, 0x0460,
        0x0460, 0x0460, 0x0460, 0x0460, 0x0460, 0x0460, 0x0460, 0x0460, 0x0460, 0x0460, 0x0460, 0x0460, 0x0460, 0x0460, 0x0460, 0x0460,
        0x0460, 0x0460, 0x0460, 0x0460, 0x0460, 0x0460, 0x0460, 0x0460, 0x0460, 0x0460, 0x0460, 0x0460, 0x0460, 0x0460, 0x0460, 0x0460,
        0x0460, 0x0460, 0x0460, 0x0460, 0x0460, 0x0460, 0x0460, 0x0460, 0x0460, 0x0460, 0x0460, 0x0460, 0x0460, 0x0460, 0x0460, 0x0460,
        0x0460, 0x0460, 0x0460, 0x0460, 0x0460, 0x0460, 0x0460, 0x0460, 0x0460, 0x0460, 0x0460, 0x0460, 0x0460, 0x0460, 0x0460, 0x0460,
        0x046E, 0x046E, 0x046E, 0x1366, 0x1366, 0x1366, 0x1366, 0x1366, 0x1366, 0x1366, 0x1366, 0x046E, 0x046E, 0x1366, 0x046E, 0x1366,
        0x1366, 0x0460, 0x0460, 0x0460, 0x0460, 0x0460, 0x0460, 0x0460, 0x0460, 0x0460, 0x0460, 0x0460, 0x0460, 0x0460, 0x0460, 0x0460,
        0x0460, 0x0460, 0x0460, 0x0460, 0x0460, 0x0460, 0x0460, 0x0460, 0x0460, 0x0460, 0x0460, 0x0460, 0x0460, 0x0460, 0x0460, 0x0460,
        0x0460, 0x0460, 0x0460, 0x0460, 0x0460, 0x0460, 0x0460, 0x0460, 0x0460, 0x0460, 0x0460, 0x0460, 0x0460, 0x0460, 0x0460, 0x0460,
        0x0460, 0x0460, 0x0460, 0x0460, 0x0460, 0x0460, 0x0460, 0x0460, 0x0460, 0x0460, 0x0460, 0x0460, 0x0460, 0x0460, 0x0460, 0x0460,
        0x0460, 0x0460, 0x0460, 0x0460, 0x0460, 0x0460, 0x0460, 0x0460, 0x0460, 0x0460, 0x0460, 0x0460, 0x0460, 0x0460, 0x0460, 0x0460,
        0x0460, 0x0460, 0x0460, 0x0460, 0x0460, 0x0460, 0x0460, 0x0460, 0x0460, 0x0460, 0x0460, 0x0460, 0x0460, 0x0460, 0x0460, 0x0460,
        0x0460, 0x0460, 0x0460, 0x0460, 0x0460, 0x0460, 0x0460, 0x0460, 0x0460, 0x0460, 0x0460, 0x1366, 0x046E, 0x1366, 0x046E, 0x046E,
        0x1366, 0x1366, 0x1366, 0x1366, 0x1366, 0x1366, 0x0766, 0x1366, 0x0460, 0x0460, 0x0460, 0x0460, 0x0460, 0x0460, 0x0460, 0x0460,
        0x0460, 0x0460, 0x0460, 0x0460, 0x0460, 0x0460, 0x0460, 0x0460, 0x0460, 0x0460, 0x0460, 0x0460, 0x0460, 0x0460, 0x0460, 0x0460,
        0x0460, 0x0460, 0x0460, 0x0460, 0x0460, 0x0460, 0x0460, 0x0460, 0x0460, 0x0460, 0x0460, 0x0460, 0x0460, 0x0460, 0x0460, 0x0460,
        0x0460, 0x0460, 0x0460, 0x0460, 0x0460, 0x0460, 0x0460, 0x0460, 0x0460, 0x0460, 0x0460, 0x0460, 0x0460, 0x0460, 0x0460, 0x0460,
        0x0460, 0x0460, 0x0460, 0x0460, 0x0460, 0x0460, 0x0460, 0x0460, 0x0460, 0x0460, 0x0460, 0x0460, 0x0460, 0x0460, 0x0460, 0x0460,
        0x0460, 0x0460, 0x0460, 0x0460, 0x0460, 0x0460, 0x0460, 0x0460, 0x0460, 0x0460, 0x0460, 0x0460, 0x0460, 0x0460, 0x0460, 0x0460,
        0x0460, 0x0460, 0x0460, 0x0460, 0x0460, 0x0460, 0x0460, 0x0460, 0x0460, 0x0460, 0x0460, 0x0460, 0x0460, 0x1366, 0x046E, 0x1366,
        0x0460, 0x0460, 0x1366, 0x1366, 0x1366, 0x1366, 0x046E, 0x1366, 0x1366, 0x1366, 0x1366, 0x1366, 0x0460, 0x0460, 0x0460, 0x0460,
        0x0460, 0x0460, 0x0460, 0x0460, 0x0460, 0x0460, 0x0460, 0x0460, 0x0460, 0x0460, 0x0460, 0x0460, 0x0460, 0x0460, 0x0460, 0x0460,
        0x0460, 0x0460, 0x0460, 0x0460, 0x0460, 0x0460, 0x0460, 0x0460, 0x0460, 0x0460, 0x0460, 0x0460, 0x0460, 0x0460, 0x0460, 0x0460,
        0x0460, 0x0460, 0x0460, 0x0460, 0x0460, 0x0460, 0x0460, 0x0460, 0x0460, 0x0460, 0x0460, 0x0460, 0x0460, 0x0460, 0x0460, 0x0460,
        0x0460, 0x0460, 0x0460, 0x0460, 0x0460, 0x0460, 0x0460, 0x0460, 0x0460, 0x0460, 0x0460, 0x0460, 0x0460, 0x0460, 0x0460, 0x0460,
        0x0460, 0x0460, 0x0460, 0x0460, 0x0460, 0x0460, 0x0460, 0x0460, 0x0460, 0x0460, 0x0460, 0x0460, 0x0460, 0x0460, 0x0460, 0x0460,
        0x0460, 0x0460, 0x0460, 0x0460, 0x0460, 0x0460, 0x0460, 0x0460, 0x0460, 0x0460, 0x0460, 0x0460, 0x0460, 0x0460, 0x0460, 0x0460,
        0x0460, 0x0460, 0x0460, 0x0460, 0x0460, 0x0460, 0x0460, 0x0460, 0x0460, 0x0460, 0x0460, 0x0460, 0x0460, 0x0460, 0x0460, 0x0460,
        0x0460, 0x0460, 0x0460, 0x0460, 0x0460, 0x0460, 0x0460, 0x0460, 0x0460, 0x0460, 0x0460, 0x0460, 0x0460, 0x0460, 0x0460, 0x0460,
        0x0460, 0x0460, 0x0460, 0x0460, 0x0460, 0x0460, 0x0460, 0x0460, 0x0460, 0x0460, 0x0460, 0x0460, 0x0460, 0x0460, 0x0460, 0x0460,
        0x0460, 0x0460, 0x0460, 0x0460, 0x0460, 0x0460, 0x0460, 0x0460, 0x0460, 0x0460, 0x0460, 0x0460, 0x0460, 0x0460, 0x0460, 0x0460,
        0x0460, 0x0460, 0x0460, 0x0460, 0x0460, 0x0460, 0x0460, 0x0460, 0x0460, 0x0460, 0x0460, 0x0460, 0x0460, 0x0460, 0x0460, 0x0460,
        0x0460, 0x0460, 0x0460, 0x0460, 0x0460, 0x0460, 0x0460, 0x0460, 0x0460, 0x0460, 0x0460, 0x0460, 0x0460, 0x0460, 0x0460, 0x0460,
        0x0460, 0x0460, 0x0460, 0x0460, 0x0460, 0x0460, 0x0460, 0x0460, 0x0460, 0x0460, 0x0460, 0x0460, 0x0460, 0x0460, 0x0460, 0x0460,
        0x0460, 0x0460, 0x0460, 0x0460, 0x0460, 0x0460, 0x0460, 0x0460, 0x0460, 0x0460, 0x0460, 0x0460, 0x0460, 0x0460, 0x0460, 0x0460,
        0x0460, 0x0460, 0x0460, 0x0460, 0x0460, 0x0460, 0x0460, 0x0460, 0x0460, 0x0460, 0x0460, 0x0460, 0x0460, 0x0460, 0x0460, 0x0460,
        0x0460, 0x0460, 0x0460, 0x0460, 0x0460, 0x0460, 0x0460, 0x0460, 0x0460, 0x0460, 0x0460, 0x0460, 0x046E, 0x046E, 0x046E, 0x1366,
        0x1366, 0x1366, 0x1366, 0x1366, 0x1366, 0x1366, 0x1366, 0x1366, 0x046E, 0x1366, 0x1366, 0x0460, 0x0460, 0x0460, 0x0460, 0x0460,
        0x0460, 0x0460, 0x0460, 0x0460, 0x0460, 0x0460, 0x0460, 0x0460, 0x0460, 0x0460, 0x0460, 0x0460, 0x0460, 0x0460, 0x0460, 0x0460,
        0x0460, 0x0460, 0x0460, 0x0460, 0x0460, 0x0460, 0x0460, 0x0460, 0x0460, 0x0460, 0x0460, 0x0460, 0x0460, 0x0460, 0x0460, 0x0460,
        0x0460, 0x0460, 0x0460, 0x0460, 0x0460, 0x0460, 0x0460, 0x0460, 0x0460, 0x0460, 0x0460, 0x0460, 0x0460, 0x0460, 0x0460, 0x0460,
        0x0460, 0x0460, 0x0460, 0x0460, 0x0460, 0x0460, 0x0460, 0x0460, 0x0460, 0x0460, 0x0460, 0x0460, 0x0460, 0x0460, 0x0460, 0x0460,
        0x0460, 0x0460, 0x0460, 0x0460, 0x0460, 0x0460, 0x0460, 0x0460, 0x0460, 0x0460, 0x0460, 0x0460, 0x0460, 0x0460, 0x0460, 0x0460,
        0x0460, 0x0460, 0x0460, 0x0460, 0x0460, 0x0460, 0x0460, 0x0460, 0x0460, 0x0460, 0x0460, 0x0460, 0x0460, 0x0460, 0x0460, 0x0460,
        0x0460, 0x0460, 0x0460, 0x0460, 0x0460, 0x0460, 0x0460, 0x0460, 0x0460, 0x0460, 0x0460, 0x0460, 0x0460, 0x0460, 0x0460, 0x0460,
        0x0460, 0x0460, 0x0460, 0x0460, 0x0460, 0x0460, 0x0460, 0x0460, 0x0460, 0x0460, 0x0460, 0x0460, 0x0460, 0x0460, 0x0460, 0x0460,
        0x0460, 0x0460, 0x0460, 0x0460, 0x0460, 0x0460, 0x0460, 0x0460, 0x0460, 0x0460, 0x0460, 0x0460, 0x0460, 0x0460, 0x0460, 0x0460,
        0x0460, 0x0460, 0x0460, 0x0460, 0x0460, 0x0460, 0x0460, 0x0460, 0x0460, 0x0460, 0x0460, 0x0460, 0x0460, 0x0460, 0x0460, 0x0460,
        0x0460, 0x0460, 0x0460, 0x0460, 0x0460, 0x0460, 0x0460, 0x0460, 0x0460, 0x0460, 0x0460, 0x0460, 0x0460, 0x0460, 0x0460, 0x0460,
        0x0460, 0x0460, 0x0460, 0x0460, 0x0460, 0x0460, 0x0460, 0x0460, 0x0460, 0x0460, 0x0460, 0x0460, 0x0460, 0x0460, 0x0460, 0x0460,
        0x0660, 0x0660, 0x0660, 0x0660, 0x0660, 0x0660, 0x0660, 0x0460, 0x0460, 0x0660, 0x0460, 0x0460, 0x0660, 0x0660, 0x0660, 0x0660,
        0x0660, 0x0660, 0x0660, 0x0660, 0x0460, 0x0660, 0x0660, 0x0460, 0x0660, 0x0660, 0x0660, 0x0660, 0x0660, 0x0660, 0x0660, 0x0660,
        0x0660, 0x0660, 0x0660, 0x0660, 0x0660, 0x0660, 0x0660, 0x0660, 0x0660, 0x0660, 0x0660, 0x0660, 0x0660, 0x0660, 0x0660, 0x0660,
        0x0766, 0x046E, 0x046E, 0x046E, 0x046E, 0x046E, 0x0460, 0x046E, 0x046E, 0x0460, 0x0460, 0x1366, 0x1366, 0x0766, 0x1166, 0x146C,
        0x046E, 0x146C, 0x046E, 0x1366, 0x0460, 0x0460, 0x0460, 0x0460, 0x0460, 0x0460, 0x0460, 0x0460, 0x0460, 0x0460, 0x0460, 0x0460,
        0x0460, 0x0460, 0x0460, 0x0460, 0x0460, 0x0460, 0x0460, 0x0460, 0x0460, 0x0460, 0x0460, 0x0460, 0x0460, 0x0460, 0x0460, 0x0460,
        0x0460, 0x0460, 0x0460, 0x0460, 0x0460, 0x0460, 0x0460, 0x0460, 0x0460, 0x0460, 0x0460, 0x0460, 0x0460, 0x0460, 0x0460, 0x0460,
        0x0460, 0x0460, 0x0460, 0x0460, 0x0460, 0x0460, 0x0460, 0x0460, 0x0460, 0x0460, 0x0460, 0x0460, 0x0460, 0x0460, 0x0460, 0x0460,
        0x0460, 0x0460, 0x0460, 0x0460, 0x0460, 0x0460, 0x0460, 0x0460, 0x0460, 0x0460, 0x0460, 0x0460, 0x0460, 0x0460, 0x0460, 0x0460,
        0x0460, 0x0460, 0x0460, 0x0460, 0x0460, 0x0460, 0x0460, 0x0460, 0x0460, 0x0460, 0x0460, 0x0460, 0x0460, 0x0460, 0x0460, 0x0460,
        0x0460, 0x0460, 0x0460, 0x0460, 0x0460, 0x0460, 0x0460, 0x0460, 0x0460, 0x0460, 0x0460, 0x0460, 0x0460, 0x0460, 0x0460, 0x0460,
        0x0460, 0x0460, 0x0460, 0x0460, 0x0460, 0x0460, 0x0460, 0x0460, 0x0460, 0x0460, 0x0460, 0x0460, 0x0460, 0x0460, 0x0460, 0x0460,
        0x0460, 0x0460, 0x0460, 0x0460, 0x0460, 0x0460, 0x0460, 0x0460, 0x0460, 0x0460, 0x0460, 0x0460, 0x0460, 0x0460, 0x0460, 0x0460,
        0x0460, 0x046E, 0x046E, 0x046E, 0x1366, 0x1366, 0x1366, 0x1366, 0x0460, 0x0460, 0x1366, 0x1366, 0x046E, 0x046E, 0x046E, 0x046E,
        0x1366, 0x0460, 0x0460, 0x0460, 0x046E, 0x0460, 0x0460, 0x0460, 0x0460, 0x0460, 0x0460, 0x0460, 0x0460, 0x0460, 0x0460, 0x0460,
        0x0460, 0x0460, 0x0460, 0x0460, 0x0460, 0x0460, 0x0460, 0x0460, 0x0460, 0x0460, 0x0460, 0x0460, 0x0460, 0x0460, 0x0460, 0x0460,
        0x0660, 0x1366, 0x1366, 0x1366, 0x1366, 0x1366, 0x1366, 0x1366, 0x1366, 0x1366, 0x1366, 0x0660, 0x0660, 0x0660, 0x0660, 0x0660,
        0x0660, 0x0660, 0x0660, 0x0660, 0x0660, 0x0660, 0x0660, 0x0660, 0x0660, 0x0660, 0x0660, 0x0660, 0x0660, 0x0660, 0x0660, 0x0660,
        0x0660, 0x0660, 0x0660, 0x0660, 0x0660, 0x0660, 0x0660, 0x0660, 0x0660, 0x0660, 0x0660, 0x0660, 0x0660, 0x0660, 0x0660, 0x0660,
        0x0660, 0x0660, 0x0660, 0x1366, 0x1366, 0x1366, 0x1366, 0x1366, 0x1366, 0x046E, 0x0560, 0x1366, 0x1366, 0x1366, 0x1366, 0x0460,
        0x0460, 0x0460, 0x0460, 0x0460, 0x0460, 0x0460, 0x0460, 0x1166, 0x0460, 0x0460, 0x0460, 0x0460, 0x0460, 0x0460, 0x0460, 0x0460,
        0x0660, 0x1366, 0x1366, 0x1366, 0x1366, 0x1366, 0x1366, 0x046E, 0x046E, 0x1366, 0x1366, 0x1366, 0x0660, 0x0660, 0x0660, 0x0660,
        0x0660, 0x0660, 0x0660, 0x0660, 0x0660, 0x0660, 0x0660, 0x0660, 0x0660, 0x0660, 0x0660, 0x0660, 0x0660, 0x0660, 0x0660, 0x0660,
        0x0660, 0x0660, 0x0660, 0x0660, 0x0660, 0x0660, 0x0660, 0x0660, 0x0660, 0x0660, 0x0660, 0x0660, 0x0660, 0x0660, 0x0660, 0x0660,
        0x0660, 0x0660, 0x0660, 0x0660, 0x146C, 0x146C, 0x146C, 0x146C, 0x146C, 0x146C, 0x1366, 0x1366, 0x1366, 0x1366, 0x1366, 0x1366,
        0x1366, 0x1366, 0x1366, 0x1366, 0x1366, 0x1366, 0x1366, 0x046E, 0x1366, 0x1166, 0x0460, 0x0460, 0x0460, 0x0460, 0x0460, 0x0460,
        0x0460, 0x0460, 0x0460, 0x0460, 0x0460, 0x0460, 0x0460, 0x0460, 0x0460, 0x0460, 0x0460, 0x0460, 0x0460, 0x0460, 0x0460, 0x0460,
        0x0460, 0x0460, 0x0460, 0x0460, 0x0460, 0x0460, 0x0460, 0x0460, 0x0460, 0x0460, 0x0460, 0x0460, 0x0460, 0x0460, 0x0460, 0x0460,
        0x0460, 0x0460, 0x0460, 0x0460, 0x0460, 0x0460, 0x0460, 0x0460, 0x0460, 0x0460, 0x0460, 0x0460, 0x0460, 0x0460, 0x0460, 0x0460,
        0x0460, 0x0460, 0x0460, 0x0460, 0x0460, 0x0460, 0x0460, 0x0460, 0x0460, 0x0460, 0x0460, 0x0460, 0x0460, 0x0460, 0x0460, 0x0460,
        0x0460, 0x0460, 0x0460, 0x0460, 0x0460, 0x0460, 0x0460, 0x0460, 0x0460, 0x0460, 0x0460, 0x0460, 0x0460, 0x0460, 0x0460, 0x0460,
        0x0460, 0x0460, 0x0460, 0x0460, 0x0460, 0x0460, 0x0460, 0x0460, 0x0460, 0x0460, 0x0460, 0x0460, 0x0460, 0x0460, 0x0460, 0x0460,
        0x0460, 0x0460, 0x0460, 0x0460, 0x0460, 0x0460, 0x0460, 0x0460, 0x0460, 0x0460, 0x0660, 0x0460, 0x0460, 0x0460, 0x0460, 0x0460,
        0x0460, 0x0460, 0x0460, 0x0460, 0x0460, 0x0460, 0x0460, 0x0460, 0x0460, 0x0460, 0x0460, 0x0460, 0x0460, 0x0460, 0x0460, 0x0460,
        0x0460, 0x0460, 0x0460, 0x0460, 0x0460, 0x0460, 0x0460, 0x0460, 0x0460, 0x0460, 0x0460, 0x0460, 0x0460, 0x0460, 0x0460, 0x0460,
        0x0460, 0x0460, 0x0460, 0x0460, 0x0460, 0x0460, 0x0460, 0x0460, 0x0460, 0x0460, 0x0460, 0x0460, 0x0460, 0x0460, 0x0460, 0x0460,
        0x0460, 0x0460, 0x0460, 0x0460, 0x0460, 0x0460, 0x0460, 0x0460, 0x0460, 0x0460, 0x0460, 0x0460, 0x0460, 0x0460, 0x0460, 0x0460,
        0x0460, 0x0460, 0x0460, 0x0460, 0x0460, 0x0460, 0x0460, 0x0460, 0x0460, 0x0460, 0x0460, 0x0460, 0x0460, 0x0460, 0x0460, 0x0460,
        0x1366, 0x046E, 0x1366, 0x1366, 0x1366, 0x046E, 0x1366, 0x046E, 0x0460, 0x0460, 0x0460, 0x0460, 0x0460, 0x0460, 0x0460, 0x0460,
        0x0460, 0x0460, 0x0460, 0x0460, 0x0460, 0x0460, 0x0460, 0x0460, 0x0460, 0x0460, 0x0460, 0x0460, 0x0460, 0x0460, 0x0460, 0x0460,
        0x0460, 0x0460, 0x0460, 0x0460, 0x0460, 0x0460, 0x0460, 0x0460, 0x0460, 0x0460, 0x0460, 0x0460, 0x0460, 0x0460, 0x0460, 0x0460,
        0x0460, 0x0460, 0x0460, 0x0460, 0x0460, 0x0460, 0x0460, 0x0460, 0x0460, 0x0460, 0x0460, 0x0460, 0x0460, 0x0460, 0x0460, 0x0460,
        0x0460, 0x0460, 0x0460, 0x0460, 0x0460, 0x0460, 0x0460, 0x0460, 0x0460, 0x0460, 0x0460, 0x0460, 0x0460, 0x0460, 0x0460, 0x0460,
        0x0460, 0x0460, 0x0460, 0x0460, 0x0460, 0x0460, 0x0460, 0x0460, 0x0460, 0x0460, 0x0460, 0x0460, 0x0460, 0x0460, 0x0460, 0x0460,
        0x0460, 0x0460, 0x0460, 0x0460, 0x0460, 0x0460, 0x0460, 0x0460, 0x0460, 0x0460, 0x0460, 0x0460, 0x0460, 0x0460, 0x0460, 0x0460,
        0x0460, 0x0460, 0x0460, 0x0460, 0x0460, 0x0460, 0x0460, 0x0460, 0x0460, 0x0460, 0x0460, 0x0460, 0x0460, 0x0460, 0x0460, 0x0460,
        0x0460, 0x0460, 0x0460, 0x0460, 0x0460, 0x0460, 0x0460, 0x0460, 0x0460, 0x0460, 0x0460, 0x0460, 0x0460, 0x0460, 0x0460, 0x0460,
        0x0460, 0x0460, 0x0460, 0x0460, 0x0460, 0x0460, 0x0460, 0x0460, 0x0460, 0x0460, 0x0460, 0x0460, 0x0460, 0x0460, 0x0460, 0x0460,
        0x0460, 0x0460, 0x0460, 0x0460, 0x0460, 0x0460, 0x0460, 0x0460, 0x0460, 0x0460, 0x0460, 0x0460, 0x0460, 0x0460, 0x0460, 0x0460,
        0x0460, 0x0460, 0x0460, 0x0460, 0x0460, 0x0460, 0x0460, 0x0460, 0x0460, 0x0460, 0x0460, 0x0460, 0x0460, 0x0460, 0x0460, 0x0460,
        0x0460, 0x0460, 0x0460, 0x0460, 0x0460, 0x0460, 0x0460, 0x0460, 0x0460, 0x0460, 0x0460, 0x0460, 0x0460, 0x0460, 0x0460, 0x046E,
        0x1366, 0x1366, 0x1366, 0x1366, 0x1366, 0x1366, 0x1366, 0x0460, 0x1366, 0x1366, 0x1366, 0x1366, 0x1366, 0x1366, 0x046E, 0x1366,
        0x0460, 0x0460, 0x0460, 0x0460, 0x0460, 0x0460, 0x0460, 0x0460, 0x0460, 0x0460, 0x0460, 0x0460, 0x0460, 0x0460, 0x0460, 0x0460,
        0x0460, 0x0460, 0x0460, 0x0460, 0x0460, 0x0460, 0x0460, 0x0460, 0x0460, 0x0460, 0x0460, 0x0460, 0x0460, 0x0460, 0x0460, 0x0460,
        0x0460, 0x0460, 0x0460, 0x0460, 0x0460, 0x0460, 0x0460, 0x0460, 0x0460, 0x0460, 0x0460, 0x0460, 0x0460, 0x0460, 0x0460, 0x0460,
        0x0460, 0x0460, 0x0460, 0x0460, 0x0460, 0x0460, 0x0460, 0x0460, 0x0460, 0x0460, 0x0460, 0x0460, 0x0460, 0x0460, 0x0460, 0x0460,
        0x0460, 0x0460, 0x0460, 0x0460, 0x0460, 0x0460, 0x0460, 0x0460, 0x0460, 0x0460, 0x0460, 0x0460, 0x0460, 0x0460, 0x0460, 0x0460,
        0x0460, 0x0460, 0x1366, 0x1366, 0x1366, 0x1366, 0x1366, 0x1366, 0x1366, 0x1366, 0x1366, 0x1366, 0x1366, 0x1366, 0x1366, 0x1366,
        0x1366, 0x1366, 0x1366, 0x1366, 0x1366, 0x1366, 0x1366, 0x1366, 0x0460, 0x046E, 0x1366, 0x1366, 0x1366, 0x1366, 0x1366, 0x1366,
        0x1366, 0x046E, 0x1366, 0x1366, 0x046E, 0x1366, 0x1366, 0x0460, 0x0460, 0x0460, 0x0460, 0x0460, 0x0460, 0x0460, 0x0460, 0x0460,
        0x0460, 0x0460, 0x0460, 0x0460, 0x0460, 0x0460, 0x0460, 0x0460, 0x0460, 0x0460, 0x0460, 0x0460, 0x0460, 0x0460, 0x0460, 0x0460,
        0x0460, 0x0460, 0x0460, 0x0460, 0x0460, 0x0460, 0x0460, 0x0460, 0x0460, 0x0460, 0x0460, 0x0460, 0x0460, 0x0460, 0x0460, 0x0460,
        0x0460, 0x0460, 0x0460, 0x0460, 0x0460, 0x0460, 0x0460, 0x0460, 0x0460, 0x0460, 0x0460, 0x0460, 0x0460, 0x0460, 0x0460, 0x0460,
        0x0460, 0x0460, 0x0460, 0x0460, 0x0460, 0x0460, 0x0460, 0x0460, 0x0460, 0x0460, 0x0460, 0x0460, 0x0460, 0x0460, 0x0460, 0x0460,
        0x0460, 0x0460, 0x0460, 0x0460, 0x0460, 0x0460, 0x0460, 0x0460, 0x0460, 0x0460, 0x0460, 0x0460, 0x0460, 0x0460, 0x0460, 0x0460,
        0x0460, 0x0460, 0x0460, 0x0460, 0x0460, 0x0460, 0x0460, 0x0460, 0x0460, 0x0460, 0x0460, 0x0460, 0x0460, 0x0460, 0x0460, 0x0460,
        0x0460, 0x0460, 0x0460, 0x0460, 0x0460, 0x0460, 0x0460, 0x0460, 0x0460, 0x0460, 0x0460, 0x0460, 0x0460, 0x0460, 0x0460, 0x0460,
        0x0460, 0x1366, 0x1366, 0x1366, 0x1366, 0x1366, 0x1366, 0x0460, 0x0460, 0x0460, 0x1366, 0x0460, 0x1366, 0x1366, 0x0460, 0x1366,
        0x1366, 0x1366, 0x1366, 0x1366, 0x1366, 0x1366, 0x146C, 0x1366, 0x0460, 0x0460, 0x0460, 0x0460, 0x0460, 0x0460, 0x0460, 0x0460,
        0x0460, 0x0460, 0x0460, 0x0460, 0x0460, 0x0460, 0x0460, 0x0460, 0x0460, 0x0460, 0x0460, 0x0460, 0x0460, 0x0460, 0x0460, 0x0460,
        0x0460, 0x0460, 0x0460, 0x0460, 0x0460, 0x0460, 0x0460, 0x0460, 0x0460, 0x0460, 0x0460, 0x0460, 0x0460, 0x0460, 0x0460, 0x0460,
        0x0460, 0x0460, 0x0460, 0x0460, 0x0460, 0x0460, 0x0460, 0x0460, 0x0460, 0x0460, 0x0460, 0x0460, 0x0460, 0x0460, 0x0460, 0x0460,
        0x0460, 0x0460, 0x0460, 0x0460, 0x0460, 0x0460, 0x0460, 0x0460, 0x0460, 0x0460, 0x046E, 0x046E, 0x046E, 0x046E, 0x046E, 0x0460,
        0x1366, 0x1366, 0x0460, 0x046E, 0x046E, 0x1366, 0x046E, 0x1366, 0x0460, 0x0460, 0x0460, 0x0460, 0x0460, 0x0460, 0x0460, 0x0460,
        0x0460, 0x0460, 0x0460, 0x0460, 0x0460, 0x0460, 0x0460, 0x0460, 0x0460, 0x0460, 0x0460, 0x0460, 0x0460, 0x0460, 0x0460, 0x0460,
        0x0460, 0x0460, 0x0460, 0x0460, 0x0460, 0x0460, 0x0460, 0x0460, 0x0460, 0x0460, 0x0460, 0x0460, 0x0460, 0x0460, 0x0460, 0x0460,
        0x0460, 0x0460, 0x0460, 0x0460, 0x0460, 0x0460, 0x0460, 0x0460, 0x0460, 0x0460, 0x0460, 0x0460, 0x0460, 0x0460, 0x0460, 0x0460,
        0x0460, 0x0460, 0x0460, 0x0460, 0x0460, 0x0460, 0x0460, 0x0460, 0x0460, 0x0460, 0x0460, 0x0460, 0x0460, 0x0460, 0x0460, 0x0460,
        0x0460, 0x0460, 0x0460, 0x0460, 0x0460, 0x0460, 0x0460, 0x0460, 0x0460, 0x0460, 0x0460, 0x0460, 0x0460, 0x0460, 0x0460, 0x0460,
        0x1366, 0x0660, 0x0460, 0x0460, 0x0460, 0x0460, 0x0460, 0x0460, 0x0460, 0x0460, 0x0460, 0x0460, 0x0460, 0x0460, 0x0460, 0x0460,
        0x0460, 0x0460, 0x0460, 0x0460, 0x0460, 0x0460, 0x0460, 0x0460, 0x0460, 0x0460, 0x0460, 0x0460, 0x0460, 0x0460, 0x0460, 0x0460,
        0x0460, 0x0460, 0x0460, 0x0460, 0x0460, 0x0460, 0x0460, 0x0460, 0x0460, 0x0460, 0x0460, 0x0460, 0x0460, 0x0460, 0x0460, 0x0460,
        0x0460, 0x0460, 0x0460, 0x0460, 0x0460, 0x0460, 0x0460, 0x0460, 0x0460, 0x0460, 0x0460, 0x0460, 0x0460, 0x0460, 0x0460, 0x0460,
        0x0460, 0x0460, 0x0460, 0x0460, 0x0460, 0x0460, 0x0460, 0x0460, 0x0460, 0x0460, 0x0460, 0x0460, 0x0460, 0x0460, 0x0460, 0x0460,
        0x0460, 0x0460, 0x0460, 0x0460, 0x0460, 0x0460, 0x0460, 0x0460, 0x0460, 0x0460, 0x0460, 0x0460, 0x0460, 0x0460, 0x0460, 0x0460,
        0x0460, 0x0460, 0x0460, 0x0460, 0x0460, 0x0460, 0x0460, 0x0460, 0x0460, 0x0460, 0x0460, 0x0460, 0x0460, 0x0460, 0x0460, 0x0460,
        0x0460, 0x0460, 0x0460, 0x0460, 0x0460, 0x0460, 0x0460, 0x0460, 0x0460, 0x0460, 0x0460, 0x0460, 0x0460, 0x0460, 0x0460, 0x0460,
        0x0460, 0x0460, 0x0460, 0x0460, 0x0460, 0x0460, 0x0460, 0x0460, 0x0460, 0x0460, 0x0460, 0x0460, 0x0460, 0x0460, 0x0460, 0x0460,
        0x0460, 0x0460, 0x0460, 0x0460, 0x0460, 0x0460, 0x0460, 0x0460, 0x0460, 0x0460, 0x0460, 0x0460, 0x0460, 0x0460, 0x0460, 0x0460,
        0x0460, 0x0460, 0x0460, 0x0460, 0x0460, 0x0460, 0x0460, 0x0460, 0x0460, 0x0460, 0x0460, 0x0460, 0x0460, 0x0460, 0x0460, 0x0460,
        0x0460, 0x0460, 0x0460, 0x0460, 0x0460, 0x0460, 0x0460, 0x0460, 0x0460, 0x0460, 0x0460, 0x0460, 0x0460, 0x0460, 0x0460, 0x0460,
        0x0460, 0x0460, 0x0460, 0x0460, 0x0460, 0x0460, 0x0460, 0x0460, 0x0460, 0x0460, 0x0460, 0x0460, 0x0460, 0x0460, 0x0460, 0x0460,
        0x0460, 0x0460, 0x0460, 0x0460, 0x0460, 0x0460, 0x0460, 0x0460, 0x0460, 0x0460, 0x0460, 0x0460, 0x0460, 0x0460, 0x0460, 0x0460,
        0x0460, 0x0460, 0x0460, 0x0460, 0x0460, 0x0460, 0x0460, 0x0460, 0x0460, 0x0460, 0x0460, 0x0460, 0x0460, 0x0460, 0x0460, 0x0460,
        0x0460, 0x0460, 0x0460, 0x0460, 0x0460, 0x0460, 0x0460, 0x0460, 0x0460, 0x0460, 0x0460, 0x0460, 0x0460, 0x0460, 0x0460, 0x0460,
        0x0460, 0x0460, 0x0460, 0x1366, 0x1366, 0x046E, 0x046E, 0x0460, 0x0460, 0x0460, 0x0460, 0x0460, 0x0460, 0x0460, 0x0460, 0x0460,
        0x1366, 0x1366, 0x146C, 0x046E, 0x0660, 0x0660, 0x0660, 0x0660, 0x0660, 0x0660, 0x0660, 0x0660, 0x0660, 0x0660, 0x0660, 0x0660,
        0x0660, 0x0460, 0x0660, 0x0660, 0x0660, 0x0660, 0x0660, 0x0660, 0x0660, 0x0660, 0x0660, 0x0660, 0x0660, 0x0660, 0x0660, 0x0660,
        0x0660, 0x0660, 0x0660, 0x0660, 0x0660, 0x0660, 0x0660, 0x0660, 0x0660, 0x0660, 0x0660, 0x0660, 0x0660, 0x0660, 0x0660, 0x0660,
        0x0660, 0x0660, 0x0660, 0x0660, 0x046E, 0x046E, 0x1366, 0x1366, 0x1366, 0x1366, 0x1366, 0x0460, 0x0460, 0x0460, 0x046E, 0x046E,
        0x1366, 0x0766, 0x1166, 0x0460, 0x0460, 0x0460, 0x0460, 0x0460, 0x0460, 0x0460, 0x0460, 0x0460, 0x0460, 0x0460, 0x0460, 0x0460,
        0x0460, 0x0460, 0x0460, 0x0460, 0x0460, 0x0460, 0x0460, 0x0460, 0x0460, 0x0460, 0x1366, 0x0460, 0x0460, 0x0460, 0x0460, 0x0460,
        0x0460, 0x0460, 0x0460, 0x0460, 0x0460, 0x0460, 0x0460, 0x0460, 0x0460, 0x0460, 0x0460, 0x0460, 0x0460, 0x0460, 0x0460, 0x0460,
        0x0460, 0x0460, 0x0460, 0x0460, 0x0460, 0x0460, 0x0460, 0x0460, 0x0460, 0x0460, 0x0460, 0x0460, 0x0460, 0x0460, 0x0460, 0x0460,
        0x0460, 0x0460, 0x0460, 0x0460, 0x0460, 0x0460, 0x0460, 0x0460, 0x0460, 0x0460, 0x0460, 0x0460, 0x0460, 0x0460, 0x0460, 0x0460,
        0x0460, 0x0460, 0x0460, 0x0460, 0x0460, 0x0460, 0x0460, 0x0460, 0x0460, 0x0460, 0x0460, 0x0460, 0x0460, 0x0460, 0x0460, 0x0460,
        0x0460, 0x0460, 0x0460, 0x0460, 0x0460, 0x0460, 0x0460, 0x0460, 0x0460, 0x0460, 0x0460, 0x0460, 0x0460, 0x0460, 0x0460, 0x0460,
        0x0460, 0x0460, 0x0460, 0x0460, 0x0460, 0x0460, 0x0460, 0x0460, 0x0460, 0x0460, 0x0460, 0x0460, 0x0460, 0x0460, 0x0460, 0x0460,
        0x0460, 0x0460, 0x0460, 0x0460, 0x0460, 0x0460, 0x0460, 0x0460, 0x0460, 0x0460, 0x0460, 0x0460, 0x0460, 0x0460, 0x0460, 0x0460,
        0x0460, 0x0460, 0x0460, 0x0460, 0x0460, 0x0460, 0x0460, 0x0460, 0x0460, 0x0460, 0x0460, 0x0460, 0x0460, 0x0460, 0x0460, 0x0460,
        0x0460, 0x0460, 0x0460, 0x0460, 0x0460, 0x0460, 0x0460, 0x0460, 0x0460, 0x0460, 0x0460, 0x0460, 0x0460, 0x0460, 0x0460, 0x0460,
        0x0460, 0x0460, 0x0460, 0x0460, 0x0460, 0x0460, 0x0460, 0x0460, 0x0460, 0x0460, 0x0460, 0x0460, 0x0460, 0x0460, 0x0460, 0x0460,
        0x0460, 0x0460, 0x0460, 0x0460, 0x0460, 0x0460, 0x0460, 0x0460, 0x0460, 0x0460, 0x0460, 0x0460, 0x0460, 0x0460, 0x0460, 0x0460,
        0x0460, 0x0460, 0x0460, 0x0460, 0x0460, 0x0460, 0x0460, 0x0460, 0x0460, 0x0460, 0x0460, 0x0460, 0x0460, 0x0460, 0x0460, 0x0460,
        0x0460, 0x0460, 0x0460, 0x0460, 0x0460, 0x0460, 0x0460, 0x0460, 0x0460, 0x0460, 0x0460, 0x0460, 0x0460, 0x0460, 0x0460, 0x0460,
        0x0461, 0x0461, 0x0461, 0x0461, 0x0461, 0x0461, 0x0461, 0x0461, 0x0461, 0x0461, 0x0461, 0x0461, 0x0461, 0x0461, 0x0461, 0x0461,
        0x1366, 0x0460, 0x0460, 0x0460, 0x0460, 0x0460, 0x0460, 0x1366, 0x1366, 0x1366, 0x1366, 0x1366, 0x1366, 0x1366, 0x1366, 0x1366,
        0x1366, 0x1366, 0x1366, 0x1366, 0x1366, 0x1366, 0x0460, 0x0460, 0x0460, 0x0460, 0x0460, 0x0460, 0x0460, 0x0460, 0x0460, 0x0460,
        0x0460, 0x0460, 0x0460, 0x0460, 0x0460, 0x0460, 0x0460, 0x0460, 0x0460, 0x0460, 0x0460, 0x0460, 0x0460, 0x0460, 0x0460, 0x0460,
        0x0460, 0x0460, 0x0460, 0x0460, 0x0460, 0x0460, 0x0460, 0x0460, 0x0460, 0x0460, 0x0460, 0x0460, 0x0460, 0x0460, 0x0460, 0x0460,
        0x0460, 0x0460, 0x0460, 0x0460, 0x0460, 0x0460, 0x0460, 0x0460, 0x0460, 0x0460, 0x0460, 0x0460, 0x0460, 0x0460, 0x0460, 0x0460,
        0x0460, 0x0460, 0x0460, 0x0460, 0x0460, 0x0460, 0x0460, 0x0460, 0x0460, 0x0460, 0x0460, 0x0460, 0x0460, 0x0460, 0x0460, 0x0460,
        0x0460, 0x0460, 0x0460, 0x0460, 0x0460, 0x0460, 0x0460, 0x0460, 0x0460, 0x0460, 0x0460, 0x0460, 0x0460, 0x0460, 0x0460, 0x0460,
        0x0460, 0x0460, 0x0460, 0x0460, 0x0460, 0x0460, 0x0460, 0x0460, 0x0460, 0x0460, 0x0460, 0x0460, 0x0460, 0x0460, 0x0460, 0x0460,
        0x0460, 0x0460, 0x0460, 0x0460, 0x0460, 0x0460, 0x0460, 0x0460, 0x0460, 0x0460, 0x0460, 0x0460, 0x0460, 0x0460, 0x0460, 0x0460,
        0x0460, 0x0460, 0x0460, 0x0460, 0x0460, 0x0460, 0x0460, 0x0460, 0x0460, 0x0460, 0x0460, 0x0460, 0x0460, 0x0460, 0x0460, 0x0460,
        0x0460, 0x0460, 0x0460, 0x0460, 0x0460, 0x0460, 0x0460, 0x0460, 0x0460, 0x0460, 0x0460, 0x0460, 0x0460, 0x0460, 0x0460, 0x0460,
        0x0460, 0x0460, 0x0460, 0x0460, 0x0460, 0x0460, 0x0460, 0x0460, 0x0460, 0x0460, 0x0460, 0x0460, 0x0460, 0x0460, 0x0460, 0x0460,
        0x0460, 0x0460, 0x0460, 0x0460, 0x0460, 0x0460, 0x0460, 0x0460, 0x0460, 0x0460, 0x0460, 0x0460, 0x0460, 0x0460, 0x0460, 0x0460,
        0x0460, 0x0460, 0x0460, 0x0460, 0x0460, 0x0460, 0x0460, 0x0460, 0x0460, 0x0460, 0x0460, 0x0460, 0x0460, 0x0460, 0x1366, 0x1366,
        0x1366, 0x1366, 0x1366, 0x1366, 0x1366, 0x1366, 0x1366, 0x1366, 0x1366, 0x1366, 0x046E, 0x046E, 0x046E, 0x1366, 0x1366, 0x1366,
        0x0460, 0x0460, 0x0460, 0x0460, 0x0460, 0x0460, 0x0460, 0x0460, 0x0460, 0x0460, 0x0460, 0x0460, 0x0460, 0x0460, 0x0460, 0x0460,
        0x0460, 0x0460, 0x0460, 0x0460, 0x0460, 0x0460, 0x0460, 0x0460, 0x0460, 0x0460, 0x0460, 0x0460, 0x0460, 0x0460, 0x0460, 0x0460,
        0x0460, 0x0460, 0x0460, 0x0460, 0x0460, 0x0460, 0x0460, 0x0460, 0x0460, 0x0460, 0x0460, 0x0460, 0x0460, 0x0460, 0x0460, 0x0460,
        0x0460, 0x0460, 0x0460, 0x0460, 0x0460, 0x0460, 0x0460, 0x0460, 0x0460, 0x0460, 0x0460, 0x0460, 0x0460, 0x0460, 0x0460, 0x0460,
        0x0460, 0x0460, 0x0460, 0x0460, 0x0460, 0x0460, 0x0460, 0x0460, 0x0460, 0x0460, 0x0460, 0x0460, 0x0460, 0x0460, 0x0460, 0x0460,
        0x0460, 0x0460, 0x0460, 0x0460, 0x0460, 0x0460, 0x0460, 0x0460, 0x0460, 0x0460, 0x0460, 0x0460, 0x0460, 0x0460, 0x0460, 0x0460,
        0x0460, 0x0460, 0x0460, 0x0460, 0x0460, 0x0460, 0x0460, 0x0460, 0x0460, 0x0460, 0x0460, 0x0460, 0x0460, 0x0460, 0x0460, 0x0460,
        0x0460, 0x0460, 0x0460, 0x0460, 0x0460, 0x0460, 0x0460, 0x0460, 0x0460, 0x0460, 0x0460, 0x0460, 0x0460, 0x0460, 0x0460, 0x0460,
        0x0460, 0x0460, 0x0460, 0x0460, 0x0460, 0x0460, 0x0460, 0x0460, 0x0460, 0x0460, 0x0460, 0x0460, 0x0460, 0x0460, 0x0460, 0x0460,
        0x0460, 0x0460, 0x0460, 0x0460, 0x0460, 0x0460, 0x0460, 0x0460, 0x0460, 0x0460, 0x0460, 0x0460, 0x0460, 0x0460, 0x0460, 0x0460,
        0x0460, 0x0460, 0x0460, 0x0460, 0x0460, 0x0460, 0x0460, 0x0460, 0x0460, 0x0460, 0x0460, 0x0460, 0x0460, 0x0460, 0x0460, 0x0460,
        0x0460, 0x0460, 0x0460, 0x0460, 0x0460, 0x0460, 0x0460, 0x0460, 0x0460, 0x0460, 0x0460, 0x0460, 0x0460, 0x0460, 0x0460, 0x0460,
        0x0460, 0x0460, 0x0460, 0x0460, 0x0460, 0x0460, 0x0460, 0x0460, 0x0460, 0x0460, 0x0460, 0x0460, 0x0460, 0x0460, 0x0460, 0x0460,
        0x0460, 0x0460, 0x0460, 0x0460, 0x0460, 0x0460, 0x0460, 0x0460, 0x0460, 0x0460, 0x0460, 0x0460, 0x0460, 0x0460, 0x0460, 0x0460,
        0x0460, 0x0460, 0x0460, 0x0460, 0x0460, 0x0460, 0x0460, 0x0460, 0x0460, 0x0460, 0x0460, 0x0460, 0x0460, 0x0460, 0x0460, 0x0460,
        0x0460, 0x0460, 0x0460, 0x0460, 0x0460, 0x0460, 0x0460, 0x0460, 0x0460, 0x0460, 0x0460, 0x0460, 0x0460, 0x0460, 0x0460, 0x0460,
        0x0460, 0x0460, 0x0460, 0x0460, 0x0460, 0x0460, 0x0460, 0x0460, 0x0460, 0x0460, 0x0460, 0x0460, 0x0460, 0x0460, 0x0460, 0x0460,
        0x0460, 0x0460, 0x0460, 0x0460, 0x0460, 0x0460, 0x0460, 0x0460, 0x0460, 0x0460, 0x0460, 0x0460, 0x0460, 0x0460, 0x0460, 0x0460,
        0x0460, 0x0460, 0x0460, 0x0460, 0x0460, 0x0460, 0x0460, 0x0460, 0x0460, 0x0460, 0x0460, 0x0460, 0x0460, 0x0460, 0x0460, 0x0460,
        0x0460, 0x0460, 0x0460, 0x0460, 0x0460, 0x0460, 0x0460, 0x0460, 0x0460, 0x0460, 0x0460, 0x0460, 0x0460, 0x0460, 0x0460, 0x0460,
        0x0460, 0x0460, 0x0460, 0x0460, 0x0460, 0x0460, 0x0460, 0x0460, 0x0460, 0x0460, 0x0460, 0x0460, 0x0460, 0x0460, 0x0460, 0x0460,
        0x0460, 0x0460, 0x0460, 0x0460, 0x0460, 0x0460, 0x0460, 0x0460, 0x0460, 0x0460, 0x0460, 0x0460, 0x0460, 0x0460, 0x0460, 0x0460,
        0x0460, 0x0460, 0x0460, 0x0460, 0x0460, 0x0460, 0x0460, 0x0460, 0x0460, 0x0460, 0x0460, 0x0460, 0x0460, 0x0460, 0x0460, 0x0460,
        0x0460, 0x0460, 0x0460, 0x0460, 0x0460, 0x0460, 0x0460, 0x0460, 0x0460, 0x0460, 0x0460, 0x0460, 0x0460, 0x0460, 0x0460, 0x0460,
        0x0460, 0x0460, 0x0460, 0x0460, 0x0460, 0x0460, 0x0460, 0x0460, 0x0460, 0x0460, 0x0460, 0x0460, 0x0460, 0x0460, 0x0460, 0x0460,
        0x0460, 0x0460, 0x0460, 0x0460, 0x0460, 0x0460, 0x0460, 0x0460, 0x0460, 0x0460, 0x0460, 0x0460, 0x0460, 0x0460, 0x0460, 0x0460,
        0x0460, 0x0460, 0x0460, 0x0460, 0x0460, 0x0460, 0x0460, 0x0460, 0x0460, 0x0460, 0x0460, 0x0460, 0x0460, 0x0460, 0x0460, 0x0460,
        0x0460, 0x0460, 0x0460, 0x0460, 0x0460, 0x0460, 0x0460, 0x0460, 0x0460, 0x0460, 0x0460, 0x0460, 0x0460, 0x0460, 0x0460, 0x0460,
        0x1366, 0x1366, 0x1366, 0x1366, 0x1366, 0x0460, 0x0460, 0x0460, 0x0460, 0x0460, 0x0460, 0x0460, 0x0460, 0x0460, 0x0460, 0x0460,
        0x0460, 0x0460, 0x0460, 0x0460, 0x0460, 0x0460, 0x0460, 0x0460, 0x0460, 0x0460, 0x0460, 0x0460, 0x0460, 0x0460, 0x0460, 0x0460,
        0x0460, 0x0460, 0x0460, 0x0460, 0x0460, 0x0460, 0x0460, 0x0460, 0x0460, 0x0460, 0x0460, 0x0460, 0x0460, 0x0460, 0x0460, 0x0460,
        0x0460, 0x0460, 0x0460, 0x0460, 0x0460, 0x0460, 0x0460, 0x0460, 0x0460, 0x0460, 0x0460, 0x0460, 0x0460, 0x0460, 0x0460, 0x0460,
        0x1366, 0x1366, 0x1366, 0x1366, 0x1366, 0x1366, 0x1366, 0x0460, 0x0460, 0x0460, 0x0460, 0x0460, 0x0460, 0x0460, 0x0460, 0x0460,
        0x0460, 0x0460, 0x0460, 0x0460, 0x0460, 0x0460, 0x0460, 0x0460, 0x0460, 0x0460, 0x0460, 0x0460, 0x0460, 0x0460, 0x0460, 0x0460,
        0x0460, 0x0460, 0x0460, 0x0460, 0x0460, 0x0460, 0x0460, 0x0460, 0x0460, 0x0460, 0x0460, 0x0460, 0x0460, 0x0460, 0x0460, 0x0460,
        0x0460, 0x0460, 0x0460, 0x0460, 0x0460, 0x0460, 0x0460, 0x0460, 0x0460, 0x0460, 0x0460, 0x0460, 0x0460, 0x0460, 0x0460, 0x0460,
        0x0460, 0x0460, 0x0460, 0x0460, 0x0460, 0x0460, 0x0460, 0x0460, 0x0460, 0x0460, 0x0460, 0x0460, 0x0460, 0x0460, 0x0460, 0x0460,
        0x0460, 0x0460, 0x0460, 0x0460, 0x0460, 0x0460, 0x0460, 0x0460, 0x0460, 0x0460, 0x0460, 0x0460, 0x0460, 0x0460, 0x0460, 0x0460,
        0x0460, 0x0460, 0x0460, 0x0460, 0x0460, 0x0460, 0x0460, 0x0460, 0x0460, 0x0460, 0x0460, 0x0460, 0x0460, 0x0460, 0x0460, 0x0460,
        0x0460, 0x0460, 0x0460, 0x0460, 0x0460, 0x0460, 0x0460, 0x0460, 0x0460, 0x0460, 0x0460, 0x0460, 0x0460, 0x0460, 0x0460, 0x0460,
        0x0460, 0x0460, 0x0460, 0x0460, 0x0460, 0x0460, 0x0460, 0x0460, 0x0460, 0x0460, 0x0460, 0x0460, 0x0460, 0x0460, 0x0460, 0x0460,
        0x0460, 0x0460, 0x0460, 0x0460, 0x0460, 0x0460, 0x0460, 0x0460, 0x0460, 0x0460, 0x0460, 0x0460, 0x0460, 0x0460, 0x0460, 0x0460,
        0x0460, 0x0460, 0x0460, 0x0460, 0x0460, 0x0460, 0x0460, 0x0460, 0x0460, 0x0460, 0x0460, 0x0460, 0x0460, 0x0460, 0x0460, 0x0460,
        0x0460, 0x0460, 0x0460, 0x0460, 0x0460, 0x0460, 0x0460, 0x0460, 0x0460, 0x0460, 0x0460, 0x0460, 0x0460, 0x0460, 0x0460, 0x0460,
        0x0460, 0x0460, 0x0460, 0x0460, 0x0460, 0x0460, 0x0460, 0x0460, 0x0460, 0x0460, 0x0460, 0x0460, 0x0460, 0x0460, 0x0460, 0x0460,
        0x0460, 0x0460, 0x0460, 0x0460, 0x0460, 0x0460, 0x0460, 0x0460, 0x0460, 0x0460, 0x0460, 0x0460, 0x0460, 0x0460, 0x0460, 0x0460,
        0x0460, 0x0460, 0x0460, 0x0460, 0x0460, 0x0460, 0x0460, 0x0460, 0x0460, 0x0460, 0x0460, 0x0460, 0x0460, 0x0460, 0x0460, 0x0460,
        0x0460, 0x0460, 0x0460, 0x0460, 0x0460, 0x0460, 0x0460, 0x0460, 0x0460, 0x0460, 0x0460, 0x0460, 0x0460, 0x0460, 0x0460, 0x0460,
        0x0460, 0x0460, 0x0460, 0x0460, 0x0460, 0x0460, 0x0460, 0x0460, 0x0460, 0x0460, 0x0460, 0x0460, 0x0460, 0x0460, 0x0460, 0x0460,
        0x0460, 0x0460, 0x0460, 0x0460, 0x0460, 0x0460, 0x0460, 0x0460, 0x0460, 0x0460, 0x0460, 0x0460, 0x0460, 0x0460, 0x0460, 0x0460,
        0x0460, 0x0460, 0x0460, 0x0460, 0x0460, 0x0460, 0x0460, 0x0460, 0x0460, 0x0460, 0x0460, 0x0460, 0x0460, 0x0460, 0x0460, 0x0460,
        0x0460, 0x0460, 0x0460, 0x1070, 0x0460, 0x0460, 0x0460, 0x1070, 0x1070, 0x1070, 0x1070, 0x0460, 0x0460, 0x0460, 0x0460, 0x0460,
        0x0460, 0x0460, 0x0460, 0x0460, 0x0460, 0x0460, 0x0460, 0x0460, 0x0460, 0x0460, 0x0460, 0x0460, 0x0460, 0x0460, 0x0460, 0x0460,
        0x0460, 0x0460, 0x0460, 0x0460, 0x0460, 0x0460, 0x0460, 0x0460, 0x0460, 0x0460, 0x0460, 0x0460, 0x0460, 0x0460, 0x0460, 0x0460,
        0x0460, 0x0460, 0x0460, 0x0460, 0x0460, 0x0460, 0x0460, 0x0460, 0x0460, 0x0460, 0x0460, 0x0460, 0x0460, 0x0460, 0x0460, 0x0460,
        0x0460, 0x0460, 0x0460, 0x0460, 0x0460, 0x0460, 0x0460, 0x0460, 0x0460, 0x0460, 0x0460, 0x0460, 0x0460, 0x0460, 0x0460, 0x0460,
        0x0460, 0x0460, 0x0460, 0x0460, 0x0460, 0x0460, 0x0460, 0x0460, 0x0460, 0x0460, 0x0460, 0x0460, 0x0460, 0x0460, 0x0460, 0x0460,
        0x0460, 0x0460, 0x0460, 0x0460, 0x0460, 0x0460, 0x0460, 0x0460, 0x0460, 0x0460, 0x0460, 0x0460, 0x0460, 0x0460, 0x0460, 0x0460,
        0x0460, 0x0460, 0x0460, 0x0460, 0x0460, 0x0460, 0x0460, 0x0460, 0x0460, 0x0460, 0x0460, 0x0460, 0x0460, 0x0460, 0x0460, 0x0460,
        0x0460, 0x0460, 0x0460, 0x0460, 0x0460, 0x0460, 0x0460, 0x0460, 0x0460, 0x0460, 0x0460, 0x0460, 0x0460, 0x0460, 0x0460, 0x0460,
        0x0460, 0x0460, 0x0460, 0x0460, 0x0460, 0x0460, 0x0460, 0x0460, 0x0460, 0x0460, 0x0460, 0x0460, 0x0460, 0x0460, 0x0460, 0x0460,
        0x0460, 0x0460, 0x0460, 0x0460, 0x0460, 0x0460, 0x0460, 0x0460, 0x0460, 0x0460, 0x0460, 0x0460, 0x0460, 0x0460, 0x0460, 0x0460,
        0x0460, 0x0460, 0x0460, 0x0460, 0x0460, 0x0460, 0x0460, 0x0460, 0x0460, 0x0460, 0x0460, 0x0460, 0x0460, 0x0460, 0x0460, 0x0460,
        0x0460, 0x0460, 0x0460, 0x0460, 0x0460, 0x0460, 0x0460, 0x0460, 0x0460, 0x0460, 0x0460, 0x0460, 0x0460, 0x0460, 0x0460, 0x0460,
        0x0460, 0x0460, 0x0460, 0x0460, 0x0460, 0x0460, 0x0460, 0x0460, 0x0460, 0x0460, 0x0460, 0x0460, 0x0460, 0x0460, 0x0460, 0x0460,
        0x0460, 0x0460, 0x0460, 0x0460, 0x0460, 0x0460, 0x0460, 0x0460, 0x0460, 0x0460, 0x0460, 0x0460, 0x0460, 0x0460, 0x0460, 0x1366,
        0x0460, 0x046E, 0x046E, 0x046E, 0x046E, 0x046E, 0x046E, 0x046E, 0x046E, 0x046E, 0x046E, 0x046E, 0x046E, 0x046E, 0x046E, 0x046E,
        0x046E, 0x046E, 0x046E, 0x046E, 0x046E, 0x046E, 0x046E, 0x046E, 0x046E, 0x046E, 0x046E, 0x046E, 0x046E, 0x046E, 0x046E, 0x046E,
        0x046E, 0x046E, 0x046E, 0x046E, 0x046E, 0x046E, 0x046E, 0x046E, 0x046E, 0x046E, 0x046E, 0x046E, 0x046E, 0x046E, 0x046E, 0x046E,
        0x046E, 0x046E, 0x046E, 0x046E, 0x046E, 0x046E, 0x046E, 0x046E, 0x0460, 0x0460, 0x0460, 0x0460, 0x0460, 0x0460, 0x0460, 0x1366,
        0x1366, 0x1366, 0x1366, 0x0460, 0x0460, 0x0460, 0x0460, 0x0460, 0x0460, 0x0460, 0x0460, 0x0460, 0x0460, 0x0460, 0x0460, 0x0460,
        0x0460, 0x0460, 0x0460, 0x0460, 0x0460, 0x0460, 0x0460, 0x0460, 0x0460, 0x0460, 0x0460, 0x0460, 0x0460, 0x0460, 0x0460, 0x0460,
        0x0460, 0x0460, 0x0460, 0x0460, 0x0460, 0x0460, 0x0460, 0x0460, 0x0460, 0x0460, 0x0460, 0x0460, 0x0460, 0x0460, 0x0460, 0x0460,
        0x0460, 0x0460, 0x0460, 0x0460, 0x0460, 0x0460, 0x0460, 0x0460, 0x0460, 0x0460, 0x0460, 0x0460, 0x0460, 0x0460, 0x0460, 0x0460,
        0x0460, 0x0460, 0x0460, 0x0460, 0x0460, 0x0460, 0x0460, 0x0460, 0x0460, 0x0460, 0x0460, 0x0460, 0x0460, 0x0460, 0x0460, 0x0460,
        0x08A0, 0x08A0, 0x08A0, 0x08A0, 0x13A6, 0x0460, 0x0460, 0x0460, 0x0460, 0x0460, 0x0460, 0x0460, 0x0460, 0x0460, 0x0460, 0x0460,
        0x0BA6, 0x0BA6, 0x08A0, 0x08A0, 0x08A0, 0x08A0, 0x08A0, 0x0460, 0x0460, 0x0460, 0x0460, 0x0460, 0x0460, 0x0460, 0x0460, 0x0460,
        0x08A0, 0x08A0, 0x08A0, 0x08A0, 0x08A0, 0x08A0, 0x08A0, 0x08A0, 0x08A0, 0x08A0, 0x08A0, 0x08A0, 0x08A0, 0x08A0, 0x08A0, 0x08A0,
        0x08A0, 0x08A0, 0x08A0, 0x08A0, 0x08A0, 0x08A0, 0x08A0, 0x08A0, 0x08A0, 0x08A0, 0x08A0, 0x08A0, 0x08A0, 0x08A0, 0x08A0, 0x08A0,
        0x08A0, 0x08A0, 0x08A0, 0x08A0, 0x08A0, 0x08A0, 0x08A0, 0x08A0, 0x08A0, 0x08A0, 0x08A0, 0x08A0, 0x08A0, 0x08A0, 0x08A0, 0x08A0,
        0x08A0, 0x08A0, 0x08A0, 0x08A0, 0x08A0, 0x08A0, 0x08A0, 0x08A0, 0x08A0, 0x08A0, 0x08A0, 0x08A0, 0x08A0, 0x08A0, 0x08A0, 0x08A0,
        0x08A0, 0x08A0, 0x08A0, 0x08A0, 0x08A0, 0x08A0, 0x08A0, 0x08A0, 0x08A0, 0x08A0, 0x08A0, 0x08A0, 0x08A0, 0x08A0, 0x08A0, 0x08A0,
        0x08A0, 0x08A0, 0x08A0, 0x08A0, 0x08A0, 0x08A0, 0x08A0, 0x08A0, 0x08A0, 0x08A0, 0x08A0, 0x08A0, 0x08A0, 0x08A0, 0x08A0, 0x08A0,
        0x08A0, 0x08A0, 0x08A0, 0x08A0, 0x08A0, 0x08A0, 0x08A0, 0x08A0, 0x08A0, 0x08A0, 0x08A0, 0x08A0, 0x08A0, 0x08A0, 0x08A0, 0x08A0,
        0x08A0, 0x08A0, 0x08A0, 0x08A0, 0x08A0, 0x08A0, 0x08A0, 0x08A0, 0x08A0, 0x08A0, 0x08A0, 0x08A0, 0x08A0, 0x08A0, 0x08A0, 0x08A0,
        0x08A0, 0x08A0, 0x08A0, 0x08A0, 0x08A0, 0x08A0, 0x08A0, 0x08A0, 0x08A0, 0x08A0, 0x08A0, 0x08A0, 0x08A0, 0x08A0, 0x08A0, 0x08A0,
        0x08A0, 0x08A0, 0x08A0, 0x08A0, 0x08A0, 0x08A0, 0x08A0, 0x08A0, 0x08A0, 0x08A0, 0x08A0, 0x08A0, 0x08A0, 0x08A0, 0x08A0, 0x08A0,
        0x08A0, 0x08A0, 0x08A0, 0x08A0, 0x08A0, 0x08A0, 0x08A0, 0x08A0, 0x08A0, 0x08A0, 0x08A0, 0x08A0, 0x08A0, 0x08A0, 0x08A0, 0x08A0,
        0x08A0, 0x08A0, 0x08A0, 0x08A0, 0x08A0, 0x08A0, 0x08A0, 0x08A0, 0x08A0, 0x08A0, 0x08A0, 0x08A0, 0x08A0, 0x08A0, 0x08A0, 0x08A0,
        0x08A0, 0x08A0, 0x08A0, 0x08A0, 0x08A0, 0x08A0, 0x08A0, 0x08A0, 0x08A0, 0x08A0, 0x08A0, 0x08A0, 0x08A0, 0x08A0, 0x08A0, 0x08A0,
        0x08A0, 0x08A0, 0x08A0, 0x08A0, 0x08A0, 0x08A0, 0x08A0, 0x08A0, 0x08A0, 0x08A0, 0x08A0, 0x0460, 0x0460, 0x0460, 0x0460, 0x0460,
        0x0460, 0x0460, 0x0460, 0x0460, 0x0460, 0x0460, 0x0460, 0x0460, 0x0460, 0x0460, 0x0460, 0x0460, 0x0460, 0x0460, 0x0460, 0x0460,
        0x0460, 0x0460, 0x0460, 0x0460, 0x0460, 0x0460, 0x0460, 0x0460, 0x0460, 0x0460, 0x0460, 0x0460, 0x0460, 0x0460, 0x0460, 0x08A0,
        0x08A0, 0x08A0, 0x08A0, 0x08A0, 0x08A0, 0x08A0, 0x08A0, 0x08A0, 0x08A0, 0x08A0, 0x08A0, 0x08A0, 0x08A0, 0x08A0, 0x08A0, 0x08A0,
        0x08A0, 0x08A0, 0x08A0, 0x08A0, 0x08A0, 0x08A0, 0x08A0, 0x08A0, 0x08A0, 0x08A0, 0x08A0, 0x08A0, 0x08A0, 0x08A0, 0x08A0, 0x08A0,
        0x08A0, 0x0460, 0x0460, 0x0460, 0x0460, 0x0460, 0x0460, 0x0460, 0x0460, 0x0460, 0x0460, 0x0460, 0x0460, 0x0460, 0x0460, 0x0460,
        0x0460, 0x0460, 0x0460, 0x0460, 0x0460, 0x0460, 0x0460, 0x0460, 0x0460, 0x0460, 0x0460, 0x0460, 0x0460, 0x0460, 0x0460, 0x0460,
        0x0460, 0x0460, 0x0460, 0x0460, 0x0460, 0x0460, 0x0460, 0x0460, 0x0460, 0x0460, 0x0460, 0x0460, 0x0460, 0x0460, 0x0460, 0x0460,
        0x0460, 0x0460, 0x0460, 0x0460, 0x0460, 0x0460, 0x0460, 0x0460, 0x0460, 0x0460, 0x0460, 0x0460, 0x0460, 0x0460, 0x0460, 0x0460,
        0x0460, 0x0460, 0x0460, 0x0460, 0x0460, 0x0460, 0x0460, 0x0460, 0x0460, 0x0460, 0x0460, 0x0460, 0x0460, 0x0460, 0x0460, 0x0460,
        0x0460, 0x0460, 0x0460, 0x0460, 0x0460, 0x0460, 0x0460, 0x0460, 0x0460, 0x0460, 0x0460, 0x0460, 0x0460, 0x0460, 0x0460, 0x0460,
        0x08A0, 0x08A0, 0x08A0, 0x08A0, 0x08A0, 0x08A0, 0x08A0, 0x08A0, 0x08A0, 0x08A0, 0x08A0, 0x08A0, 0x08A0, 0x08A0, 0x08A0, 0x08A0,
        0x08A0, 0x08A0, 0x08A0, 0x08A0, 0x08A0, 0x08A0, 0x08A0, 0x08A0, 0x08A0, 0x08A0, 0x08A0, 0x08A0, 0x08A0, 0x08A0, 0x08A0, 0x08A0,
        0x08A0, 0x08A0, 0x08A0, 0x08A0, 0x08A0, 0x08A0, 0x08A0, 0x08A0, 0x08A0, 0x08A0, 0x08A0, 0x08A0, 0x08A0, 0x08A0, 0x08A0, 0x08A0,
        0x08A0, 0x08A0, 0x08A0, 0x08A0, 0x08A0, 0x08A0, 0x08A0, 0x08A0, 0x08A0, 0x08A0, 0x08A0, 0x08A0, 0x08A0, 0x08A0, 0x08A0, 0x08A0,
        0x08A0, 0x08A0, 0x08A0, 0x08A0, 0x08A0, 0x08A0, 0x08A0, 0x08A0, 0x08A0, 0x08A0, 0x08A0, 0x08A0, 0x08A0, 0x08A0, 0x08A0, 0x08A0,
        0x08A0, 0x08A0, 0x08A0, 0x08A0, 0x08A0, 0x08A0, 0x08A0, 0x08A0, 0x08A0, 0x08A0, 0x08A0, 0x08A0, 0x08A0, 0x08A0, 0x08A0, 0x08A0,
        0x08A0, 0x08A0, 0x08A0, 0x08A0, 0x08A0, 0x08A0, 0x08A0, 0x08A0, 0x08A0, 0x08A0, 0x08A0, 0x08A0, 0x08A0, 0x08A0, 0x08A0, 0x08A0,
        0x08A0, 0x08A0, 0x08A0, 0x0460, 0x0460, 0x0460, 0x0460, 0x0460, 0x0460, 0x0460, 0x0460, 0x0460, 0x0460, 0x0460, 0x0460, 0x0460,
        0x08A0, 0x08A0, 0x08A0, 0x08A0, 0x08A0, 0x08A0, 0x08A0, 0x08A0, 0x08A0, 0x08A0, 0x08A0, 0x08A0, 0x08A0, 0x08A0, 0x08A0, 0x08A0,
        0x08A0, 0x08A0, 0x08A0, 0x08A0, 0x08A0, 0x08A0, 0x08A0, 0x08A0, 0x08A0, 0x08A0, 0x08A0, 0x08A0, 0x08A0, 0x08A0, 0x08A0, 0x08A0,
        0x08A0, 0x08A0, 0x08A0, 0x08A0, 0x08A0, 0x08A0, 0x08A0, 0x08A0, 0x08A0, 0x08A0, 0x08A0, 0x08A0, 0x08A0, 0x08A0, 0x08A0, 0x08A0,
        0x08A0, 0x08A0, 0x08A0, 0x08A0, 0x08A0, 0x08A0, 0x08A0, 0x08A0, 0x08A0, 0x08A0, 0x08A0, 0x08A0, 0x08A0, 0x08A0, 0x08A0, 0x08A0,
        0x08A0, 0x08A0, 0x08A0, 0x08A0, 0x08A0, 0x08A0, 0x08A0, 0x08A0, 0x08A0, 0x08A0, 0x08A0, 0x08A0, 0x08A0, 0x08A0, 0x08A0, 0x08A0,
        0x08A0, 0x08A0, 0x08A0, 0x08A0, 0x08A0, 0x08A0, 0x08A0, 0x08A0, 0x08A0, 0x08A0, 0x08A0, 0x08A0, 0x08A0, 0x08A0, 0x08A0, 0x08A0,
        0x08A0, 0x08A0, 0x08A0, 0x08A0, 0x08A0, 0x08A0, 0x08A0, 0x08A0, 0x08A0, 0x08A0, 0x08A0, 0x08A0, 0x08A0, 0x08A0, 0x08A0, 0x08A0,
        0x08A0, 0x08A0, 0x08A0, 0x08A0, 0x08A0, 0x08A0, 0x08A0, 0x08A0, 0x08A0, 0x08A0, 0x08A0, 0x08A0, 0x08A0, 0x08A0, 0x08A0, 0x08A0,
        0x08A0, 0x08A0, 0x08A0, 0x08A0, 0x08A0, 0x08A0, 0x08A0, 0x08A0, 0x08A0, 0x08A0, 0x08A0, 0x08A0, 0x08A0, 0x08A0, 0x08A0, 0x08A0,
        0x08A0, 0x08A0, 0x0460, 0x0460, 0x0460, 0x0460, 0x0460, 0x0460, 0x0460, 0x0460, 0x0460, 0x0460, 0x0460, 0x0460, 0x0460, 0x0460,
        0x08A0, 0x08A0, 0x08A0, 0x08A0, 0x08A0, 0x08A0, 0x08A0, 0x08A0, 0x08A0, 0x08A0, 0x08A0, 0x08A0, 0x08A0, 0x08A0, 0x08A0, 0x08A0,
        0x08A0, 0x08A0, 0x08A0, 0x08A0, 0x08A0, 0x08A0, 0x08A0, 0x08A0, 0x08A0, 0x08A0, 0x08A0, 0x08A0, 0x08A0, 0x08A0, 0x08A0, 0x08A0,
        0x08A0, 0x08A0, 0x08A0, 0x08A0, 0x08A0, 0x08A0, 0x08A0, 0x08A0, 0x08A0, 0x08A0, 0x08A0, 0x08A0, 0x08A0, 0x08A0, 0x08A0, 0x08A0,
        0x08A0, 0x08A0, 0x08A0, 0x0460, 0x0460, 0x0460, 0x0460, 0x0460, 0x0460, 0x0460, 0x0460, 0x0460, 0x0460, 0x0460, 0x0460, 0x0460,
        0x0460, 0x0460, 0x0460, 0x0460, 0x0460, 0x0460, 0x0460, 0x0460, 0x0460, 0x0460, 0x0460, 0x0460, 0x0460, 0x0460, 0x0460, 0x0460,
        0x0460, 0x0460, 0x0460, 0x0460, 0x0460, 0x0460, 0x0460, 0x0460, 0x0460, 0x0460, 0x0460, 0x0460, 0x0460, 0x0460, 0x0460, 0x0460,
        0x0460, 0x0460, 0x0460, 0x0460, 0x0460, 0x0460, 0x0460, 0x0460, 0x0460, 0x0460, 0x0460, 0x0460, 0x0460, 0x0460, 0x0460, 0x0460,
        0x0460, 0x0460, 0x0460, 0x0460, 0x0460, 0x0460, 0x0460, 0x0460, 0x0460, 0x0460, 0x0460, 0x0460, 0x0460, 0x0460, 0x0460, 0x0460,
        0x0460, 0x0460, 0x0460, 0x0460, 0x0460, 0x0460, 0x0460, 0x0460, 0x0460, 0x0460, 0x0460, 0x0460, 0x0460, 0x0460, 0x0460, 0x0460,
        0x0460, 0x0460, 0x0460, 0x0460, 0x0460, 0x0460, 0x0460, 0x0460, 0x0460, 0x0460, 0x0460, 0x0460, 0x0460, 0x0460, 0x0460, 0x0460,
        0x0460, 0x0460, 0x0460, 0x0460, 0x0460, 0x0460, 0x0460, 0x0460, 0x0460, 0x0460, 0x0460, 0x0460, 0x0460, 0x0460, 0x0460, 0x0460,
        0x0460, 0x0460, 0x0460, 0x0460, 0x0460, 0x0460, 0x0460, 0x0460, 0x0460, 0x0460, 0x0460, 0x0460, 0x0460, 0x0460, 0x0460, 0x0460,
        0x0460, 0x0460, 0x0460, 0x0460, 0x0460, 0x0460, 0x0460, 0x0460, 0x0460, 0x0460, 0x0460, 0x0460, 0x0460, 0x0460, 0x0460, 0x0460,
        0x0460, 0x0460, 0x0460, 0x0460, 0x0460, 0x0460, 0x0460, 0x0460, 0x0460, 0x0460, 0x0460, 0x0460, 0x0460, 0x0460, 0x0460, 0x0460,
        0x0460, 0x0460, 0x0460, 0x0460, 0x0460, 0x0460, 0x0460, 0x0460, 0x0460, 0x0460, 0x0460, 0x0460, 0x0460, 0x0460, 0x0460, 0x0460,
        0x0460, 0x0460, 0x0460, 0x0460, 0x0460, 0x0460, 0x0460, 0x0460, 0x0460, 0x0460, 0x0460, 0x0460, 0x0460, 0x0460, 0x0460, 0x0460,
        0x0460, 0x0460, 0x0460, 0x0460, 0x0460, 0x0460, 0x0460, 0x0460, 0x0460, 0x0460, 0x0460, 0x0460, 0x0460, 0x0460, 0x0460, 0x0460,
        0x0460, 0x0460, 0x0460, 0x0460, 0x0460, 0x0460, 0x0460, 0x0460, 0x0460, 0x0460, 0x0460, 0x0460, 0x0460, 0x0460, 0x0460, 0x0460,
        0x0460, 0x0460, 0x0460, 0x0460, 0x0460, 0x0460, 0x0460, 0x0460, 0x0460, 0x0460, 0x0460, 0x0460, 0x0460, 0x0460, 0x0460, 0x0460,
        0x0460, 0x0460, 0x0460, 0x0460, 0x0460, 0x0460, 0x0460, 0x0460, 0x0460, 0x0460, 0x0460, 0x0460, 0x0460, 0x0460, 0x0460, 0x0460,
        0x0460, 0x0460, 0x0460, 0x0460, 0x0460, 0x0460, 0x0460, 0x0460, 0x0460, 0x0460, 0x0460, 0x0460, 0x0460, 0x0460, 0x0460, 0x0460,
        0x08A0, 0x08A0, 0x08A0, 0x08A0, 0x0460, 0x08A0, 0x08A0, 0x08A0, 0x08A0, 0x08A0, 0x08A0, 0x08A0, 0x0460, 0x08A0, 0x08A0, 0x0460,
        0x08A0, 0x08A0, 0x08A0, 0x08A0, 0x08A0, 0x08A0, 0x08A0, 0x08A0, 0x08A0, 0x08A0, 0x08A0, 0x08A0, 0x08A0, 0x08A0, 0x08A0, 0x08A0,
        0x08A0, 0x08A0, 0x08A0, 0x08A0, 0x08A0, 0x08A0, 0x08A0, 0x08A0, 0x08A0, 0x08A0, 0x08A0, 0x08A0, 0x08A0, 0x08A0, 0x08A0, 0x08A0,
        0x08A0, 0x08A0, 0x08A0, 0x08A0, 0x08A0, 0x08A0, 0x08A0, 0x08A0, 0x08A0, 0x0460, 0x0460, 0x0460, 0x0460, 0x0460, 0x0460, 0x0460,
        0x0460, 0x0460, 0x08A0, 0x0460, 0x0460, 0x0460, 0x0460, 0x0460, 0x0460, 0x0460, 0x0460, 0x0460, 0x0460, 0x0460, 0x0460, 0x0460,
        0x0460, 0x0460, 0x0460, 0x0460, 0x0460, 0x0460, 0x0460, 0x0460, 0x0460, 0x0460, 0x0460, 0x0460, 0x0460, 0x0460, 0x0460, 0x0460,
        0x08A0, 0x08A0, 0x08A0, 0x0460, 0x0460, 0x08A0, 0x0460, 0x0460, 0x0460, 0x0460, 0x0460, 0x0460, 0x0460, 0x0460, 0x0460, 0x0460,
        0x0460, 0x0460, 0x0460, 0x0460, 0x08A0, 0x08A0, 0x08A0, 0x08A0, 0x08A0, 0x0460, 0x0460, 0x0460, 0x0460, 0x0460, 0x0460, 0x0460,
        0x08A0, 0x08A0, 0x08A0, 0x08A0, 0x08A0, 0x08A0, 0x08A0, 0x08A0, 0x08A0, 0x08A0, 0x08A0, 0x08A0, 0x08A0, 0x08A0, 0x08A0, 0x08A0,
        0x08A0, 0x08A0, 0x08A0, 0x08A0, 0x08A0, 0x08A0, 0x08A0, 0x08A0, 0x08A0, 0x08A0, 0x08A0, 0x08A0, 0x08A0, 0x08A0, 0x08A0, 0x08A0,
        0x08A0, 0x08A0, 0x08A0, 0x08A0, 0x08A0, 0x08A0, 0x08A0, 0x08A0, 0x08A0, 0x08A0, 0x08A0, 0x08A0, 0x08A0, 0x08A0, 0x08A0, 0x08A0,
        0x08A0, 0x08A0, 0x08A0, 0x08A0, 0x08A0, 0x08A0, 0x08A0, 0x08A0, 0x08A0, 0x08A0, 0x08A0, 0x08A0, 0x08A0, 0x08A0, 0x08A0, 0x08A0,
        0x08A0, 0x08A0, 0x08A0, 0x08A0, 0x08A0, 0x08A0, 0x08A0, 0x08A0, 0x08A0, 0x08A0, 0x08A0, 0x08A0, 0x08A0, 0x08A0, 0x08A0, 0x08A0,
        0x08A0, 0x08A0, 0x08A0, 0x08A0, 0x08A0, 0x08A0, 0x08A0, 0x08A0, 0x08A0, 0x08A0, 0x08A0, 0x08A0, 0x08A0, 0x08A0, 0x08A0, 0x08A0,
        0x08A0, 0x08A0, 0x08A0, 0x08A0, 0x08A0, 0x08A0, 0x08A0, 0x08A0, 0x08A0, 0x08A0, 0x08A0, 0x08A0, 0x08A0, 0x08A0, 0x08A0, 0x08A0,
        0x08A0, 0x08A0, 0x08A0, 0x08A0, 0x08A0, 0x08A0, 0x08A0, 0x08A0, 0x08A0, 0x08A0, 0x08A0, 0x08A0, 0x08A0, 0x08A0, 0x08A0, 0x08A0,
        0x08A0, 0x08A0, 0x08A0, 0x08A0, 0x08A0, 0x08A0, 0x08A0, 0x08A0, 0x08A0, 0x08A0, 0x08A0, 0x08A0, 0x08A0, 0x08A0, 0x08A0, 0x08A0,
        0x08A0, 0x08A0, 0x08A0, 0x08A0, 0x08A0, 0x08A0, 0x08A0, 0x08A0, 0x08A0, 0x08A0, 0x08A0, 0x08A0, 0x08A0, 0x08A0, 0x08A0, 0x08A0,
        0x08A0, 0x08A0, 0x08A0, 0x08A0, 0x08A0, 0x08A0, 0x08A0, 0x08A0, 0x08A0, 0x08A0, 0x08A0, 0x08A0, 0x08A0, 0x08A0, 0x08A0, 0x08A0,
        0x08A0, 0x08A0, 0x08A0, 0x08A0, 0x08A0, 0x08A0, 0x08A0, 0x08A0, 0x08A0, 0x08A0, 0x08A0, 0x08A0, 0x08A0, 0x08A0, 0x08A0, 0x08A0,
        0x08A0, 0x08A0, 0x08A0, 0x08A0, 0x08A0, 0x08A0, 0x08A0, 0x08A0, 0x08A0, 0x08A0, 0x08A0, 0x08A0, 0x08A0, 0x08A0, 0x08A0, 0x08A0,
        0x08A0, 0x08A0, 0x08A0, 0x08A0, 0x08A0, 0x08A0, 0x08A0, 0x08A0, 0x08A0, 0x08A0, 0x08A0, 0x08A0, 0x08A0, 0x08A0, 0x08A0, 0x08A0,
        0x08A0, 0x08A0, 0x08A0, 0x08A0, 0x08A0, 0x08A0, 0x08A0, 0x08A0, 0x08A0, 0x08A0, 0x08A0, 0x08A0, 0x08A0, 0x08A0, 0x08A0, 0x08A0,
        0x08A0, 0x08A0, 0x08A0, 0x08A0, 0x08A0, 0x08A0, 0x08A0, 0x08A0, 0x08A0, 0x08A0, 0x08A0, 0x08A0, 0x08A0, 0x08A0, 0x08A0, 0x08A0,
        0x08A0, 0x08A0, 0x08A0, 0x08A0, 0x08A0, 0x08A0, 0x08A0, 0x08A0, 0x08A0, 0x08A0, 0x08A0, 0x08A0, 0x08A0, 0x08A0, 0x08A0, 0x08A0,
        0x08A0, 0x08A0, 0x08A0, 0x08A0, 0x08A0, 0x08A0, 0x08A0, 0x08A0, 0x08A0, 0x08A0, 0x08A0, 0x08A0, 0x08A0, 0x08A0, 0x08A0, 0x08A0,
        0x08A0, 0x08A0, 0x08A0, 0x08A0, 0x08A0, 0x08A0, 0x08A0, 0x08A0, 0x08A0, 0x08A0, 0x08A0, 0x08A0, 0x08A0, 0x08A0, 0x08A0, 0x08A0,
        0x08A0, 0x08A0, 0x08A0, 0x08A0, 0x08A0, 0x08A0, 0x08A0, 0x08A0, 0x08A0, 0x08A0, 0x08A0, 0x08A0, 0x08A0, 0x08A0, 0x08A0, 0x08A0,
        0x08A0, 0x08A0, 0x08A0, 0x08A0, 0x08A0, 0x08A0, 0x08A0, 0x08A0, 0x08A0, 0x08A0, 0x08A0, 0x08A0, 0x08A0, 0x08A0, 0x08A0, 0x08A0,
        0x08A0, 0x08A0, 0x08A0, 0x08A0, 0x08A0, 0x08A0, 0x08A0, 0x08A0, 0x08A0, 0x08A0, 0x08A0, 0x08A0, 0x08A0, 0x08A0, 0x08A0, 0x08A0,
        0x08A0, 0x08A0, 0x08A0, 0x08A0, 0x08A0, 0x08A0, 0x08A0, 0x08A0, 0x08A0, 0x08A0, 0x08A0, 0x08A0, 0x08A0, 0x08A0, 0x08A0, 0x08A0,
        0x08A0, 0x08A0, 0x08A0, 0x08A0, 0x08A0, 0x08A0, 0x08A0, 0x08A0, 0x08A0, 0x08A0, 0x08A0, 0x08A0, 0x08A0, 0x08A0, 0x08A0, 0x08A0,
        0x08A0, 0x08A0, 0x08A0, 0x08A0, 0x08A0, 0x08A0, 0x08A0, 0x08A0, 0x08A0, 0x08A0, 0x08A0, 0x08A0, 0x0460, 0x0460, 0x0460, 0x0460,
        0x0460, 0x0460, 0x0460, 0x0460, 0x0460, 0x0460, 0x0460, 0x0460, 0x0460, 0x0460, 0x0460, 0x0460, 0x0460, 0x0460, 0x0460, 0x0460,
        0x0460, 0x0460, 0x0460, 0x0460, 0x0460, 0x0460, 0x0460, 0x0460, 0x0460, 0x0460, 0x0460, 0x0460, 0x0460, 0x0460, 0x0460, 0x0460,
        0x0460, 0x0460, 0x0460, 0x0460, 0x0460, 0x0460, 0x0460, 0x0460, 0x0460, 0x0460, 0x0460, 0x0460, 0x0460, 0x0460, 0x0460, 0x0460,
        0x0460, 0x0460, 0x0460, 0x0460, 0x0460, 0x0460, 0x0460, 0x0460, 0x0460, 0x0460, 0x0460, 0x0460, 0x0460, 0x0460, 0x0460, 0x0460,
        0x0460, 0x0460, 0x0460, 0x0460, 0x0460, 0x0460, 0x0460, 0x0460, 0x0460, 0x0460, 0x0460, 0x0460, 0x0460, 0x0460, 0x0460, 0x0460,
        0x0460, 0x0460, 0x0460, 0x0460, 0x0460, 0x0460, 0x0460, 0x0460, 0x0460, 0x0460, 0x0460, 0x0460, 0x0460, 0x0460, 0x0460, 0x0460,
        0x0460, 0x0460, 0x0460, 0x0460, 0x0460, 0x0460, 0x0460, 0x0460, 0x0460, 0x0460, 0x0460, 0x0460, 0x0460, 0x0460, 0x0460, 0x0460,
        0x0460, 0x0460, 0x0460, 0x0460, 0x0460, 0x0460, 0x0460, 0x0460, 0x0460, 0x0460, 0x0460, 0x0460, 0x0460, 0x0460, 0x0460, 0x0460,
        0x0460, 0x0460, 0x0460, 0x0460, 0x0460, 0x0460, 0x0460, 0x0460, 0x0460, 0x0460, 0x0460, 0x0460, 0x0460, 0x0460, 0x0460, 0x0460,
        0x0460, 0x0460, 0x0460, 0x0460, 0x0460, 0x0460, 0x0460, 0x0460, 0x0460, 0x0460, 0x0460, 0x0460, 0x0460, 0x1366, 0x1366, 0x0460,
        0x1061, 0x1061, 0x1061, 0x1061, 0x0460, 0x0460, 0x0460, 0x0460, 0x0460, 0x0460, 0x0460, 0x0460, 0x0460, 0x0460, 0x0460, 0x0460,
        0x0460, 0x0460, 0x0460, 0x0460, 0x0460, 0x0460, 0x0460, 0x0460, 0x0460, 0x0460, 0x0460, 0x0460, 0x0460, 0x0460, 0x0460, 0x0460,
        0x0460, 0x0460, 0x0460, 0x0460, 0x0460, 0x0460, 0x0460, 0x0460, 0x0460, 0x0460, 0x0460, 0x0460, 0x0460, 0x0460, 0x0460, 0x0460,
        0x0460, 0x0460, 0x0460, 0x0460, 0x0460, 0x0460, 0x0460, 0x0460, 0x0460, 0x0460, 0x0460, 0x0460, 0x0460, 0x0460, 0x0460, 0x0460,
        0x0460, 0x0460, 0x0460, 0x0460, 0x0460, 0x0460, 0x0460, 0x0460, 0x0460, 0x0460, 0x0460, 0x0460, 0x0460, 0x0460, 0x0460, 0x0460,
        0x0460, 0x0460, 0x0460, 0x0460, 0x0460, 0x0460, 0x0460, 0x0460, 0x0460, 0x0460, 0x0460, 0x0460, 0x0460, 0x0460, 0x0460, 0x0460,
        0x1366, 0x1366, 0x1366, 0x1366, 0x1366, 0x1366, 0x1366, 0x1366, 0x1366, 0x1366, 0x1366, 0x1366, 0x1366, 0x1366, 0x1366, 0x1366,
        0x1366, 0x1366, 0x1366, 0x1366, 0x1366, 0x1366, 0x1366, 0x1366, 0x1366, 0x1366, 0x1366, 0x1366, 0x1366, 0x1366, 0x1366, 0x1366,
        0x1366, 0x1366, 0x1366, 0x1366, 0x1366, 0x1366, 0x1366, 0x1366, 0x1366, 0x1366, 0x1366, 0x1366, 0x1366, 0x1366, 0x0460, 0x0460,
        0x1366, 0x1366, 0x1366, 0x1366, 0x1366, 0x1366, 0x1366, 0x1366, 0x1366, 0x1366, 0x1366, 0x1366, 0x1366, 0x1366, 0x1366, 0x1366,
        0x1366, 0x1366, 0x1366, 0x1366, 0x1366, 0x1366, 0x1366, 0x0460, 0x0460, 0x0460, 0x0460, 0x0460, 0x0460, 0x0460, 0x0460, 0x0460,
        0x0460, 0x0460, 0x0460, 0x0460, 0x0460, 0x0460, 0x0460, 0x0460, 0x0460, 0x0460, 0x0460, 0x0460, 0x0460, 0x0460, 0x0460, 0x0460,
        0x0460, 0x0460, 0x0460, 0x0460, 0x0460, 0x0460, 0x0460, 0x0460, 0x0460, 0x0460, 0x0460, 0x0460, 0x0460, 0x0460, 0x0460, 0x0460,
        0x0460, 0x0460, 0x0460, 0x0460, 0x0460, 0x0460, 0x0460, 0x0460, 0x0460, 0x0460, 0x0460, 0x0460, 0x0460, 0x0460, 0x0460, 0x0460,
        0x0460, 0x0460, 0x0460, 0x0460, 0x0460, 0x0460, 0x0460, 0x0460, 0x0460, 0x0460, 0x0460, 0x0460, 0x0460, 0x0460, 0x0460, 0x0460,
        0x0460, 0x0460, 0x0460, 0x0460, 0x0460, 0x0460, 0x0460, 0x0460, 0x0460, 0x0460, 0x0460, 0x0460, 0x0460, 0x0460, 0x0460, 0x0460,
        0x0460, 0x0460, 0x0460, 0x0460, 0x0460, 0x0460, 0x0460, 0x0460, 0x0460, 0x0460, 0x0460, 0x0460, 0x0460, 0x0460, 0x0460, 0x0460,
        0x0460, 0x0460, 0x0460, 0x0460, 0x0460, 0x0460, 0x0460, 0x0460, 0x0460, 0x0460, 0x0460, 0x0460, 0x0460, 0x0460, 0x0460, 0x0460,
        0x0460, 0x0460, 0x0460, 0x0460, 0x0460, 0x0460, 0x0460, 0x0460, 0x0460, 0x0460, 0x0460, 0x0460, 0x0460, 0x0460, 0x0460, 0x0460,
        0x0460, 0x0460, 0x0460, 0x0460, 0x0460, 0x0460, 0x0460, 0x0460, 0x0460, 0x0460, 0x0460, 0x0460, 0x0460, 0x0460, 0x0460, 0x0460,
        0x0460, 0x0460, 0x0460, 0x0460, 0x0460, 0x0460, 0x0460, 0x0460, 0x0460, 0x0460, 0x0460, 0x0460, 0x0460, 0x0460, 0x0460, 0x0460,
        0x0460, 0x0460, 0x0460, 0x0460, 0x0460, 0x0460, 0x0460, 0x0460, 0x0460, 0x0460, 0x0460, 0x0460, 0x0460, 0x0460, 0x0460, 0x0460,
        0x0460, 0x0460, 0x0460, 0x0460, 0x0460, 0x0460, 0x0460, 0x0460, 0x0460, 0x0460, 0x0460, 0x0460, 0x0460, 0x0460, 0x0460, 0x0460,
        0x0460, 0x0460, 0x0460, 0x0460, 0x0460, 0x0460, 0x0460, 0x0460, 0x0460, 0x0460, 0x0460, 0x0460, 0x0460, 0x0460, 0x0460, 0x0460,
        0x0460, 0x0460, 0x0460, 0x0460, 0x0460, 0x0460, 0x0460, 0x1366, 0x1366, 0x0460, 0x0460, 0x0460, 0x0460, 0x0460, 0x0460, 0x0460,
        0x0460, 0x0460, 0x0460, 0x0460, 0x0460, 0x0460, 0x0460, 0x0460, 0x0460, 0x0460, 0x0460, 0x0460, 0x0460, 0x0460, 0x0460, 0x0460,
        0x0460, 0x0460, 0x0460, 0x0460, 0x0460, 0x0460, 0x0460, 0x0460, 0x0460, 0x0460, 0x0460, 0x0460, 0x0460, 0x0460, 0x0460, 0x0460,
        0x0460, 0x0460, 0x0460, 0x0460, 0x0460, 0x0460, 0x0460, 0x0460, 0x0460, 0x0460, 0x0460, 0x0460, 0x0460, 0x0460, 0x0460, 0x0460,
        0x0460, 0x0460, 0x0460, 0x0460, 0x0460, 0x0766, 0x0766, 0x1366, 0x1366, 0x1366, 0x0460, 0x0460, 0x0460, 0x0766, 0x0766, 0x0766,
        0x0766, 0x0766, 0x0766, 0x1061, 0x1061, 0x1061, 0x1061, 0x1061, 0x1061, 0x1061, 0x1061, 0x1366, 0x1366, 0x1366, 0x1366, 0x1366,
        0x1366, 0x1366, 0x1366, 0x0460, 0x0460, 0x1366, 0x1366, 0x1366, 0x1366, 0x1366, 0x1366, 0x1366, 0x0460, 0x0460, 0x0460, 0x0460,
        0x0460, 0x0460, 0x0460, 0x0460, 0x0460, 0x0460, 0x0460, 0x0460, 0x0460, 0x0460, 0x0460, 0x0460, 0x0460, 0x0460, 0x0460, 0x0460,
        0x0460, 0x0460, 0x0460, 0x0460, 0x0460, 0x0460, 0x0460, 0x0460, 0x0460, 0x0460, 0x1366, 0x1366, 0x1366, 0x1366, 0x0460, 0x0460,
        0x0460, 0x0460, 0x0460, 0x0460, 0x0460, 0x0460, 0x0460, 0x0460, 0x0460, 0x0460, 0x0460, 0x0460, 0x0460, 0x0460, 0x0460, 0x0460,
        0x0460, 0x0460, 0x0460, 0x0460, 0x0460, 0x0460, 0x0460, 0x0460, 0x0460, 0x0460, 0x0460, 0x0460, 0x0460, 0x0460, 0x0460, 0x0460,
        0x0460, 0x0460, 0x0460, 0x0460, 0x0460, 0x0460, 0x0460, 0x0460, 0x0460, 0x0460, 0x0460, 0x0460, 0x0460, 0x0460, 0x0460, 0x0460,
        0x0460, 0x0460, 0x0460, 0x0460, 0x0460, 0x0460, 0x0460, 0x0460, 0x0460, 0x0460, 0x0460, 0x0460, 0x0460, 0x0460, 0x0460, 0x0460,
        0x0460, 0x0460, 0x0460, 0x0460, 0x0460, 0x0460, 0x0460, 0x0460, 0x0460, 0x0460, 0x0460, 0x0460, 0x0460, 0x0460, 0x0460, 0x0460,
        0x0460, 0x0460, 0x0460, 0x0460, 0x0460, 0x0460, 0x0460, 0x0460, 0x0460, 0x0460, 0x0460, 0x0460, 0x0460, 0x0460, 0x0460, 0x0460,
        0x0460, 0x0460, 0x0460, 0x0460, 0x0460, 0x0460, 0x0460, 0x0460, 0x0460, 0x0460, 0x0460, 0x0460, 0x0460, 0x0460, 0x0460, 0x0460,
        0x0460, 0x0460, 0x0460, 0x0460, 0x0460, 0x0460, 0x0460, 0x0460, 0x0460, 0x0460, 0x0460, 0x0460, 0x0460, 0x0460, 0x0460, 0x0460,
        0x0460, 0x0460, 0x0460, 0x0460, 0x0460, 0x0460, 0x0460, 0x0460, 0x0460, 0x0460, 0x0460, 0x0460, 0x0460, 0x0460, 0x0460, 0x0460,
        0x0460, 0x0460, 0x1366, 0x1366, 0x1366, 0x0460, 0x0460, 0x0460, 0x0460, 0x0460, 0x0460, 0x0460, 0x0460, 0x0460, 0x0460, 0x0460,
        0x0766, 0x0766, 0x0766, 0x0460, 0x0460, 0x0460, 0x0460, 0x0460, 0x0460, 0x0460, 0x0460, 0x1366, 0x1366, 0x0460, 0x0460, 0x0766,
        0x0460, 0x0460, 0x0460, 0x0460, 0x0460, 0x0460, 0x0460, 0x0460, 0x0460, 0x0460, 0x0460, 0x0460, 0x0460, 0x0460, 0x0460, 0x0460,
        0x0460, 0x0460, 0x0460, 0x0460, 0x0460, 0x0460, 0x0460, 0x0460, 0x0460, 0x0460, 0x0460, 0x0460, 0x0460, 0x0460, 0x0460, 0x0460,
        0x0766, 0x0766, 0x0460, 0x0460, 0x0460, 0x0460, 0x0460, 0x0460, 0x0460, 0x0460, 0x0460, 0x0460, 0x0460, 0x0460, 0x0460, 0x0460,
        0x0460, 0x0460, 0x0460, 0x0460, 0x0460, 0x0460, 0x0460, 0x0460, 0x0460, 0x0460, 0x0460, 0x0460, 0x0460, 0x0460, 0x0460, 0x0460,
        0x0460, 0x0460, 0x0460, 0x0460, 0x0460, 0x0460, 0x0460, 0x0460, 0x0460, 0x0460, 0x0460, 0x0460, 0x0460, 0x0460, 0x0460, 0x0460,
        0x0460, 0x0460, 0x0460, 0x0460, 0x0460, 0x0460, 0x0460, 0x0460, 0x0460, 0x0460, 0x0460, 0x0460, 0x0460, 0x0460, 0x0460, 0x0460,
        0x0460, 0x0460, 0x0460, 0x0460, 0x0460, 0x0460, 0x0460, 0x0460, 0x0460, 0x0460, 0x0460, 0x0460, 0x0460, 0x0460, 0x0460, 0x0460,
        0x0460, 0x0460, 0x0460, 0x0460, 0x0460, 0x0460, 0x0460, 0x0460, 0x0460, 0x0460, 0x0460, 0x0460, 0x0460, 0x0460, 0x0460, 0x0460,
        0x0460, 0x0460, 0x0460, 0x0460, 0x0460, 0x0460, 0x0460, 0x0460, 0x0460, 0x0460, 0x0460, 0x0460, 0x0460, 0x0460, 0x0460, 0x0460,
        0x0460, 0x0460, 0x0460, 0x0460, 0x0460, 0x0460, 0x0460, 0x0460, 0x0460, 0x0460, 0x0460, 0x0460, 0x0460, 0x0460, 0x0460, 0x0460,
        0x08A0, 0x08A0, 0x08A0, 0x08A0, 0x08A0, 0x08A0, 0x08A0, 0x08A0, 0x08A0, 0x08A0, 0x08A0, 0x08A0, 0x08A0, 0x08A0, 0x08A0, 0x08A0,
        0x08A0, 0x08A0, 0x08A0, 0x08A0, 0x08A0, 0x08A0, 0x08A0, 0x08A0, 0x08A0, 0x08A0, 0x08A0, 0x08A0, 0x08A0, 0x08A0, 0x08A0, 0x08A0,
        0x08A0, 0x08A0, 0x08A0, 0x08A0, 0x08A0, 0x08A0, 0x08A0, 0x08A0, 0x08A0, 0x08A0, 0x08A0, 0x08A0, 0x08A0, 0x08A0, 0x08A0, 0x08A0,
        0x08A0, 0x08A0, 0x08A0, 0x08A0, 0x08A0, 0x08A0, 0x08A0, 0x08A0, 0x08A0, 0x08A0, 0x08A0, 0x08A0, 0x08A0, 0x08A0, 0x08A0, 0x08A0,
        0x08A0, 0x08A0, 0x08A0, 0x08A0, 0x08A0, 0x08A0, 0x08A0, 0x08A0, 0x08A0, 0x08A0, 0x08A0, 0x08A0, 0x08A0, 0x08A0, 0x08A0, 0x08A0,
        0x08A0, 0x08A0, 0x08A0, 0x08A0, 0x08A0, 0x08A0, 0x08A0, 0x0460, 0x0460, 0x0460, 0x0460, 0x0460, 0x0460, 0x0460, 0x0460, 0x0460,
        0x08A0, 0x08A0, 0x08A0, 0x08A0, 0x08A0, 0x08A0, 0x08A0, 0x08A0, 0x08A0, 0x08A0, 0x08A0, 0x08A0, 0x08A0, 0x08A0, 0x08A0, 0x08A0,
        0x08A0, 0x08A0, 0x08A0, 0x08A0, 0x08A0, 0x08A0, 0x08A0, 0x0460, 0x0460, 0x0460, 0x0460, 0x0460, 0x0460, 0x0460, 0x0460, 0x0460,
        0x0460, 0x0460, 0x0460, 0x0460, 0x0460, 0x0460, 0x0460, 0x0460, 0x0460, 0x0460, 0x0460, 0x0460, 0x0460, 0x0460, 0x0460, 0x0460,
        0x0460, 0x0460, 0x0460, 0x0460, 0x0460, 0x0460, 0x0460, 0x0460, 0x0460, 0x0460, 0x0460, 0x0460, 0x0460, 0x0460, 0x0460, 0x0460,
        0x0460, 0x0460, 0x0460, 0x0460, 0x0460, 0x0460, 0x0460, 0x0460, 0x0460, 0x0460, 0x0460, 0x0460, 0x0460, 0x0460, 0x0460, 0x0460,
        0x0460, 0x0460, 0x0460, 0x0460, 0x0460, 0x0460, 0x0460, 0x0460, 0x0460, 0x0460, 0x0460, 0x0460, 0x0460, 0x0460, 0x0460, 0x0460,
        0x0460, 0x0460, 0x0460, 0x0460, 0x0460, 0x0460, 0x0460, 0x0460, 0x0460, 0x0460, 0x0460, 0x0460, 0x0460, 0x0460, 0x0460, 0x0460,
        0x0460, 0x0460, 0x0460, 0x0460, 0x0460, 0x0460, 0x0460, 0x0460, 0x0460, 0x0460, 0x0460, 0x0460, 0x0460, 0x0460, 0x0460, 0x0460,
        0x0460, 0x0460, 0x0460, 0x0460, 0x0460, 0x0460, 0x0460, 0x0460, 0x0460, 0x0460, 0x0460, 0x0460, 0x0460, 0x0460, 0x0460, 0x0460,
        0x0460, 0x0460, 0x0460, 0x0460, 0x0460, 0x0460, 0x0460, 0x0460, 0x0460, 0x0460, 0x0460, 0x0460, 0x0460, 0x0460, 0x0460, 0x0460,
        0x1366, 0x1366, 0x1366, 0x1366, 0x1366, 0x1366, 0x1366, 0x1366, 0x1366, 0x1366, 0x1366, 0x1366, 0x1366, 0x1366, 0x1366, 0x1366,
        0x1366, 0x1366, 0x1366, 0x1366, 0x1366, 0x1366, 0x1366, 0x1366, 0x1366, 0x1366, 0x1366, 0x1366, 0x1366, 0x1366, 0x1366, 0x1366,
        0x1366, 0x1366, 0x1366, 0x1366, 0x1366, 0x1366, 0x1366, 0x1366, 0x1366, 0x1366, 0x1366, 0x1366, 0x1366, 0x1366, 0x1366, 0x1366,
        0x1366, 0x1366, 0x1366, 0x1366, 0x1366, 0x1366, 0x1366, 0x0460, 0x0460, 0x0460, 0x0460, 0x1366, 0x1366, 0x1366, 0x1366, 0x1366,
        0x1366, 0x1366, 0x1366, 0x1366, 0x1366, 0x1366, 0x1366, 0x1366, 0x1366, 0x1366, 0x1366, 0x1366, 0x1366, 0x1366, 0x1366, 0x1366,
        0x1366, 0x1366, 0x1366, 0x1366, 0x1366, 0x1366, 0x1366, 0x1366, 0x1366, 0x1366, 0x1366, 0x1366, 0x1366, 0x1366, 0x1366, 0x1366,
        0x1366, 0x1366, 0x1366, 0x1366, 0x1366, 0x1366, 0x1366, 0x1366, 0x1366, 0x1366, 0x1366, 0x1366, 0x1366, 0x0460, 0x0460, 0x0460,
        0x0460, 0x0460, 0x0460, 0x0460, 0x0460, 0x1366, 0x0460, 0x0460, 0x0460, 0x0460, 0x0460, 0x0460, 0x0460, 0x0460, 0x0460, 0x0460,
        0x0460, 0x0460, 0x0460, 0x0460, 0x1366, 0x0460, 0x0460, 0x0460, 0x0460, 0x0460, 0x0460, 0x0460, 0x0460, 0x0460, 0x0460, 0x0460,
        0x0460, 0x0460, 0x0460, 0x0460, 0x0460, 0x0460, 0x0460, 0x0460, 0x0460, 0x0460, 0x0460, 0x1366, 0x1366, 0x1366, 0x1366, 0x1366,
        0x0460, 0x1366, 0x1366, 0x1366, 0x1366, 0x1366, 0x1366, 0x1366, 0x1366, 0x1366, 0x1366, 0x1366, 0x1366, 0x1366, 0x1366, 0x1366,
        0x0460, 0x0460, 0x0460, 0x0460, 0x0460, 0x0460, 0x0460, 0x0460, 0x0460, 0x0460, 0x0460, 0x0460, 0x0460, 0x0460, 0x0460, 0x0460,
        0x0460, 0x0460, 0x0460, 0x0460, 0x0460, 0x0460, 0x0460, 0x0460, 0x0460, 0x0460, 0x0460, 0x0460, 0x0460, 0x0460, 0x0460, 0x0460,
        0x0460, 0x0460, 0x0460, 0x0460, 0x0460, 0x0460, 0x0460, 0x0460, 0x0460, 0x0460, 0x0460, 0x0460, 0x0460, 0x0460, 0x0460, 0x0460,
        0x0460, 0x0460, 0x0460, 0x0460, 0x0460, 0x0460, 0x0460, 0x0460, 0x0460, 0x0460, 0x0460, 0x0460, 0x0460, 0x0460, 0x0460, 0x0460,
        0x0460, 0x0460, 0x0460, 0x0460, 0x0460, 0x0460, 0x0460, 0x0460, 0x0460, 0x0460, 0x0460, 0x0460, 0x0460, 0x0460, 0x0460, 0x0460,
        0x1366, 0x1366, 0x1366, 0x1366, 0x1366, 0x1366, 0x1366, 0x0460, 0x1366, 0x1366, 0x1366, 0x1366, 0x1366, 0x1366, 0x1366, 0x1366,
        0x1366, 0x1366, 0x1366, 0x1366, 0x1366, 0x1366, 0x1366, 0x1366, 0x1366, 0x0460, 0x0460, 0x1366, 0x1366, 0x1366, 0x1366, 0x1366,
        0x1366, 0x1366, 0x0460, 0x1366, 0x1366, 0x0460, 0x1366, 0x1366, 0x1366, 0x1366, 0x1366, 0x0460, 0x0460, 0x0460, 0x0460, 0x0460,
        0x0460, 0x0460, 0x0460, 0x0460, 0x0460, 0x0460, 0x0460, 0x0460, 0x0460, 0x0460, 0x0460, 0x0460, 0x0460, 0x0460, 0x0460, 0x0460,
        0x0460, 0x0460, 0x0460, 0x0460, 0x0460, 0x0460, 0x0460, 0x0460, 0x0460, 0x0460, 0x0460, 0x0460, 0x0460, 0x0460, 0x0460, 0x0460,
        0x0460, 0x0460, 0x0460, 0x0460, 0x0460, 0x0460, 0x0460, 0x0460, 0x0460, 0x0460, 0x0460, 0x0460, 0x0460, 0x0460, 0x0460, 0x0460,
        0x0460, 0x0460, 0x0460, 0x0460, 0x0460, 0x0460, 0x0460, 0x0460, 0x0460, 0x0460, 0x0460, 0x0460, 0x0460, 0x0460, 0x0460, 0x0460,
        0x0460, 0x0460, 0x0460, 0x0460, 0x0460, 0x0460, 0x0460, 0x0460, 0x0460, 0x0460, 0x0460, 0x0460, 0x0460, 0x0460, 0x0460, 0x0460,
        0x0460, 0x0460, 0x0460, 0x0460, 0x0460, 0x0460, 0x0460, 0x0460, 0x0460, 0x0460, 0x0460, 0x0460, 0x0460, 0x0460, 0x0460, 0x1366,
        0x0460, 0x0460, 0x0460, 0x0460, 0x0460, 0x0460, 0x0460, 0x0460, 0x0460, 0x0460, 0x0460, 0x0460, 0x0460, 0x0460, 0x0460, 0x0460,
        0x0460, 0x0460, 0x0460, 0x0460, 0x0460, 0x0460, 0x0460, 0x0460, 0x0460, 0x0460, 0x0460, 0x0460, 0x0460, 0x0460, 0x0460, 0x0460,
        0x0460, 0x0460, 0x0460, 0x0460, 0x0460, 0x0460, 0x0460, 0x0460, 0x0460, 0x0460, 0x0460, 0x0460, 0x0460, 0x0460, 0x0460, 0x0460,
        0x0460, 0x0460, 0x0460, 0x0460, 0x0460, 0x0460, 0x0460, 0x0460, 0x0460, 0x0460, 0x0460, 0x0460, 0x0460, 0x0460, 0x0460, 0x0460,
        0x0460, 0x0460, 0x0460, 0x0460, 0x0460, 0x0460, 0x0460, 0x0460, 0x0460, 0x0460, 0x0460, 0x0460, 0x0460, 0x0460, 0x0460, 0x0460,
        0x0460, 0x0460, 0x0460, 0x0460, 0x0460, 0x0460, 0x0460, 0x0460, 0x0460, 0x0460, 0x0460, 0x0460, 0x0460, 0x0460, 0x0460, 0x0460,
        0x0460, 0x0460, 0x0460, 0x0460, 0x0460, 0x0460, 0x0460, 0x0460, 0x0460, 0x0460, 0x0460, 0x0460, 0x0460, 0x0460, 0x0460, 0x0460,
        0x0460, 0x0460, 0x0460, 0x0460, 0x0460, 0x0460, 0x0460, 0x0460, 0x0460, 0x0460, 0x0460, 0x0460, 0x0460, 0x0460, 0x0460, 0x0460,
        0x0460, 0x0460, 0x0460, 0x0460, 0x0460, 0x0460, 0x0460, 0x0460, 0x0460, 0x0460, 0x0460, 0x0460, 0x0460, 0x0460, 0x0460, 0x0460,
        0x0460, 0x0460, 0x0460, 0x0460, 0x0460, 0x0460, 0x0460, 0x0460, 0x0460, 0x0460, 0x0460, 0x0460, 0x0460, 0x0460, 0x0460, 0x0460,
        0x0460, 0x0460, 0x0460, 0x0460, 0x0460, 0x0460, 0x0460, 0x0460, 0x0460, 0x0460, 0x0460, 0x0460, 0x0460, 0x0460, 0x0460, 0x0460,
        0x0460, 0x0460, 0x0460, 0x0460, 0x0460, 0x0460, 0x0460, 0x0460, 0x0460, 0x0460, 0x0460, 0x0460, 0x0460, 0x0460, 0x0460, 0x0460,
        0x0460, 0x0460, 0x0460, 0x0460, 0x0460, 0x0460, 0x0460, 0x0460, 0x0460, 0x0460, 0x0460, 0x0460, 0x0460, 0x0460, 0x0460, 0x0460,
        0x0460, 0x0460, 0x0460, 0x0460, 0x0460, 0x0460, 0x0460, 0x0460, 0x0460, 0x0460, 0x0460, 0x0460, 0x0460, 0x0460, 0x0460, 0x0460,
        0x0460, 0x0460, 0x0460, 0x0460, 0x0460, 0x0460, 0x0460, 0x0460, 0x0460, 0x0460, 0x0460, 0x0460, 0x0460, 0x0460, 0x0460, 0x0460,
        0x0460, 0x0460, 0x0460, 0x0460, 0x0460, 0x0460, 0x0460, 0x0460, 0x0460, 0x0460, 0x0460, 0x0460, 0x0460, 0x0460, 0x0460, 0x0460,
        0x0460, 0x0460, 0x0460, 0x0460, 0x0460, 0x0460, 0x0460, 0x0460, 0x0460, 0x0460, 0x0460, 0x0460, 0x0460, 0x0460, 0x0460, 0x0460,
        0x0460, 0x0460, 0x0460, 0x0460, 0x0460, 0x0460, 0x0460, 0x0460, 0x0460, 0x0460, 0x0460, 0x0460, 0x0460, 0x0460, 0x1366, 0x0460,
        0x0460, 0x0460, 0x0460, 0x0460, 0x0460, 0x0460, 0x0460, 0x0460, 0x0460, 0x0460, 0x0460, 0x0460, 0x0460, 0x0460, 0x0460, 0x0460,
        0x0460, 0x0460, 0x0460, 0x0460, 0x0460, 0x0460, 0x0460, 0x0460, 0x0460, 0x0460, 0x0460, 0x0460, 0x0460, 0x0460, 0x0460, 0x0460,
        0x0460, 0x0460, 0x0460, 0x0460, 0x0460, 0x0460, 0x0460, 0x0460, 0x0460, 0x0460, 0x0460, 0x0460, 0x0460, 0x0460, 0x0460, 0x0460,
        0x0460, 0x0460, 0x0460, 0x0460, 0x0460, 0x0460, 0x0460, 0x0460, 0x0460, 0x0460, 0x0460, 0x0460, 0x1366, 0x1366, 0x1366, 0x1366,
        0x0460, 0x0460, 0x0460, 0x0460, 0x0460, 0x0460, 0x0460, 0x0460, 0x0460, 0x0460, 0x0460, 0x0460, 0x0460, 0x0460, 0x0460, 0x0460,
        0x0460, 0x0460, 0x0460, 0x0460, 0x0460, 0x0460, 0x0460, 0x0460, 0x0460, 0x0460, 0x0460, 0x0460, 0x0460, 0x0460, 0x0460, 0x0460,
        0x0460, 0x0460, 0x0460, 0x0460, 0x0460, 0x0460, 0x0460, 0x0460, 0x0460, 0x0460, 0x0460, 0x0460, 0x0460, 0x0460, 0x0460, 0x0460,
        0x0460, 0x0460, 0x0460, 0x0460, 0x0460, 0x0460, 0x0460, 0x0460, 0x0460, 0x0460, 0x0460, 0x0460, 0x0460, 0x0460, 0x0460, 0x0460,
        0x0460, 0x0460, 0x0460, 0x0460, 0x0460, 0x0460, 0x0460, 0x0460, 0x0460, 0x0460, 0x0460, 0x0460, 0x0460, 0x0460, 0x0460, 0x0460,
        0x0460, 0x0460, 0x0460, 0x0460, 0x0460, 0x0460, 0x0460, 0x0460, 0x0460, 0x0460, 0x0460, 0x0460, 0x0460, 0x0460, 0x0460, 0x0460,
        0x0460, 0x0460, 0x0460, 0x0460, 0x0460, 0x0460, 0x0460, 0x0460, 0x0460, 0x0460, 0x0460, 0x0460, 0x0460, 0x0460, 0x0460, 0x0460,
        0x0460, 0x0460, 0x0460, 0x0460, 0x0460, 0x0460, 0x0460, 0x0460, 0x0460, 0x0460, 0x0460, 0x0460, 0x0460, 0x0460, 0x0460, 0x0460,
        0x0460, 0x0460, 0x0460, 0x0460, 0x0460, 0x0460, 0x0460, 0x0460, 0x0460, 0x0460, 0x0460, 0x0460, 0x0460, 0x0460, 0x0460, 0x0460,
        0x0460, 0x0460, 0x0460, 0x0460, 0x0460, 0x0460, 0x0460, 0x0460, 0x0460, 0x0460, 0x0460, 0x0460, 0x0460, 0x0460, 0x0460, 0x0460,
        0x0460, 0x0460, 0x0460, 0x0460, 0x0460, 0x0460, 0x0460, 0x0460, 0x0460, 0x0460, 0x0460, 0x0460, 0x0460, 0x0460, 0x0460, 0x0460,
        0x0460, 0x0460, 0x0460, 0x0460, 0x0460, 0x0460, 0x0460, 0x0460, 0x0460, 0x0460, 0x0460, 0x0460, 0x0460, 0x0460, 0x0460, 0x0460,
        0x0460, 0x0460, 0x0460, 0x0460, 0x0460, 0x0460, 0x0460, 0x0460, 0x0460, 0x0460, 0x0460, 0x0460, 0x0460, 0x0460, 0x0460, 0x0460,
        0x0460, 0x0460, 0x0460, 0x0460, 0x0460, 0x0460, 0x0460, 0x0460, 0x0460, 0x0460, 0x0460, 0x0460, 0x0460, 0x0460, 0x0460, 0x0460,
        0x0460, 0x0460, 0x0460, 0x0460, 0x0460, 0x0460, 0x0460, 0x0460, 0x0460, 0x0460, 0x0460, 0x0460, 0x0460, 0x0460, 0x0460, 0x0460,
        0x0460, 0x0460, 0x0460, 0x0460, 0x0460, 0x0460, 0x0460, 0x0460, 0x0460, 0x0460, 0x0460, 0x0460, 0x1366, 0x1366, 0x1366, 0x1366,
        0x0460, 0x0460, 0x0460, 0x0460, 0x0460, 0x0460, 0x0460, 0x0460, 0x0460, 0x0460, 0x0460, 0x0460, 0x0460, 0x0460, 0x0460, 0x0460,
        0x0460, 0x0460, 0x0460, 0x0460, 0x0460, 0x0460, 0x0460, 0x0460, 0x0460, 0x0460, 0x0460, 0x0460, 0x0460, 0x0460, 0x0460, 0x0460,
        0x0460, 0x0460, 0x0460, 0x0460, 0x0460, 0x0460, 0x0460, 0x0460, 0x0460, 0x0460, 0x0460, 0x0460, 0x0460, 0x0460, 0x0460, 0x0460,
        0x0460, 0x0460, 0x0460, 0x0460, 0x0460, 0x0460, 0x0460, 0x0460, 0x0460, 0x0460, 0x0460, 0x0460, 0x0460, 0x0460, 0x0460, 0x0460,
        0x0460, 0x0460, 0x0460, 0x0460, 0x0460, 0x0460, 0x0460, 0x0460, 0x0460, 0x0460, 0x0460, 0x0460, 0x0460, 0x0460, 0x0460, 0x0460,
        0x0460, 0x0460, 0x0460, 0x0460, 0x0460, 0x0460, 0x0460, 0x0460, 0x0460, 0x0460, 0x0460, 0x0460, 0x0460, 0x0460, 0x0460, 0x0460,
        0x0460, 0x0460, 0x0460, 0x0460, 0x0460, 0x0460, 0x0460, 0x0460, 0x0460, 0x0460, 0x0460, 0x0460, 0x0460, 0x0460, 0x0460, 0x0460,
        0x0460, 0x0460, 0x0460, 0x0460, 0x0460, 0x0460, 0x0460, 0x0460, 0x0460, 0x0460, 0x0460, 0x0460, 0x0460, 0x0460, 0x0460, 0x0460,
        0x0460, 0x0460, 0x0460, 0x0460, 0x0460, 0x0460, 0x0460, 0x0460, 0x0460, 0x0460, 0x0460, 0x0460, 0x0460, 0x0460, 0x0460, 0x0460,
        0x0460, 0x0460, 0x0460, 0x0460, 0x0460, 0x0460, 0x0460, 0x0460, 0x0460, 0x0460, 0x0460, 0x0460, 0x0460, 0x0460, 0x0460, 0x0460,
        0x0460, 0x0460, 0x0460, 0x0460, 0x0460, 0x0460, 0x0460, 0x0460, 0x0460, 0x0460, 0x0460, 0x0460, 0x0460, 0x0460, 0x0460, 0x0460,
        0x0460, 0x0460, 0x0460, 0x0460, 0x0460, 0x0460, 0x0460, 0x0460, 0x0460, 0x0460, 0x0460, 0x0460, 0x0460, 0x0460, 0x0460, 0x0460,
        0x0460, 0x0460, 0x0460, 0x0460, 0x0460, 0x0460, 0x0460, 0x0460, 0x0460, 0x0460, 0x0460, 0x0460, 0x0460, 0x0460, 0x0460, 0x0460,
        0x0460, 0x0460, 0x0460, 0x0460, 0x0460, 0x0460, 0x0460, 0x0460, 0x0460, 0x0460, 0x0460, 0x0460, 0x0460, 0x0460, 0x0460, 0x0460,
        0x0460, 0x0460, 0x0460, 0x0460, 0x0460, 0x0460, 0x0460, 0x0460, 0x0460, 0x0460, 0x0460, 0x0460, 0x0460, 0x0460, 0x0460, 0x0460,
        0x0460, 0x0460, 0x0460, 0x0460, 0x0460, 0x0460, 0x0460, 0x0460, 0x0460, 0x0460, 0x0460, 0x0460, 0x0460, 0x0460, 0x1366, 0x1366,
        0x0460, 0x0460, 0x0460, 0x0460, 0x0460, 0x0460, 0x0460, 0x0460, 0x0460, 0x0460, 0x0460, 0x0460, 0x0460, 0x0460, 0x0460, 0x0460,
        0x0460, 0x0460, 0x0460, 0x0460, 0x0460, 0x0460, 0x0460, 0x0460, 0x0460, 0x0460, 0x0460, 0x0460, 0x0460, 0x0460, 0x0460, 0x0460,
        0x0460, 0x0460, 0x0460, 0x0460, 0x0460, 0x0460, 0x0460, 0x0460, 0x0460, 0x0460, 0x0460, 0x0460, 0x0460, 0x0460, 0x0460, 0x0460,
        0x0460, 0x0460, 0x0460, 0x0460, 0x0460, 0x0460, 0x0460, 0x0460, 0x0460, 0x0460, 0x0460, 0x0460, 0x0460, 0x0460, 0x0460, 0x0460,
        0x0460, 0x0460, 0x0460, 0x0460, 0x0460, 0x0460, 0x0460, 0x0460, 0x0460, 0x0460, 0x0460, 0x0460, 0x0460, 0x0460, 0x0460, 0x0460,
        0x0460, 0x0460, 0x0460, 0x0460, 0x0460, 0x0460, 0x0460, 0x0460, 0x0460, 0x0460, 0x0460, 0x0460, 0x0460, 0x0460, 0x0460, 0x0460,
        0x0460, 0x0460, 0x0460, 0x0460, 0x0460, 0x0460, 0x0460, 0x0460, 0x0460, 0x0460, 0x0460, 0x0460, 0x0460, 0x0460, 0x0460, 0x0460,
        0x0460, 0x0460, 0x0460, 0x0460, 0x0460, 0x0460, 0x0460, 0x0460, 0x0460, 0x0460, 0x0460, 0x0460, 0x0460, 0x0460, 0x0460, 0x0460,
        0x0460, 0x0460, 0x0460, 0x0460, 0x0460, 0x0460, 0x0460, 0x0460, 0x0460, 0x0460, 0x0460, 0x0460, 0x0460, 0x0460, 0x0460, 0x0460,
        0x0460, 0x0460, 0x0460, 0x0460, 0x0460, 0x0460, 0x0460, 0x0460, 0x0460, 0x0460, 0x0460, 0x0460, 0x0460, 0x0460, 0x0460, 0x0460,
        0x0460, 0x0460, 0x0460, 0x0460, 0x0460, 0x0460, 0x0460, 0x0460, 0x0460, 0x0460, 0x0460, 0x0460, 0x0460, 0x0460, 0x0460, 0x0460,
        0x0460, 0x0460, 0x0460, 0x0460, 0x0460, 0x0460, 0x0460, 0x0460, 0x0460, 0x0460, 0x0460, 0x0460, 0x0460, 0x0460, 0x0460, 0x0460,
        0x0460, 0x0460, 0x0460, 0x0460, 0x0460, 0x0460, 0x0460, 0x0460, 0x0460, 0x0460, 0x0460, 0x0460, 0x0460, 0x0460, 0x0460, 0x0460,
        0x0460, 0x0460, 0x0460, 0x0460, 0x0460, 0x0460, 0x0460, 0x0460, 0x0460, 0x0460, 0x0460, 0x0460, 0x0460, 0x0460, 0x0460, 0x0460,
        0x0460, 0x0460, 0x0460, 0x0460, 0x0460, 0x0460, 0x0460, 0x0460, 0x0460, 0x0460, 0x0460, 0x0460, 0x0460, 0x0460, 0x0460, 0x0460,
        0x0460, 0x0460, 0x0460, 0x1366, 0x0460, 0x0460, 0x1366, 0x0460, 0x0460, 0x0460, 0x0460, 0x0460, 0x0460, 0x0460, 0x1366, 0x1366,
        0x0460, 0x0460, 0x0460, 0x0460, 0x0460, 0x1366, 0x0460, 0x0460, 0x0460, 0x0460, 0x0460, 0x0460, 0x0460, 0x0460, 0x0460, 0x0460,
        0x0460, 0x0460, 0x0460, 0x0460, 0x0460, 0x0460, 0x0460, 0x0460, 0x0460, 0x0460, 0x0460, 0x0460, 0x0460, 0x0460, 0x0460, 0x0460,
        0x0460, 0x0460, 0x0460, 0x0460, 0x0460, 0x0460, 0x0460, 0x0460, 0x0460, 0x0460, 0x0460, 0x0460, 0x0460, 0x0460, 0x0460, 0x0460,
        0x0460, 0x0460, 0x0460, 0x0460, 0x0460, 0x0460, 0x0460, 0x0460, 0x0460, 0x0460, 0x0460, 0x0460, 0x0460, 0x0460, 0x0460, 0x0460,
        0x0460, 0x0460, 0x0460, 0x0460, 0x0460, 0x0460, 0x0460, 0x0460, 0x0460, 0x0460, 0x0460, 0x0460, 0x0460, 0x0460, 0x0460, 0x0460,
        0x0460, 0x0460, 0x0460, 0x0460, 0x0460, 0x0460, 0x0460, 0x0460, 0x0460, 0x0460, 0x0460, 0x0460, 0x0460, 0x0460, 0x0460, 0x0460,
        0x0460, 0x0460, 0x0460, 0x0460, 0x0460, 0x0460, 0x0460, 0x0460, 0x0460, 0x0460, 0x0460, 0x0460, 0x0460, 0x0460, 0x0460, 0x0460,
        0x0460, 0x0460, 0x0460, 0x0460, 0x0460, 0x0460, 0x0460, 0x0460, 0x0460, 0x0460, 0x0460, 0x0460, 0x0460, 0x0460, 0x0460, 0x0460,
        0x0460, 0x0460, 0x0460, 0x0460, 0x0460, 0x0460, 0x0460, 0x0460, 0x0460, 0x0460, 0x0460, 0x0460, 0x0460, 0x0460, 0x0460, 0x0460,
        0x0460, 0x0460, 0x0460, 0x0460, 0x0460, 0x0460, 0x0460, 0x0460, 0x0460, 0x0460, 0x0460, 0x0460, 0x0460, 0x0460, 0x0460, 0x0460,
        0x0460, 0x0460, 0x0460, 0x0460, 0x0460, 0x0460, 0x0460, 0x0460, 0x0460, 0x0460, 0x0460, 0x0460, 0x0460, 0x0460, 0x0460, 0x0460,
        0x0460, 0x0460, 0x0460, 0x0460, 0x0460, 0x0460, 0x0460, 0x0460, 0x0460, 0x0460, 0x0460, 0x0460, 0x0460, 0x0460, 0x0460, 0x0460,
        0x0460, 0x0460, 0x0460, 0x0460, 0x0460, 0x0460, 0x0460, 0x0460, 0x0460, 0x0460, 0x0460, 0x0460, 0x0460, 0x0460, 0x0460, 0x0460,
        0x0460, 0x0460, 0x0460, 0x0460, 0x0460, 0x0460, 0x0460, 0x0460, 0x0460, 0x0460, 0x0460, 0x0460, 0x0460, 0x0460, 0x0460, 0x0460,
        0x1366, 0x1366, 0x1366, 0x1366, 0x1366, 0x1366, 0x1366, 0x0460, 0x0460, 0x0460, 0x0460, 0x0460, 0x0460, 0x0460, 0x0460, 0x0460,
        0x0460, 0x0460, 0x0460, 0x0460, 0x0460, 0x0460, 0x0460, 0x0460, 0x0460, 0x0460, 0x0460, 0x0460, 0x0460, 0x0460, 0x0460, 0x0460,
        0x0460, 0x0460, 0x0460, 0x0460, 0x0460, 0x0460, 0x0460, 0x0460, 0x0460, 0x0460, 0x0460, 0x0460, 0x0460, 0x0460, 0x0460, 0x0460,
        0x0460, 0x0460, 0x0460, 0x0460, 0x0460, 0x0460, 0x0460, 0x0460, 0x0460, 0x0460, 0x0460, 0x0460, 0x0460, 0x0460, 0x0460, 0x0460,
        0x0460, 0x0460, 0x0460, 0x0460, 0x0460, 0x0460, 0x0460, 0x0460, 0x0460, 0x0460, 0x0460, 0x0460, 0x0460, 0x0460, 0x0460, 0x0460,
        0x0460, 0x0460, 0x0460, 0x0460, 0x0460, 0x0460, 0x0460, 0x0460, 0x0460, 0x0460, 0x0460, 0x0460, 0x0460, 0x0460, 0x0460, 0x0460,
        0x0460, 0x0460, 0x0460, 0x0460, 0x0460, 0x0460, 0x0460, 0x0460, 0x0460, 0x0460, 0x0460, 0x0460, 0x0460, 0x0460, 0x0460, 0x0460,
        0x0460, 0x0460, 0x0460, 0x0460, 0x1366, 0x1366, 0x1366, 0x1366, 0x1366, 0x1366, 0x1366, 0x0460, 0x0460, 0x0460, 0x0460, 0x0460,
        0x0460, 0x0460, 0x0460, 0x0460, 0x0460, 0x0460, 0x0460, 0x0460, 0x0460, 0x0460, 0x0460, 0x0460, 0x0460, 0x0460, 0x0460, 0x0460,
        0x0460, 0x0460, 0x0460, 0x0460, 0x0460, 0x0460, 0x0460, 0x0460, 0x0460, 0x0460, 0x0460, 0x0460, 0x0460, 0x0460, 0x0460, 0x0460,
        0x0460, 0x0460, 0x0460, 0x0460, 0x0460, 0x0460, 0x0460, 0x0460, 0x0460, 0x0460, 0x0460, 0x0460, 0x0460, 0x0460, 0x0460, 0x0460,
        0x0460, 0x0460, 0x0460, 0x0460, 0x0460, 0x0460, 0x0460, 0x0460, 0x0460, 0x0460, 0x0460, 0x0460, 0x0460, 0x0460, 0x0460, 0x0460,
        0x0460, 0x0460, 0x0460, 0x0460, 0x0460, 0x0460, 0x0460, 0x0460, 0x0460, 0x0460, 0x0460, 0x0460, 0x0460, 0x0460, 0x0460, 0x0460,
        0x0460, 0x0460, 0x0460, 0x0460, 0x0460, 0x0460, 0x0460, 0x0460, 0x0460, 0x0460, 0x0460, 0x0460, 0x0460, 0x0460, 0x0460, 0x0460,
        0x0460, 0x0460, 0x0460, 0x0460, 0x0460, 0x0460, 0x0460, 0x0460, 0x0460, 0x0460, 0x0460, 0x0460, 0x0460, 0x0460, 0x0460, 0x0460,
        0x0460, 0x0460, 0x0460, 0x0460, 0x0460, 0x0460, 0x0460, 0x0460, 0x0460, 0x0460, 0x0460, 0x0460, 0x0460, 0x0460, 0x0460, 0x0460,
        0x0460, 0x0460, 0x0460, 0x0460, 0x0460, 0x0460, 0x0460, 0x0460, 0x0460, 0x0460, 0x0460, 0x0460, 0x0460, 0x0460, 0x0460, 0x0460,
        0x0460, 0x0460, 0x0460, 0x0460, 0x0460, 0x0460, 0x0460, 0x0460, 0x0460, 0x0460, 0x0460, 0x0460, 0x0460, 0x0460, 0x0460, 0x0460,
        0x0460, 0x0460, 0x0460, 0x0460, 0x0460, 0x0460, 0x0460, 0x0460, 0x0460, 0x0460, 0x0460, 0x0460, 0x0460, 0x0460, 0x0460, 0x0460,
        0x0460, 0x0460, 0x0460, 0x0460, 0x28B2, 0x0460, 0x0460, 0x0460, 0x0460, 0x0460, 0x0460, 0x0460, 0x0460, 0x0460, 0x0460, 0x0460,
        0x0460, 0x0460, 0x0460, 0x0460, 0x0460, 0x0460, 0x0460, 0x0460, 0x0460, 0x0460, 0x0460, 0x0460, 0x0460, 0x0460, 0x0460, 0x0460,
        0x0460, 0x0460, 0x0460, 0x0460, 0x0460, 0x0460, 0x0460, 0x0460, 0x0460, 0x0460, 0x0460, 0x0460, 0x0472, 0x0472, 0x0472, 0x0472,
        0x0460, 0x0460, 0x0460, 0x0460, 0x0460, 0x0460, 0x0460, 0x0460, 0x0460, 0x0460, 0x0460, 0x0460, 0x0460, 0x0460, 0x0460, 0x0460,
        0x0460, 0x0460, 0x0460, 0x0460, 0x0460, 0x0460, 0x0460, 0x0460, 0x0460, 0x0460, 0x0460, 0x0460, 0x0460, 0x0460, 0x0460, 0x0460,
        0x0460, 0x0460, 0x0460, 0x0460, 0x0460, 0x0460, 0x0460, 0x0460, 0x0460, 0x0460, 0x0460, 0x0460, 0x0460, 0x0460, 0x0460, 0x0460,
        0x0460, 0x0460, 0x0460, 0x0460, 0x0460, 0x0460, 0x0460, 0x0460, 0x0460, 0x0460, 0x0460, 0x0460, 0x0460, 0x0460, 0x0460, 0x0460,
        0x0460, 0x0460, 0x0460, 0x0460, 0x0460, 0x0460, 0x0460, 0x0460, 0x0460, 0x0460, 0x0460, 0x0460, 0x0460, 0x0460, 0x0460, 0x0460,
        0x0460, 0x0460, 0x0460, 0x0460, 0x0460, 0x0460, 0x0460, 0x0460, 0x0460, 0x0460, 0x0460, 0x0460, 0x0460, 0x0460, 0x0460, 0x0460,
        0x0460, 0x0460, 0x0460, 0x0460, 0x0472, 0x0472, 0x0472, 0x0472, 0x0472, 0x0472, 0x0472, 0x0472, 0x0472, 0x0472, 0x0472, 0x0472,
        0x0460, 0x0460, 0x0460, 0x0460, 0x0460, 0x0460, 0x0460, 0x0460, 0x0460, 0x0460, 0x0460, 0x0460, 0x0460, 0x0460, 0x0460, 0x0472,
        0x0472, 0x0460, 0x0460, 0x0460, 0x0460, 0x0460, 0x0460, 0x0460, 0x0460, 0x0460, 0x0460, 0x0460, 0x0460, 0x0460, 0x0460, 0x0460,
        0x0472, 0x0460, 0x0460, 0x0460, 0x0460, 0x0460, 0x0460, 0x0460, 0x0460, 0x0460, 0x0460, 0x0460, 0x0460, 0x0460, 0x0460, 0x08B2,
        0x0472, 0x0460, 0x0460, 0x0460, 0x0460, 0x0460, 0x0460, 0x0460, 0x0460, 0x0460, 0x0460, 0x0460, 0x0460, 0x0460, 0x0460, 0x0460,
        0x0460, 0x0460, 0x0460, 0x0460, 0x0460, 0x0460, 0x0460, 0x0460, 0x0460, 0x0460, 0x0460, 0x0460, 0x0460, 0x0460, 0x0460, 0x0460,
        0x0460, 0x0460, 0x0460, 0x0460, 0x0460, 0x0460, 0x0472, 0x0472, 0x0472, 0x0472, 0x0472, 0x0472, 0x0472, 0x0472, 0x0472, 0x0472,
        0x0400, 0x0400, 0x0400, 0x0400, 0x0400, 0x0400, 0x0400, 0x0400, 0x0400, 0x0400, 0x0400, 0x0460, 0x0460, 0x0460, 0x0460, 0x0460,
        0x0400, 0x0400, 0x0400, 0x0400, 0x0400, 0x0400, 0x0400, 0x0400, 0x0400, 0x0400, 0x0400, 0x0400, 0x0400, 0x0400, 0x0400, 0x0400,
        0x0400, 0x0400, 0x0400, 0x0400, 0x0400, 0x0400, 0x0400, 0x0400, 0x0400, 0x0400, 0x0400, 0x0400, 0x0400, 0x0400, 0x0460, 0x0460,
        0x0400, 0x0400, 0x0400, 0x0400, 0x0400, 0x0400, 0x0400, 0x0400, 0x0400, 0x0400, 0x0400, 0x0400, 0x0400, 0x0400, 0x0400, 0x0400,
        0x0400, 0x0400, 0x0400, 0x0400, 0x0400, 0x0400, 0x0400, 0x0400, 0x0400, 0x0400, 0x0400, 0x0400, 0x0400, 0x0400, 0x0400, 0x0400,
        0x0400, 0x0400, 0x0400, 0x0400, 0x0400, 0x0400, 0x0400, 0x0400, 0x0400, 0x0400, 0x0400, 0x0400, 0x0400, 0x0400, 0x0400, 0x0400,
        0x0400, 0x0400, 0x0400, 0x0400, 0x0400, 0x0400, 0x0400, 0x0400, 0x0400, 0x0400, 0x0460, 0x0460, 0x0460, 0x0460, 0x0460, 0x0460,
        0x2412, 0x2412, 0x0400, 0x0400, 0x0400, 0x0400, 0x0400, 0x0400, 0x0400, 0x0400, 0x0400, 0x0400, 0x0400, 0x0400, 0x2412, 0x2412,
        0x0400, 0x0400, 0x0400, 0x0400, 0x0400, 0x0400, 0x0400, 0x0400, 0x0400, 0x0400, 0x0400, 0x0400, 0x0400, 0x0400, 0x08B2, 0x0400,
        0x0400, 0x08B2, 0x08B2, 0x08B2, 0x08B2, 0x08B2, 0x08B2, 0x08B2, 0x08B2, 0x08B2, 0x08B2, 0x0400, 0x0400, 0x0400, 0x0400, 0x0400,
        0x0400, 0x0400, 0x0400, 0x0400, 0x0400, 0x0400, 0x0400, 0x0400, 0x0400, 0x0400, 0x0400, 0x0400, 0x0400, 0x0460, 0x08A0, 0x0472,
        0x0472, 0x0472, 0x0472, 0x0472, 0x0472, 0x0472, 0x0472, 0x0472, 0x0472, 0x0472, 0x0472, 0x0472, 0x0472, 0x0472, 0x0472, 0x0472,
        0x0472, 0x0472, 0x0472, 0x0472, 0x0472, 0x0472, 0x0472, 0x0472, 0x0472, 0x0472, 0x0472, 0x0472, 0x0472, 0x0472, 0x0472, 0x0472,
        0x0472, 0x0472, 0x0472, 0x0472, 0x0472, 0x0472, 0x0472, 0x0472, 0x0472, 0x0472, 0x0472, 0x0472, 0x0472, 0x0472, 0x0472, 0x0472,
        0x0472, 0x0472, 0x0472, 0x0472, 0x0472, 0x0472, 0x086D, 0x086D, 0x086D, 0x086D, 0x086D, 0x086D, 0x086D, 0x086D, 0x086D, 0x086D,
        0x086D, 0x086D, 0x086D, 0x086D, 0x086D, 0x086D, 0x086D, 0x086D, 0x086D, 0x086D, 0x086D, 0x086D, 0x086D, 0x086D, 0x086D, 0x086D,
        0x08A0, 0x08B2, 0x28B2, 0x0472, 0x0472, 0x0472, 0x0472, 0x0472, 0x0472, 0x0472, 0x0472, 0x0472, 0x0472, 0x0472, 0x0472, 0x0472,
        0x08A0, 0x08A0, 0x08A0, 0x08A0, 0x08A0, 0x08A0, 0x08A0, 0x08A0, 0x08A0, 0x08A0, 0x28B2, 0x08A0, 0x08A0, 0x08A0, 0x08A0, 0x08A0,
        0x08A0, 0x08A0, 0x08A0, 0x08A0, 0x08A0, 0x08A0, 0x08A0, 0x08A0, 0x08A0, 0x08A0, 0x08A0, 0x08A0, 0x08A0, 0x08A0, 0x08A0, 0x28B2,
        0x08A0, 0x08A0, 0x08B2, 0x08B2, 0x08B2, 0x08B2, 0x08B2, 0x28B2, 0x08B2, 0x08B2, 0x08B2, 0x08A0, 0x0472, 0x0472, 0x0472, 0x0472,
        0x08A0, 0x08A0, 0x08A0, 0x08A0, 0x08A0, 0x08A0, 0x08A0, 0x08A0, 0x08A0, 0x0472, 0x0472, 0x0472, 0x0472, 0x0472, 0x0472, 0x0472,
        0x08B2, 0x08B2, 0x0472, 0x0472, 0x0472, 0x0472, 0x0472, 0x0472, 0x0472, 0x0472, 0x0472, 0x0472, 0x0472, 0x0472, 0x0472, 0x0472,
        0x08A0, 0x08A0, 0x08A0, 0x08A0, 0x08A0, 0x08A0, 0x0472, 0x0472, 0x0472, 0x0472, 0x0472, 0x0472, 0x0472, 0x0472, 0x0472, 0x0472,
        0x0472, 0x0472, 0x0472, 0x0472, 0x0472, 0x0472, 0x0472, 0x0472, 0x0472, 0x0472, 0x0472, 0x0472, 0x0472, 0x0472, 0x0472, 0x0472,
        0x0472, 0x0472, 0x0472, 0x0472, 0x0472, 0x0472, 0x0472, 0x0472, 0x0472, 0x0472, 0x0472, 0x0472, 0x0472, 0x0472, 0x0472, 0x0472,
        0x0472, 0x0472, 0x0472, 0x0472, 0x0472, 0x0472, 0x0472, 0x0472, 0x0472, 0x0472, 0x0472, 0x0472, 0x0472, 0x0472, 0x0472, 0x0472,
        0x0472, 0x0472, 0x0472, 0x0472, 0x0472, 0x0472, 0x0472, 0x0472, 0x0472, 0x0472, 0x0472, 0x0472, 0x0472, 0x0472, 0x0472, 0x0472,
        0x0472, 0x0472, 0x0472, 0x0472, 0x0472, 0x0472, 0x0472, 0x0472, 0x0472, 0x0472, 0x0472, 0x0472, 0x0472, 0x0472, 0x0472, 0x0472,
        0x0472, 0x0472, 0x0472, 0x0472, 0x0472, 0x0472, 0x0472, 0x0472, 0x0472, 0x0472, 0x0472, 0x0472, 0x0472, 0x0472, 0x0472, 0x0472,
        0x0472, 0x0472, 0x0472, 0x0472, 0x0472, 0x0472, 0x0472, 0x0472, 0x0472, 0x0472, 0x0472, 0x0472, 0x0472, 0x0472, 0x0472, 0x0472,
        0x0472, 0x0472, 0x0472, 0x0472, 0x0472, 0x0472, 0x0472, 0x0472, 0x0472, 0x0472, 0x0472, 0x0472, 0x0472, 0x0472, 0x0472, 0x0472,
        0x0472, 0x0472, 0x0472, 0x0472, 0x0472, 0x0472, 0x0472, 0x0472, 0x0472, 0x0472, 0x0472, 0x0472, 0x0472, 0x0472, 0x0472, 0x0472,
        0x08B2, 0x08B2, 0x08B2, 0x08B2, 0x08B2, 0x08B2, 0x08B2, 0x08B2, 0x08B2, 0x08B2, 0x08B2, 0x08B2, 0x08B2, 0x28B2, 0x28B2, 0x28B2,
        0x08B2, 0x08B2, 0x08B2, 0x08B2, 0x08B2, 0x28B2, 0x08B2, 0x08B2, 0x08B2, 0x08B2, 0x08B2, 0x08B2, 0x28B2, 0x08B2, 0x08B2, 0x08B2,
        0x08B2, 0x2472, 0x0460, 0x0460, 0x2472, 0x2472, 0x2472, 0x2472, 0x2472, 0x2472, 0x2472, 0x2472, 0x2472, 0x08B2, 0x08B2, 0x08B2,
        0x08B2, 0x08B2, 0x08B2, 0x08B2, 0x08B2, 0x08B2, 0x2472, 0x08B2, 0x08B2, 0x08B2, 0x08B2, 0x08B2, 0x08B2, 0x08B2, 0x08B2, 0x08B2,
        0x08B2, 0x08B2, 0x08B2, 0x08B2, 0x08B2, 0x08B2, 0x08B2, 0x08B2, 0x08B2, 0x08B2, 0x08B2, 0x08B2, 0x08B2, 0x08B2, 0x08B2, 0x08B2,
        0x08B2, 0x08B2, 0x08B2, 0x08B2, 0x08B2, 0x08B2, 0x08B2, 0x08B2, 0x08B2, 0x08B2, 0x08B2, 0x08B2, 0x08B2, 0x08B2, 0x08B2, 0x08B2,
        0x08B2, 0x08B2, 0x08B2, 0x08B2, 0x08B2, 0x08B2, 0x08B2, 0x08B2, 0x08B2, 0x08B2, 0x08B2, 0x08B2, 0x08B2, 0x08B2, 0x08B2, 0x08B2,
        0x08B2, 0x08B2, 0x08B2, 0x08B2, 0x08B2, 0x08B2, 0x08B2, 0x08B2, 0x28B2, 0x08B2, 0x08B2, 0x08B2, 0x08B2, 0x2472, 0x08B2, 0x08B2,
        0x08B2, 0x08B2, 0x08B2, 0x08B2, 0x08B2, 0x88B2, 0x08B2, 0x08B2, 0x08B2, 0x08B2, 0x08B2, 0x08B2, 0x08B2, 0x08B2, 0x08B2, 0x08B2,
        0x08B2, 0x08B2, 0x08B2, 0x28B2, 0x0460, 0x0460, 0x2472, 0x2472, 0x0460, 0x2472, 0x2472, 0x2472, 0x0460, 0x0460, 0x2472, 0x2472,
        0x08B2, 0x08B2, 0x08B2, 0x08B2, 0x08B2, 0x08B2, 0x08B2, 0x28B2, 0x08B2, 0x08B2, 0x08B2, 0x08B2, 0x28B2, 0x28B2, 0x28B2, 0x08B2,
        0x08B2, 0x08B2, 0x08B2, 0x08B2, 0x08B2, 0x08B2, 0x08B2, 0x08B2, 0x08B2, 0x08B2, 0x08B2, 0x08B2, 0x08B2, 0x08B2, 0x08B2, 0x08B2,
        0x08B2, 0x08B2, 0xA8B2, 0x88B2, 0xA8B2, 0x08B2, 0x28B2, 0x88B2, 0x08B2, 0x08B2, 0xA8B2, 0xA472, 0xA472, 0x2472, 0x2472, 0x08B2,
        0x08B2, 0x08B2, 0x08B2, 0x08B2, 0x2472, 0x2472, 0x2472, 0x2472, 0x2472, 0x2472, 0x2472, 0x2472, 0x2472, 0x2472, 0x2472, 0x2472,
        0x28B2, 0x08B2, 0x08B2, 0x08B2, 0x08B2, 0x08B2, 0x08B2, 0x08B2, 0x08B2, 0x08B2, 0x08B2, 0x08B2, 0x08B2, 0x28B2, 0x08B2, 0x08B2,
        0x08B2, 0x0460, 0x0460, 0x2472, 0x08B2, 0x2472, 0x0460, 0x2472, 0x08B2, 0x08B2, 0x08B2, 0x5BA6, 0x5BA6, 0x5BA6, 0x5BA6, 0x5BA6,
        0x08B2, 0x08B2, 0x08B2, 0x08B2, 0x08B2, 0x08B2, 0x08B2, 0x08B2, 0x28B2, 0x08B2, 0x08B2, 0x08B2, 0x08B2, 0x08B2, 0x08B2, 0x08B2,
        0x08B2, 0x08B2, 0x08B2, 0x08B2, 0x08B2, 0x28B2, 0x08B2, 0x08B2, 0x08B2, 0x08B2, 0x08B2, 0x08B2, 0x08B2, 0x08B2, 0x08B2, 0x28B2,
        0x08B2, 0x08B2, 0x08B2, 0x08B2, 0x08B2, 0x08B2, 0x28B2, 0x08B2, 0x08B2, 0x08B2, 0x08B2, 0x08B2, 0x08B2, 0x08B2, 0x08B2, 0x08B2,
        0x08B2, 0x08B2, 0x08B2, 0x08B2, 0x08B2, 0x08B2, 0x08B2, 0x08B2, 0x08B2, 0x08B2, 0x08B2, 0x08B2, 0x08B2, 0x08B2, 0x08B2, 0x2472,
        0x08B2, 0x2472, 0xA8B2, 0x88B2, 0x08B2, 0x08B2, 0xA8B2, 0xA8B2, 0xA8B2, 0xA8B2, 0x88B2, 0x88B2, 0x88B2, 0xA8B2, 0xA8B2, 0x88B2,
        0x88B2, 0x08B2, 0x08B2, 0x28B2, 0x08B2, 0x08B2, 0x08B2, 0x08B2, 0x08B2, 0x08B2, 0x08B2, 0x08B2, 0x08B2, 0x08B2, 0x08B2, 0x08B2,
        0x08B2, 0x08B2, 0x08B2, 0x08B2, 0x08B2, 0x08B2, 0x88B2, 0x88B2, 0x88B2, 0x88B2, 0xA8B2, 0x88B2, 0x88B2, 0x88B2, 0x88B2, 0x88B2,
        0x88B2, 0x88B2, 0x88B2, 0x88B2, 0x88B2, 0x88B2, 0x88B2, 0x88B2, 0x88B2, 0x08B2, 0x08B2, 0x08B2, 0x88B2, 0x28B2, 0x08B2, 0x08B2,
        0x08B2, 0x88B2, 0x88B2, 0x88B2, 0x08B2, 0x88B2, 0x88B2, 0x88B2, 0x08B2, 0x08B2, 0x08B2, 0x08B2, 0x08B2, 0x08B2, 0x08B2, 0x88B2,
        0x08B2, 0x88B2, 0x08B2, 0x08B2, 0x08B2, 0x08B2, 0x08B2, 0x08B2, 0x08B2, 0x08B2, 0x08B2, 0x08B2, 0x08B2, 0x08B2, 0x08B2, 0x08B2,
        0x08B2, 0x08B2, 0x08B2, 0x28B2, 0x08B2, 0x08B2, 0x08B2, 0x08B2, 0x08B2, 0x08B2, 0x88B2, 0x08B2, 0x08B2, 0x08B2, 0x08B2, 0x08B2,
        0x28B2, 0x08B2, 0x08B2, 0x28B2, 0x08B2, 0x08B2, 0x08B2, 0x08B2, 0x08B2, 0x08B2, 0x08B2, 0x28B2, 0x08B2, 0x08B2, 0x08B2, 0x28B2,
        0x08B2, 0x08B2, 0x08B2, 0x08B2, 0x08B2, 0x08B2, 0x08B2, 0x08B2, 0x08B2, 0x08B2, 0x08B2, 0x28B2, 0x08B2, 0x08B2, 0x08B2, 0x08B2,
        0x08B2, 0x08B2, 0x08B2, 0x08B2, 0x08B2, 0x08B2, 0x08B2, 0x08B2, 0x08B2, 0x08B2, 0x28B2, 0x08B2, 0x08B2, 0x08B2, 0x08B2, 0x28B2,
        0x08B2, 0x08B2, 0x08B2, 0x08B2, 0x28B2, 0x28B2, 0x28B2, 0x08B2, 0x08B2, 0x08B2, 0x28B2, 0x28B2, 0x28B2, 0x28B2, 0x08B2, 0x08B2,
        0x08B2, 0x08B2, 0x08B2, 0x08B2, 0x08B2, 0x08B2, 0x08B2, 0x28B2, 0x08B2, 0x28B2, 0x28B2, 0x28B2, 0x08B2, 0x2472, 0x0460, 0x08B2,
        0x08B2, 0x08B2, 0x08B2, 0x08B2, 0x08B2, 0x08B2, 0x08B2, 0x08B2, 0x28B2, 0x08B2, 0x08B2, 0x08B2, 0x08B2, 0x28B2, 0x08B2, 0x08B2,
        0x08B2, 0x08B2, 0x28B2, 0x28B2, 0x08B2, 0x08B2, 0x08B2, 0x08B2, 0x08B2, 0x08B2, 0x08B2, 0x08B2, 0x08B2, 0x08B2, 0x08B2, 0x08B2,
        0x08B2, 0x08B2, 0x08B2, 0x08B2, 0x08B2, 0x08B2, 0x08B2, 0x08B2, 0x08B2, 0x08B2, 0x08B2, 0x08B2, 0x08B2, 0x08B2, 0x08B2, 0x08B2,
        0x08B2, 0x08B2, 0x08B2, 0x08B2, 0x08B2, 0x08B2, 0x08B2, 0x08B2, 0x08B2, 0x08B2, 0x08B2, 0x08B2, 0x08B2, 0x08B2, 0x0460, 0x0460,
        0x0460, 0x0460, 0x0460, 0x0460, 0x0460, 0x0460, 0x0460, 0x0460, 0x0460, 0x2472, 0x2472, 0x08B2, 0x08B2, 0x08B2, 0x08B2, 0x0460,
        0x28B2, 0x28B2, 0x28B2, 0x28B2, 0x28B2, 0x28B2, 0x28B2, 0x28B2, 0x28B2, 0x28B2, 0x28B2, 0x28B2, 0x28B2, 0x28B2, 0x28B2, 0x28B2,
        0x28B2, 0x28B2, 0x28B2, 0x28B2, 0x28B2, 0x28B2, 0x28B2, 0x28B2, 0x0460, 0x0460, 0x0460, 0x0460, 0x0460, 0x0460, 0x0460, 0x2472,
        0x2472, 0x0460, 0x0460, 0x2472, 0xA472, 0xA472, 0x2472, 0x2472, 0x2472, 0x2472, 0x88B2, 0x0460, 0x0460, 0x0460, 0x0460, 0x0460,
        0x0460, 0x0460, 0x0460, 0x0460, 0x0460, 0x0460, 0x0460, 0x2472, 0x0460, 0x0460, 0x2472, 0x2472, 0x2472, 0x2472, 0x0460, 0x0460,
        0xA472, 0x0460, 0x0460, 0x0460, 0x0460, 0x88B2, 0x88B2, 0x0460, 0x0460, 0x0460, 0x0460, 0x0460, 0x0460, 0x0460, 0x0460, 0x0460,
        0x0460, 0x0460, 0x0460, 0x0460, 0x08B2, 0x2472, 0x0460, 0x0460, 0x2472, 0x0460, 0x0460, 0x0460, 0x0460, 0x0460, 0x0460, 0x0460,
        0x0460, 0x2472, 0x2472, 0x0460, 0x0460, 0x0460, 0x0460, 0x0460, 0x0460, 0x0460, 0x0460, 0x0460, 0x2472, 0x0460, 0x0460, 0x0460,
        0x0460, 0x0460, 0x2472, 0x2472, 0x2472, 0x0460, 0x0460, 0x0460, 0x0460, 0x0460, 0x0460, 0x0460, 0x0460, 0x0460, 0x0460, 0x0460,
        0x0460, 0x2472, 0x2472, 0x2472, 0x0460, 0x0460, 0x0460, 0x0460, 0x0460, 0x0460, 0x0460, 0x0460, 0x2472, 0x2472, 0x2472, 0x0460,
        0x0460, 0x2472, 0x0460, 0x2472, 0x0460, 0x0460, 0x0460, 0x0460, 0x2472, 0x0460, 0x0460, 0x0460, 0x0460, 0x0460, 0x0460, 0x2472,
        0x0460, 0x0460, 0x0460, 0x2472, 0x0460, 0x0460, 0x0460, 0x0460, 0x0460, 0x0460, 0x2472, 0x08B2, 0x08B2, 0x08B2, 0x08B2, 0x08B2,
        0x08B2, 0x08B2, 0x08B2, 0x08B2, 0x08B2, 0x08B2, 0x08B2, 0x08B2, 0x08B2, 0x08B2, 0x08B2, 0x08B2, 0x08B2, 0x08B2, 0x08B2, 0x08B2,
        0x28B2, 0x08B2, 0x08B2, 0x08B2, 0x08B2, 0x08B2, 0x08B2, 0x08B2, 0x08B2, 0x08B2, 0x08B2, 0x08B2, 0x08B2, 0x08B2, 0x08B2, 0x08B2,
        0x08B2, 0x08B2, 0x08B2, 0x08B2, 0x08B2, 0x08B2, 0x08B2, 0x08B2, 0x08B2, 0x08B2, 0x08B2, 0x08B2, 0x08B2, 0x08B2, 0x08B2, 0x08B2,
        0x08B2, 0x08B2, 0x08B2, 0x08B2, 0x08B2, 0x08B2, 0x08B2, 0x08B2, 0x08B2, 0x08B2, 0x08B2, 0x08B2, 0x08B2, 0x08B2, 0x08B2, 0x08B2,
        0x08B2, 0x08B2, 0x08B2, 0x08B2, 0x08B2, 0x88B2, 0x88B2, 0x88B2, 0x08B2, 0x08B2, 0x08B2, 0x88B2, 0x88B2, 0x88B2, 0x88B2, 0x88B2,
        0x0460, 0x0460, 0x0460, 0x0460, 0x0460, 0x0460, 0x0460, 0x0460, 0x0460, 0x0460, 0x0460, 0x0460, 0x0460, 0x0460, 0x0460, 0x0460,
        0x0460, 0x0460, 0x0460, 0x0460, 0x0460, 0x0460, 0x0460, 0x0460, 0x0460, 0x0460, 0x0460, 0x0460, 0x0460, 0x0460, 0x0460, 0x0460,
        0x0460, 0x0460, 0x0460, 0x0460, 0x0460, 0x0460, 0x0460, 0x0460, 0x0460, 0x0460, 0x0460, 0x0460, 0x0460, 0x0460, 0x0460, 0x0460,
        0x08B2, 0x08B2, 0x08B2, 0x08B2, 0x08B2, 0x08B2, 0x08B2, 0x28B2, 0x08B2, 0x08B2, 0x08B2, 0x08B2, 0x08B2, 0x28B2, 0x08B2, 0x08B2,
        0x08B2, 0x28B2, 0x08B2, 0x08B2, 0x28B2, 0x08B2, 0x08B2, 0x08B2, 0x28B2, 0x08B2, 0x08B2, 0x08B2, 0x08B2, 0x08B2, 0x08B2, 0x08B2,
        0x08B2, 0x08B2, 0x08B2, 0x88B2, 0x08B2, 0x08B2, 0x08B2, 0x08B2, 0x08B2, 0x08B2, 0x08B2, 0x08B2, 0x08B2, 0x28B2, 0x08B2, 0x08B2,
        0x08B2, 0x08B2, 0x28B2, 0x08B2, 0x88B2, 0x88B2, 0x88B2, 0x08B2, 0x08B2, 0x28B2, 0x28B2, 0x08B2, 0x28B2, 0x08B2, 0x08B2, 0x08B2,
        0x88B2, 0x08B2, 0x08B2, 0x08B2, 0x08B2, 0x08B2, 0x0460, 0x0460, 0x0460, 0x0460, 0x0460, 0x2472, 0x88B2, 0x2472, 0x2472, 0x2472,
        0x08B2, 0x08B2, 0x08B2, 0x0460, 0x0460, 0x08B2, 0x08B2, 0x08B2, 0x08B2, 0x08B2, 0x0472, 0x0472, 0x08B2, 0x08B2, 0x08B2, 0x08B2,
        0x2472, 0x2472, 0x2472, 0x2472, 0x2472, 0x2472, 0x0460, 0x0460, 0x0460, 0x2472, 0x0460, 0x08B2, 0x08B2, 0x0472, 0x0472, 0x0472,
        0x2472, 0x0460, 0x0460, 0x2472, 0x08B2, 0x08B2, 0x08B2, 0x08B2, 0x08B2, 0x08B2, 0x08B2, 0x08B2, 0x08B2, 0x0472, 0x0472, 0x0472,
        0x0460, 0x0460, 0x0460, 0x0460, 0x0460, 0x0460, 0x0460, 0x0460, 0x0460, 0x0460, 0x0460, 0x0460, 0x0460, 0x0460, 0x0460, 0x0460,
        0x0460, 0x0460, 0x0460, 0x0460, 0x0460, 0x0460, 0x0460, 0x0460, 0x0460, 0x0460, 0x0460, 0x0460, 0x0460, 0x0460, 0x0460, 0x0460,
        0x0460, 0x0460, 0x0460, 0x0460, 0x0460, 0x0460, 0x0460, 0x0460, 0x0460, 0x0460, 0x0460, 0x0460, 0x0460, 0x0460, 0x0460, 0x0460,
        0x0460, 0x0460, 0x0460, 0x0460, 0x0460, 0x0460, 0x0460, 0x0460, 0x0460, 0x0460, 0x0460, 0x0460, 0x0460, 0x0460, 0x0460, 0x0460,
        0x0460, 0x0460, 0x0460, 0x0460, 0x0460, 0x0460, 0x0460, 0x0460, 0x0460, 0x0460, 0x0460, 0x0460, 0x0460, 0x0460, 0x0460, 0x0460,
        0x0460, 0x0460, 0x0460, 0x0460, 0x0460, 0x0460, 0x0460, 0x0460, 0x0460, 0x0460, 0x0460, 0x0460, 0x0460, 0x0460, 0x0460, 0x0460,
        0x0460, 0x0460, 0x0460, 0x0460, 0x0460, 0x0460, 0x0460, 0x0460, 0x0460, 0x0460, 0x0460, 0x0460, 0x0460, 0x0460, 0x0460, 0x0460,
        0x0460, 0x0460, 0x0460, 0x0460, 0x0460, 0x0460, 0x0460, 0x0460, 0x0460, 0x0460, 0x0460, 0x0460, 0x0460, 0x0460, 0x0460, 0x0460,
        0x0460, 0x0460, 0x0460, 0x0460, 0x0460, 0x0460, 0x0460, 0x0460, 0x0460, 0x0460, 0x0460, 0x0460, 0x0460, 0x0460, 0x0460, 0x0460,
        0x0460, 0x0460, 0x0460, 0x0460, 0x0460, 0x0460, 0x0460, 0x0460, 0x0460, 0x0460, 0x0460, 0x0460, 0x0460, 0x0460, 0x0460, 0x0460,
        0x0460, 0x0460, 0x0460, 0x0460, 0x0460, 0x0460, 0x0460, 0x0460, 0x0460, 0x0460, 0x0460, 0x0460, 0x0460, 0x0460, 0x0460, 0x0460,
        0x0460, 0x0460, 0x0460, 0x0460, 0x0460, 0x0460, 0x0460, 0x0460, 0x0460, 0x0460, 0x0460, 0x0460, 0x0460, 0x0460, 0x0460, 0x0460,
        0x0460, 0x0460, 0x0460, 0x0460, 0x0460, 0x0460, 0x0460, 0x0460, 0x0460, 0x0460, 0x0460, 0x0460, 0x0460, 0x0460, 0x0460, 0x0460,
        0x0460, 0x0460, 0x0460, 0x0460, 0x0460, 0x0460, 0x0460, 0x0460, 0x0460, 0x0460, 0x08A0, 0x0460, 0x0472, 0x0472, 0x0472, 0x0472,
        0x08B2, 0x08B2, 0x08B2, 0x08B2, 0x08B2, 0x08B2, 0x08B2, 0x08B2, 0x08B2, 0x08B2, 0x08B2, 0x08B2, 0x0472, 0x0472, 0x0472, 0x0472,
        0x08B2, 0x0460, 0x0460, 0x0460, 0x0460, 0x0460, 0x0460, 0x0460, 0x0460, 0x0460, 0x0460, 0x0460, 0x0460, 0x0460, 0x0460, 0x0460,
        0x0460, 0x0460, 0x0460, 0x0460, 0x0460, 0x0460, 0x0460, 0x0460, 0x0460, 0x0460, 0x0460, 0x0460, 0x0472, 0x0472, 0x0472, 0x0472,
        0x0460, 0x0460, 0x0460, 0x0460, 0x0460, 0x0460, 0x0460, 0x0460, 0x0460, 0x0460, 0x0460, 0x0460, 0x0460, 0x0460, 0x0460, 0x0460,
        0x0460, 0x0460, 0x0460, 0x0460, 0x0460, 0x0460, 0x0460, 0x0460, 0x0460, 0x0460, 0x0460, 0x0460, 0x0460, 0x0460, 0x0460, 0x0460,
        0x0460, 0x0460, 0x0460, 0x0460, 0x0460, 0x0460, 0x0460, 0x0460, 0x0460, 0x0460, 0x0460, 0x0460, 0x0460, 0x0460, 0x0460, 0x0460,
        0x0460, 0x0460, 0x0460, 0x0460, 0x0460, 0x0460, 0x0460, 0x0460, 0x0472, 0x0472, 0x0472, 0x0472, 0x0472, 0x0472, 0x0472, 0x0472,
        0x0460, 0x0460, 0x0460, 0x0460, 0x0460, 0x0460, 0x0460, 0x0460, 0x0460, 0x0460, 0x0472, 0x0472, 0x0472, 0x0472, 0x0472, 0x0472,
        0x0460, 0x0460, 0x0460, 0x0460, 0x0460, 0x0460, 0x0460, 0x0460, 0x0460, 0x0460, 0x0460, 0x0460, 0x0460, 0x0460, 0x0460, 0x0460,
        0x0460, 0x0460, 0x0460, 0x0460, 0x0460, 0x0460, 0x0460, 0x0460, 0x0460, 0x0460, 0x0460, 0x0460, 0x0460, 0x0460, 0x0460, 0x0460,
        0x0460, 0x0460, 0x0460, 0x0460, 0x0460, 0x0460, 0x0460, 0x0460, 0x0472, 0x0472, 0x0472, 0x0472, 0x0472, 0x0472, 0x0472, 0x0472,
        0x0460, 0x0460, 0x0460, 0x0460, 0x0460, 0x0460, 0x0460, 0x0460, 0x0460, 0x0460, 0x0460, 0x0460, 0x0460, 0x0460, 0x0460, 0x0460,
        0x0460, 0x0460, 0x0460, 0x0460, 0x0460, 0x0460, 0x0460, 0x0460, 0x0460, 0x0460, 0x0460, 0x0460, 0x0460, 0x0460, 0x0472, 0x0472,
        0x0460, 0x0460, 0x0460, 0x0460, 0x0460, 0x0460, 0x0460, 0x0460, 0x0460, 0x0460, 0x0460, 0x0460, 0x0472, 0x0472, 0x0472, 0x0472,
        0x0460, 0x0460, 0x0472, 0x0472, 0x0472, 0x0472, 0x0472, 0x0472, 0x0472, 0x0472, 0x0472, 0x0472, 0x0472, 0x0472, 0x0472, 0x0472,
        0x0460, 0x0460, 0x0460, 0x0460, 0x0460, 0x0460, 0x0460, 0x0460, 0x0460, 0x0472, 0x0472, 0x0472, 0x0472, 0x0472, 0x0472, 0x0472,
        0x0472, 0x0472, 0x0472, 0x0472, 0x0472, 0x0472, 0x0472, 0x0472, 0x0472, 0x0472, 0x0472, 0x0472, 0x0472, 0x0472, 0x0472, 0x0472,
        0x0472, 0x0472, 0x0472, 0x0472, 0x0472, 0x0472, 0x0472, 0x0472, 0x0472, 0x0472, 0x0472, 0x0472, 0x0472, 0x0472, 0x0472, 0x0472,
        0x0460, 0x0460, 0x0460, 0x0460, 0x0460, 0x0460, 0x0460, 0x0460, 0x0460, 0x0460, 0x0460, 0x0460, 0x88B2, 0x08B2, 0x08B2, 0x88B2,
        0x08B2, 0x08B2, 0x08B2, 0x08B2, 0x08B2, 0x08B2, 0x08B2, 0x08B2, 0x88B2, 0x88B2, 0x88B2, 0x88B2, 0x88B2, 0x88B2, 0x88B2, 0x88B2,
        0x08B2, 0x08B2, 0x08B2, 0x08B2, 0x08B2, 0x08B2, 0x88B2, 0x08B2, 0x08B2, 0x08B2, 0x08B2, 0x08B2, 0x08B2, 0x08B2, 0x08B2, 0x08B2,
        0x88B2, 0x88B2, 0x88B2, 0x88B2, 0x88B2, 0x88B2, 0x88B2, 0x88B2, 0x88B2, 0x88B2, 0x08B2, 0x0460, 0x88B2, 0x88B2, 0x88B2, 0x08B2,
        0x08B2, 0x08B2, 0x08B2, 0x08B2, 0x08B2, 0x08B2, 0x0460, 0x08B2, 0x08B2, 0x08B2, 0x08B2, 0x08B2, 0x08B2, 0x08B2, 0x08B2, 0x08B2,
        0x08B2, 0x08B2, 0x08B2, 0x08B2, 0x08B2, 0x08B2, 0x08B2, 0x08B2, 0x08B2, 0x08B2, 0x08B2, 0x08B2, 0x08B2, 0x08B2, 0x08B2, 0x08B2,
        0x08B2, 0x08B2, 0x08B2, 0x08B2, 0x08B2, 0x08B2, 0x08B2, 0x08B2, 0x08B2, 0x08B2, 0x08B2, 0x08B2, 0x08B2, 0x08B2, 0x08B2, 0x08B2,
        0x08B2, 0x08B2, 0x08B2, 0x08B2, 0x08B2, 0x08B2, 0x08B2, 0x88B2, 0x08B2, 0x08B2, 0x08B2, 0x08B2, 0x08B2, 0x08B2, 0x08B2, 0x08B2,
        0x08B2, 0x08B2, 0x08B2, 0x08B2, 0x08B2, 0x08B2, 0x08B2, 0x08B2, 0x08B2, 0x08B2, 0x08B2, 0x08B2, 0x08B2, 0x08B2, 0x08B2, 0x08B2,
        0x08B2, 0x08B2, 0x08B2, 0x08B2, 0x08B2, 0x08B2, 0x08B2, 0x08B2, 0x08B2, 0x08B2, 0x08B2, 0x08B2, 0x08B2, 0x08B2, 0x08B2, 0x08B2,
        0x08B2, 0x08B2, 0x08B2, 0x08B2, 0x08B2, 0x08B2, 0x08B2, 0x08B2, 0x08B2, 0x08B2, 0x08B2, 0x08B2, 0x08B2, 0x08B2, 0x08B2, 0x08B2,
        0x08B2, 0x08B2, 0x08B2, 0x08B2, 0x08B2, 0x88B2, 0x88B2, 0x08B2, 0x88B2, 0x88B2, 0x08B2, 0x88B2, 0x08B2, 0x08B2, 0x08B2, 0x08B2,
        0x08B2, 0x08B2, 0x08B2, 0x08B2, 0x08B2, 0x08B2, 0x08B2, 0x08B2, 0x08B2, 0x08B2, 0x08B2, 0x08B2, 0x08B2, 0x88B2, 0x88B2, 0x88B2,
        0x08B2, 0x88B2, 0x88B2, 0x88B2, 0x88B2, 0x88B2, 0x88B2, 0x88B2, 0x88B2, 0x88B2, 0x88B2, 0x88B2, 0x88B2, 0x88B2, 0x08B2, 0x08B2,
        0x08B2, 0x08B2, 0x08B2, 0x08B2, 0x08B2, 0x08B2, 0x08B2, 0x08B2, 0x08B2, 0x08B2, 0x08B2, 0x08B2, 0x08B2, 0x08B2, 0x08B2, 0x08B2,
        0x08B2, 0x08B2, 0x08B2, 0x08B2, 0x08B2, 0x08B2, 0x08B2, 0x08B2, 0x08B2, 0x08B2, 0x08B2, 0x08B2, 0x08B2, 0x08B2, 0x08B2, 0x08B2,
        0x0460, 0x0460, 0x0460, 0x0460, 0x0460, 0x0460, 0x0460, 0x0460, 0x0460, 0x0460, 0x0460, 0x0460, 0x0460, 0x0460, 0x0460, 0x0460,
        0x0460, 0x0460, 0x0460, 0x0460, 0x0460, 0x0460, 0x0460, 0x0460, 0x0460, 0x0460, 0x0460, 0x0460, 0x0460, 0x0460, 0x0460, 0x0460,
        0x0460, 0x0460, 0x0460, 0x0460, 0x0460, 0x0460, 0x0460, 0x0460, 0x0460, 0x0460, 0x0460, 0x0460, 0x0460, 0x0460, 0x0460, 0x0460,
        0x0460, 0x0460, 0x0460, 0x0460, 0x0460, 0x0460, 0x0460, 0x0460, 0x0460, 0x0460, 0x0460, 0x0460, 0x0460, 0x0460, 0x0460, 0x0460,
        0x0460, 0x0460, 0x0460, 0x0460, 0x0460, 0x0460, 0x0460, 0x0460, 0x0460, 0x0460, 0x0460, 0x0460, 0x0460, 0x0460, 0x0460, 0x0460,
        0x0460, 0x0460, 0x0460, 0x0460, 0x0460, 0x0460, 0x0460, 0x0460, 0x0472, 0x0472, 0x0472, 0x0472, 0x0472, 0x0472, 0x0472, 0x0472,
        0x0460, 0x0460, 0x0460, 0x0460, 0x0460, 0x0460, 0x0460, 0x0460, 0x0460, 0x0460, 0x0460, 0x0460, 0x0460, 0x0460, 0x0472, 0x0472,
        0x08B2, 0x08B2, 0x08B2, 0x08B2, 0x08B2, 0x08B2, 0x08B2, 0x08B2, 0x08B2, 0x08B2, 0x08B2, 0x08B2, 0x08B2, 0x0472, 0x0472, 0x0472,
        0x08B2, 0x08B2, 0x08B2, 0x08B2, 0x08B2, 0x08B2, 0x08B2, 0x08B2, 0x08B2, 0x08B2, 0x08B2, 0x08B2, 0x08B2, 0x08B2, 0x08B2, 0x08B2,
        0x08B2, 0x08B2, 0x08B2, 0x08B2, 0x08B2, 0x08B2, 0x08B2, 0x08B2, 0x08B2, 0x08B2, 0x08B2, 0x08B2, 0x08B2, 0x08B2, 0x08B2, 0x08B2,
        0x08B2, 0x08B2, 0x08B2, 0x08B2, 0x08B2, 0x08B2, 0x08B2, 0x08B2, 0x08B2, 0x08B2, 0x08B2, 0x08B2, 0x08B2, 0x08B2, 0x08B2, 0x08B2,
        0x08B2, 0x08B2, 0x08B2, 0x08B2, 0x08B2, 0x08B2, 0x08B2, 0x08B2, 0x08B2, 0x08B2, 0x08B2, 0x08B2, 0x08B2, 0x08B2, 0x08B2, 0x08B2,
        0x08B2, 0x08B2, 0x08B2, 0x88B2, 0x88B2, 0x88B2, 0x08B2, 0x0472, 0x08B2, 0x0472, 0x0472, 0x0472, 0x08B2, 0x08B2, 0x08B2, 0x08B2,
        0x08B2, 0x08B2, 0x08B2, 0x08B2, 0x08B2, 0x08B2, 0x08B2, 0x08B2, 0x08B2, 0x08B2, 0x08B2, 0x08B2, 0x08B2, 0x08B2, 0x0472, 0x08B2,
        0x08B2, 0x08B2, 0x08B2, 0x08B2, 0x08B2, 0x08B2, 0x08B2, 0x08B2, 0x08B2, 0x08B2, 0x08B2, 0x08B2, 0x0472, 0x0472, 0x0472, 0x08B2,
        0x88B2, 0x88B2, 0x88B2, 0x88B2, 0x88B2, 0x88B2, 0x88B2, 0x88B2, 0x88B2, 0x88B2, 0x88B2, 0x0472, 0x0472, 0x0472, 0x0472, 0x0472,
        0x0472, 0x0472, 0x0472, 0x0472, 0x0472, 0x0472, 0x0472, 0x0472, 0x0472, 0x0472, 0x0472, 0x0472, 0x0472, 0x0472, 0x0472, 0x0472,
        0x0472, 0x0472, 0x0472, 0x0472, 0x0472, 0x0472, 0x0472, 0x0472, 0x0472, 0x0472, 0x0472, 0x0472, 0x0472, 0x0472, 0x0472, 0x0472,
        0x0472, 0x0472, 0x0472, 0x0472, 0x0472, 0x0472, 0x0472, 0x0472, 0x0472, 0x0472, 0x0472, 0x0472, 0x0472, 0x0472, 0x0472, 0x0472,
        0x0472, 0x0472, 0x0472, 0x0472, 0x0472, 0x0472, 0x0472, 0x0472, 0x0472, 0x0472, 0x0472, 0x0472, 0x0472, 0x0472, 0x0472, 0x0472,
        0x0472, 0x0472, 0x0472, 0x0472, 0x0472, 0x0472, 0x0472, 0x0472, 0x0472, 0x0472, 0x0472, 0x0472, 0x0472, 0x0472, 0x0472, 0x0472,
        0x0472, 0x0472, 0x0472, 0x0472, 0x0472, 0x0472, 0x0472, 0x0472, 0x0472, 0x0472, 0x0472, 0x0472, 0x0472, 0x0472, 0x0472, 0x0472,
        0x0472, 0x0472, 0x0472, 0x0472, 0x0472, 0x0472, 0x0472, 0x0472, 0x0472, 0x0472, 0x0472, 0x0472, 0x0472, 0x0472, 0x0472, 0x0472,
        0x0472, 0x0472, 0x0472, 0x0472, 0x0472, 0x0472, 0x0472, 0x0472, 0x0472, 0x0472, 0x0472, 0x0472, 0x0472, 0x0472, 0x0472, 0x0472,
        0x0472, 0x0472, 0x0472, 0x0472, 0x0472, 0x0472, 0x0472, 0x0472, 0x0472, 0x0472, 0x0472, 0x0472, 0x0472, 0x0472, 0x0472, 0x0472,
        0x0472, 0x0472, 0x0472, 0x0472, 0x0472, 0x0472, 0x0472, 0x0472, 0x0472, 0x0472, 0x0472, 0x0472, 0x0472, 0x0472, 0x0472, 0x0472,
        0x0472, 0x0472, 0x0472, 0x0472, 0x0472, 0x0472, 0x0472, 0x0472, 0x0472, 0x0472, 0x0472, 0x0472, 0x0472, 0x0472, 0x0472, 0x0472,
        0x0472, 0x0472, 0x0472, 0x0472, 0x0472, 0x0472, 0x0472, 0x0472, 0x0472, 0x0472, 0x0472, 0x0472, 0x0472, 0x0472, 0x0472, 0x0472,
        0x0472, 0x0472, 0x0472, 0x0472, 0x0472, 0x0472, 0x0472, 0x0472, 0x0472, 0x0472, 0x0472, 0x0472, 0x0472, 0x0472, 0x0472, 0x0472,
        0x0472, 0x0472, 0x0472, 0x0472, 0x0472, 0x0472, 0x0472, 0x0472, 0x0472, 0x0472, 0x0472, 0x0472, 0x0472, 0x0472, 0x0472, 0x0472,
        0x0472, 0x0472, 0x0472, 0x0472, 0x0472, 0x0472, 0x0472, 0x0472, 0x0472, 0x0472, 0x0472, 0x0472, 0x0472, 0x0472, 0x0472, 0x0472,
        0x0472, 0x0472, 0x0472, 0x0472, 0x0472, 0x0472, 0x0472, 0x0472, 0x0472, 0x0472, 0x0472, 0x0472, 0x0472, 0x0472, 0x0472, 0x0472,
        0x0472, 0x0472, 0x0472, 0x0472, 0x0472, 0x0472, 0x0472, 0x0472, 0x0472, 0x0472, 0x0472, 0x0472, 0x0472, 0x0472, 0x0472, 0x0472,
        0x0472, 0x0472, 0x0472, 0x0472, 0x0472, 0x0472, 0x0472, 0x0472, 0x0472, 0x0472, 0x0472, 0x0472, 0x0472, 0x0472, 0x0472, 0x0472,
        0x0472, 0x0472, 0x0472, 0x0472, 0x0472, 0x0472, 0x0472, 0x0472, 0x0472, 0x0472, 0x0472, 0x0472, 0x0472, 0x0472, 0x0472, 0x0472,
        0x0472, 0x0472, 0x0472, 0x0472, 0x0472, 0x0472, 0x0472, 0x0472, 0x0472, 0x0472, 0x0472, 0x0472, 0x0472, 0x0472, 0x0472, 0x0472,
        0x0472, 0x0472, 0x0472, 0x0472, 0x0472, 0x0472, 0x0472, 0x0472, 0x0472, 0x0472, 0x0472, 0x0472, 0x0472, 0x0472, 0x0472, 0x0472,
        0x0472, 0x0472, 0x0472, 0x0472, 0x0472, 0x0472, 0x0472, 0x0472, 0x0472, 0x0472, 0x0472, 0x0472, 0x0472, 0x0472, 0x0472, 0x0472,
        0x0472, 0x0472, 0x0472, 0x0472, 0x0472, 0x0472, 0x0472, 0x0472, 0x0472, 0x0472, 0x0472, 0x0472, 0x0472, 0x0472, 0x0472, 0x0472,
        0x0472, 0x0472, 0x0472, 0x0472, 0x0472, 0x0472, 0x0472, 0x0472, 0x0472, 0x0472, 0x0472, 0x0472, 0x0472, 0x0472, 0x0472, 0x0472,
        0x0472, 0x0472, 0x0472, 0x0472, 0x0472, 0x0472, 0x0472, 0x0472, 0x0472, 0x0472, 0x0472, 0x0472, 0x0472, 0x0472, 0x0472, 0x0472,
        0x0472, 0x0472, 0x0472, 0x0472, 0x0472, 0x0472, 0x0472, 0x0472, 0x0472, 0x0472, 0x0472, 0x0472, 0x0472, 0x0472, 0x0472, 0x0472,
        0x0472, 0x0472, 0x0472, 0x0472, 0x0472, 0x0472, 0x0472, 0x0472, 0x0472, 0x0472, 0x0472, 0x0472, 0x0472, 0x0472, 0x0472, 0x0472,
        0x0472, 0x0472, 0x0472, 0x0472, 0x0472, 0x0472, 0x0472, 0x0472, 0x0472, 0x0472, 0x0472, 0x0472, 0x0472, 0x0472, 0x0472, 0x0472,
        0x0472, 0x0472, 0x0472, 0x0472, 0x0472, 0x0472, 0x0472, 0x0472, 0x0472, 0x0472, 0x0472, 0x0472, 0x0472, 0x0472, 0x0472, 0x0472,
        0x0472, 0x0472, 0x0472, 0x0472, 0x0472, 0x0472, 0x0472, 0x0472, 0x0472, 0x0472, 0x0472, 0x0472, 0x0472, 0x0472, 0x0472, 0x0472,
        0x0472, 0x0472, 0x0472, 0x0472, 0x0472, 0x0472, 0x0472, 0x0472, 0x0472, 0x0472, 0x0472, 0x0472, 0x0472, 0x0472, 0x0472, 0x0472,
        0x0472, 0x0472, 0x0472, 0x0472, 0x0472, 0x0472, 0x0472, 0x0472, 0x0472, 0x0472, 0x0472, 0x0472, 0x0472, 0x0472, 0x0460, 0x0460,
        0x08A0, 0x08A0, 0x08A0, 0x08A0, 0x08A0, 0x08A0, 0x08A0, 0x08A0, 0x08A0, 0x08A0, 0x08A0, 0x08A0, 0x08A0, 0x08A0, 0x08A0, 0x08A0,
        0x08A0, 0x08A0, 0x08A0, 0x08A0, 0x08A0, 0x08A0, 0x08A0, 0x08A0, 0x08A0, 0x08A0, 0x08A0, 0x08A0, 0x08A0, 0x08A0, 0x08A0, 0x08A0,
        0x08A0, 0x08A0, 0x08A0, 0x08A0, 0x08A0, 0x08A0, 0x08A0, 0x08A0, 0x08A0, 0x08A0, 0x08A0, 0x08A0, 0x08A0, 0x08A0, 0x08A0, 0x08A0,
        0x08A0, 0x08A0, 0x08A0, 0x08A0, 0x08A0, 0x08A0, 0x08A0, 0x08A0, 0x08A0, 0x08A0, 0x08A0, 0x08A0, 0x08A0, 0x08A0, 0x08A0, 0x08A0,
        0x08A0, 0x08A0, 0x08A0, 0x08A0, 0x08A0, 0x08A0, 0x08A0, 0x08A0, 0x08A0, 0x08A0, 0x08A0, 0x08A0, 0x08A0, 0x08A0, 0x08A0, 0x08A0,
        0x08A0, 0x08A0, 0x08A0, 0x08A0, 0x08A0, 0x08A0, 0x08A0, 0x08A0, 0x08A0, 0x08A0, 0x08A0, 0x08A0, 0x08A0, 0x08A0, 0x08A0, 0x08A0,
        0x08A0, 0x08A0, 0x08A0, 0x08A0, 0x08A0, 0x08A0, 0x08A0, 0x08A0, 0x08A0, 0x08A0, 0x08A0, 0x08A0, 0x08A0, 0x08A0, 0x08A0, 0x08A0,
        0x08A0, 0x08A0, 0x08A0, 0x08A0, 0x08A0, 0x08A0, 0x08A0, 0x08A0, 0x08A0, 0x08A0, 0x08A0, 0x08A0, 0x08A0, 0x08A0, 0x08A0, 0x08A0,
        0x08A0, 0x08A0, 0x08A0, 0x08A0, 0x08A0, 0x08A0, 0x08A0, 0x08A0, 0x08A0, 0x08A0, 0x08A0, 0x08A0, 0x08A0, 0x08A0, 0x08A0, 0x08A0,
        0x08A0, 0x08A0, 0x08A0, 0x08A0, 0x08A0, 0x08A0, 0x08A0, 0x08A0, 0x08A0, 0x08A0, 0x08A0, 0x08A0, 0x08A0, 0x08A0, 0x08A0, 0x08A0,
        0x08A0, 0x08A0, 0x08A0, 0x08A0, 0x08A0, 0x08A0, 0x08A0, 0x08A0, 0x08A0, 0x08A0, 0x08A0, 0x08A0, 0x08A0, 0x08A0, 0x08A0, 0x08A0,
        0x08A0, 0x08A0, 0x08A0, 0x08A0, 0x08A0, 0x08A0, 0x08A0, 0x08A0, 0x08A0, 0x08A0, 0x08A0, 0x08A0, 0x08A0, 0x08A0, 0x08A0, 0x08A0,
        0x08A0, 0x08A0, 0x08A0, 0x08A0, 0x08A0, 0x08A0, 0x08A0, 0x08A0, 0x08A0, 0x08A0, 0x08A0, 0x08A0, 0x08A0, 0x08A0, 0x08A0, 0x08A0,
        0x08A0, 0x08A0, 0x08A0, 0x08A0, 0x08A0, 0x08A0, 0x08A0, 0x08A0, 0x08A0, 0x08A0, 0x08A0, 0x08A0, 0x08A0, 0x08A0, 0x08A0, 0x08A0,
        0x08A0, 0x08A0, 0x08A0, 0x08A0, 0x08A0, 0x08A0, 0x08A0, 0x08A0, 0x08A0, 0x08A0, 0x08A0, 0x08A0, 0x08A0, 0x08A0, 0x08A0, 0x08A0,
        0x08A0, 0x08A0, 0x08A0, 0x08A0, 0x08A0, 0x08A0, 0x08A0, 0x08A0, 0x08A0, 0x08A0, 0x08A0, 0x08A0, 0x08A0, 0x08A0, 0x0460, 0x0460,
        0x1061, 0x1061, 0x1061, 0x1061, 0x1061, 0x1061, 0x1061, 0x1061, 0x1061, 0x1061, 0x1061, 0x1061, 0x1061, 0x1061, 0x1061, 0x1061,
        0x1061, 0x1061, 0x1061, 0x1061, 0x1061, 0x1061, 0x1061, 0x1061, 0x1061, 0x1061, 0x1061, 0x1061, 0x1061, 0x1061, 0x1061, 0x1061,
        0x1366, 0x1366, 0x1366, 0x1366, 0x1366, 0x1366, 0x1366, 0x1366, 0x1366, 0x1366, 0x1366, 0x1366, 0x1366, 0x1366, 0x1366, 0x1366,
        0x1366, 0x1366, 0x1366, 0x1366, 0x1366, 0x1366, 0x1366, 0x1366, 0x1366, 0x1366, 0x1366, 0x1366, 0x1366, 0x1366, 0x1366, 0x1366,
        0x1366, 0x1366, 0x1366, 0x1366, 0x1366, 0x1366, 0x1366, 0x1366, 0x1366, 0x1366, 0x1366, 0x1366, 0x1366, 0x1366, 0x1366, 0x1366,
        0x1366, 0x1366, 0x1366, 0x1366, 0x1366, 0x1366, 0x1366, 0x1366, 0x1366, 0x1366, 0x1366, 0x1366, 0x1366, 0x1366, 0x1366, 0x1366,
        0x1366, 0x1366, 0x1366, 0x1366, 0x1366, 0x1366, 0x1366, 0x1366, 0x1366, 0x1366, 0x1366, 0x1366, 0x1366, 0x1366, 0x1366, 0x1366,
        0x1366, 0x1366, 0x1366, 0x1366, 0x1366, 0x1366, 0x1366, 0x1366, 0x1366, 0x1366, 0x1366, 0x1366, 0x1366, 0x1366, 0x1366, 0x1366,
        0x1061, 0x1061, 0x1061, 0x1061, 0x1061, 0x1061, 0x1061, 0x1061, 0x1061, 0x1061, 0x1061, 0x1061, 0x1061, 0x1061, 0x1061, 0x1061,
        0x1061, 0x1061, 0x1061, 0x1061, 0x1061, 0x1061, 0x1061, 0x1061, 0x1061, 0x1061, 0x1061, 0x1061, 0x1061, 0x1061, 0x1061, 0x1061,
        0x1061, 0x1061, 0x1061, 0x1061, 0x1061, 0x1061, 0x1061, 0x1061, 0x1061, 0x1061, 0x1061, 0x1061, 0x1061, 0x1061, 0x1061, 0x1061,
        0x1061, 0x1061, 0x1061, 0x1061, 0x1061, 0x1061, 0x1061, 0x1061, 0x1061, 0x1061, 0x1061, 0x1061, 0x1061, 0x1061, 0x1061, 0x1061,
        0x1061, 0x1061, 0x1061, 0x1061, 0x1061, 0x1061, 0x1061, 0x1061, 0x1061, 0x1061, 0x1061, 0x1061, 0x1061, 0x1061, 0x1061, 0x1061,
        0x1061, 0x1061, 0x1061, 0x1061, 0x1061, 0x1061, 0x1061, 0x1061, 0x1061, 0x1061, 0x1061, 0x1061, 0x1061, 0x1061, 0x1061, 0x1061,
        0x1061, 0x1061, 0x1061, 0x1061, 0x1061, 0x1061, 0x1061, 0x1061, 0x1061, 0x1061, 0x1061, 0x1061, 0x1061, 0x1061, 0x1061, 0x1061,
        0x1061, 0x1061, 0x1061, 0x1061, 0x1061, 0x1061, 0x1061, 0x1061, 0x1061, 0x1061, 0x1061, 0x1061, 0x1061, 0x1061, 0x1061, 0x1061,
        0x1306, 0x1306, 0x1306, 0x1306, 0x1306, 0x1306, 0x1306, 0x1306, 0x1306, 0x1306, 0x1306, 0x1306, 0x1306, 0x1306, 0x1306, 0x1306,
        0x1306, 0x1306, 0x1306, 0x1306, 0x1306, 0x1306, 0x1306, 0x1306, 0x1306, 0x1306, 0x1306, 0x1306, 0x1306, 0x1306, 0x1306, 0x1306,
        0x1306, 0x1306, 0x1306, 0x1306, 0x1306, 0x1306, 0x1306, 0x1306, 0x1306, 0x1306, 0x1306, 0x1306, 0x1306, 0x1306, 0x1306, 0x1306,
        0x1306, 0x1306, 0x1306, 0x1306, 0x1306, 0x1306, 0x1306, 0x1306, 0x1306, 0x1306, 0x1306, 0x1306, 0x1306, 0x1306, 0x1306, 0x1306,
        0x1306, 0x1306, 0x1306, 0x1306, 0x1306, 0x1306, 0x1306, 0x1306, 0x1306, 0x1306, 0x1306, 0x1306, 0x1306, 0x1306, 0x1306, 0x1306,
        0x1306, 0x1306, 0x1306, 0x1306, 0x1306, 0x1306, 0x1306, 0x1306, 0x1306, 0x1306, 0x1306, 0x1306, 0x1306, 0x1306, 0x1306, 0x1306,
        0x1306, 0x1306, 0x1306, 0x1306, 0x1306, 0x1306, 0x1306, 0x1306, 0x1306, 0x1306, 0x1306, 0x1306, 0x1306, 0x1306, 0x1306, 0x1306,
        0x1306, 0x1306, 0x1306, 0x1306, 0x1306, 0x1306, 0x1306, 0x1306, 0x1306, 0x1306, 0x1306, 0x1306, 0x1306, 0x1306, 0x1306, 0x1306,
        0x1306, 0x1306, 0x1306, 0x1306, 0x1306, 0x1306, 0x1306, 0x1306, 0x1306, 0x1306, 0x1306, 0x1306, 0x1306, 0x1306, 0x1306, 0x1306,
        0x1306, 0x1306, 0x1306, 0x1306, 0x1306, 0x1306, 0x1306, 0x1306, 0x1306, 0x1306, 0x1306, 0x1306, 0x1306, 0x1306, 0x1306, 0x1306,
        0x1306, 0x1306, 0x1306, 0x1306, 0x1306, 0x1306, 0x1306, 0x1306, 0x1306, 0x1306, 0x1306, 0x1306, 0x1306, 0x1306, 0x1306, 0x1306,
        0x1306, 0x1306, 0x1306, 0x1306, 0x1306, 0x1306, 0x1306, 0x1306, 0x1306, 0x1306, 0x1306, 0x1306, 0x1306, 0x1306, 0x1306, 0x1306,
        0x1306, 0x1306, 0x1306, 0x1306, 0x1306, 0x1306, 0x1306, 0x1306, 0x1306, 0x1306, 0x1306, 0x1306, 0x1306, 0x1306, 0x1306, 0x1306,
        0x1306, 0x1306, 0x1306, 0x1306, 0x1306, 0x1306, 0x1306, 0x1306, 0x1306, 0x1306, 0x1306, 0x1306, 0x1306, 0x1306, 0x1306, 0x1306,
        0x1306, 0x1306, 0x1306, 0x1306, 0x1306, 0x1306, 0x1306, 0x1306, 0x1306, 0x1306, 0x1306, 0x1306, 0x1306, 0x1306, 0x1306, 0x1306,
        0x1061, 0x1061, 0x1061, 0x1061, 0x1061, 0x1061, 0x1061, 0x1061, 0x1061, 0x1061, 0x1061, 0x1061, 0x1061, 0x1061, 0x1061, 0x1061,
        0x1061, 0x1061, 0x1061, 0x1061, 0x1061, 0x1061, 0x1061, 0x1061, 0x1061, 0x1061, 0x1061, 0x1061, 0x1061, 0x1061, 0x1061, 0x1061,
        0x1061, 0x1061, 0x1061, 0x1061, 0x1061, 0x1061, 0x1061, 0x1061, 0x1061, 0x1061, 0x1061, 0x1061, 0x1061, 0x1061, 0x1061, 0x1061,
        0x1061, 0x1061, 0x1061, 0x1061, 0x1061, 0x1061, 0x1061, 0x1061, 0x1061, 0x1061, 0x1061, 0x1061, 0x1061, 0x1061, 0x1061, 0x1061,
        0x1061, 0x1061, 0x1061, 0x1061, 0x1061, 0x1061, 0x1061, 0x1061, 0x1061, 0x1061, 0x1061, 0x1061, 0x1061, 0x1061, 0x1061, 0x1061,
        0x1061, 0x1061, 0x1061, 0x1061, 0x1061, 0x1061, 0x1061, 0x1061, 0x1061, 0x1061, 0x1061, 0x1061, 0x1061, 0x1061, 0x1061, 0x1061,
        0x1061, 0x1061, 0x1061, 0x1061, 0x1061, 0x1061, 0x1061, 0x1061, 0x1061, 0x1061, 0x1061, 0x1061, 0x1061, 0x1061, 0x1061, 0x1061,
        0x1061, 0x1061, 0x1061, 0x1061, 0x1061, 0x1061, 0x1061, 0x1061, 0x1061, 0x1061, 0x1061, 0x1061, 0x1061, 0x1061, 0x1061, 0x1061,
        0x1061, 0x1061, 0x1061, 0x1061, 0x1061, 0x1061, 0x1061, 0x1061, 0x1061, 0x1061, 0x1061, 0x1061, 0x1061, 0x1061, 0x1061, 0x1061,
        0x1061, 0x1061, 0x1061, 0x1061, 0x1061, 0x1061, 0x1061, 0x1061, 0x1061, 0x1061, 0x1061, 0x1061, 0x1061, 0x1061, 0x1061, 0x1061,
        0x1061, 0x1061, 0x1061, 0x1061, 0x1061, 0x1061, 0x1061, 0x1061, 0x1061, 0x1061, 0x1061, 0x1061, 0x1061, 0x1061, 0x1061, 0x1061,
        0x1061, 0x1061, 0x1061, 0x1061, 0x1061, 0x1061, 0x1061, 0x1061, 0x1061, 0x1061, 0x1061, 0x1061, 0x1061, 0x1061, 0x1061, 0x1061,
        0x1061, 0x1061, 0x1061, 0x1061, 0x1061, 0x1061, 0x1061, 0x1061, 0x1061, 0x1061, 0x1061, 0x1061, 0x1061, 0x1061, 0x1061, 0x1061,
        0x1061, 0x1061, 0x1061, 0x1061, 0x1061, 0x1061, 0x1061, 0x1061, 0x1061, 0x1061, 0x1061, 0x1061, 0x1061, 0x1061, 0x1061, 0x1061,
        0x1061, 0x1061, 0x1061, 0x1061, 0x1061, 0x1061, 0x1061, 0x1061, 0x1061, 0x1061, 0x1061, 0x1061, 0x1061, 0x1061, 0x1061, 0x1061,
        0x1061, 0x1061, 0x1061, 0x1061, 0x1061, 0x1061, 0x1061, 0x1061, 0x1061, 0x1061, 0x1061, 0x1061, 0x1061, 0x1061, 0x1061, 0x1061,
        0x1061, 0x1061, 0x1061, 0x1061, 0x1061, 0x1061, 0x1061, 0x1061, 0x1061, 0x1061, 0x1061, 0x1061, 0x1061, 0x1061, 0x1061, 0x1061,
        0x0400, 0x0400, 0x0400, 0x0400, 0x0400, 0x0400, 0x0400, 0x0400, 0x0400, 0x0400, 0x0400, 0x0400, 0x0400, 0x0400, 0x0400, 0x0400,
        0x0400, 0x0400, 0x0400, 0x0400, 0x0400, 0x0400, 0x0400, 0x0400, 0x0400, 0x0400, 0x0400, 0x0400, 0x0400, 0x0400, 0x0400, 0x0400,
        0x0400, 0x0400, 0x0400, 0x0400, 0x0400, 0x0400, 0x0400, 0x0400, 0x0400, 0x0400, 0x0400, 0x0400, 0x0400, 0x0400, 0x0400, 0x0400,
        0x0400, 0x0400, 0x0400, 0x0400, 0x0400, 0x0400, 0x0400, 0x0400, 0x0400, 0x0400, 0x0400, 0x0400, 0x0400, 0x0400, 0x0400, 0x0400,
        0x0400, 0x0400, 0x0400, 0x0400, 0x0400, 0x0400, 0x0400, 0x0400, 0x0400, 0x0400, 0x0400, 0x0400, 0x0400, 0x0400, 0x0400, 0x0400,
        0x0400, 0x0400, 0x0400, 0x0400, 0x0400, 0x0400, 0x0400, 0x0400, 0x0400, 0x0400, 0x0400, 0x0400, 0x0400, 0x0400, 0x0400, 0x0400,
        0x0400, 0x0400, 0x0400, 0x0400, 0x0400, 0x0400, 0x0400, 0x0400, 0x0400, 0x0400, 0x0400, 0x0400, 0x0400, 0x0400, 0x0400, 0x0400,
        0x0400, 0x0400, 0x0400, 0x0400, 0x0400, 0x0400, 0x0400, 0x0400, 0x0400, 0x0400, 0x0400, 0x0400, 0x0400, 0x0400, 0x0400, 0x0400,
        0x0400, 0x0400, 0x0400, 0x0400, 0x0400, 0x0400, 0x0400, 0x0400, 0x0400, 0x0400, 0x0400, 0x0400, 0x0400, 0x0400, 0x0400, 0x0400,
        0x0400, 0x0400, 0x0400, 0x0400, 0x0400, 0x0400, 0x0400, 0x0400, 0x0400, 0x0400, 0x0400, 0x0400, 0x0400, 0x0400, 0x0400, 0x0400,
        0x0400, 0x0400, 0x0400, 0x0400, 0x0400, 0x0400, 0x0400, 0x0400, 0x0400, 0x0400, 0x0400, 0x0400, 0x0400, 0x0400, 0x0400, 0x0400,
        0x0400, 0x0400, 0x0400, 0x0400, 0x0400, 0x0400, 0x0400, 0x0400, 0x0400, 0x0400, 0x0400, 0x0400, 0x0400, 0x0400, 0x0400, 0x0400,
        0x0400, 0x0400, 0x0400, 0x0400, 0x0400, 0x0400, 0x0400, 0x0400, 0x0400, 0x0400, 0x0400, 0x0400, 0x0400, 0x0400, 0x0400, 0x0400,
        0x0400, 0x0400, 0x0400, 0x0400, 0x0400, 0x0400, 0x0400, 0x0400, 0x0400, 0x0400, 0x0400, 0x0400, 0x0400, 0x0400, 0x0400, 0x0400,
        0x0400, 0x0400, 0x0400, 0x0400, 0x0400, 0x0400, 0x0400, 0x0400, 0x0400, 0x0400, 0x0400, 0x0400, 0x0400, 0x0400, 0x0400, 0x0400,
        0x0400, 0x0400, 0x0400, 0x0400, 0x0400, 0x0400, 0x0400, 0x0400, 0x0400, 0x0400, 0x0400, 0x0400, 0x0400, 0x0400, 0x0460, 0x0460,
    ];
}
